[2025-06-04 03:06:10] production.INFO: Request Origin:   
[2025-06-04 03:06:10] production.ERROR: No application encryption key has been specified. {"exception":"[object] (Illuminate\\Encryption\\MissingAppKeyException(code: 0): No application encryption key has been specified. at /home/winston/Documents/projects/laravel-article-cms-Rest-API/vendor/laravel/framework/src/Illuminate/Encryption/EncryptionServiceProvider.php:83)
[stacktrace]
#0 /home/winston/Documents/projects/laravel-article-cms-Rest-API/vendor/laravel/framework/src/Illuminate/Support/helpers.php(399): Illuminate\\Encryption\\EncryptionServiceProvider->{closure:Illuminate\\Encryption\\EncryptionServiceProvider::key():81}()
#1 /home/winston/Documents/projects/laravel-article-cms-Rest-API/vendor/laravel/framework/src/Illuminate/Encryption/EncryptionServiceProvider.php(81): tap()
#2 /home/winston/Documents/projects/laravel-article-cms-Rest-API/vendor/laravel/framework/src/Illuminate/Encryption/EncryptionServiceProvider.php(64): Illuminate\\Encryption\\EncryptionServiceProvider->key()
#3 /home/winston/Documents/projects/laravel-article-cms-Rest-API/vendor/laravel/framework/src/Illuminate/Encryption/EncryptionServiceProvider.php(32): Illuminate\\Encryption\\EncryptionServiceProvider->parseKey()
#4 /home/winston/Documents/projects/laravel-article-cms-Rest-API/vendor/laravel/framework/src/Illuminate/Container/Container.php(952): Illuminate\\Encryption\\EncryptionServiceProvider->{closure:Illuminate\\Encryption\\EncryptionServiceProvider::registerEncrypter():29}()
#5 /home/winston/Documents/projects/laravel-article-cms-Rest-API/vendor/laravel/framework/src/Illuminate/Container/Container.php(832): Illuminate\\Container\\Container->build()
#6 /home/winston/Documents/projects/laravel-article-cms-Rest-API/vendor/laravel/framework/src/Illuminate/Foundation/Application.php(1078): Illuminate\\Container\\Container->resolve()
#7 /home/winston/Documents/projects/laravel-article-cms-Rest-API/vendor/laravel/framework/src/Illuminate/Container/Container.php(763): Illuminate\\Foundation\\Application->resolve()
#8 /home/winston/Documents/projects/laravel-article-cms-Rest-API/vendor/laravel/framework/src/Illuminate/Foundation/Application.php(1058): Illuminate\\Container\\Container->make()
#9 /home/winston/Documents/projects/laravel-article-cms-Rest-API/vendor/laravel/framework/src/Illuminate/Container/Container.php(1133): Illuminate\\Foundation\\Application->make()
#10 /home/winston/Documents/projects/laravel-article-cms-Rest-API/vendor/laravel/framework/src/Illuminate/Container/Container.php(1043): Illuminate\\Container\\Container->resolveClass()
#11 /home/winston/Documents/projects/laravel-article-cms-Rest-API/vendor/laravel/framework/src/Illuminate/Container/Container.php(994): Illuminate\\Container\\Container->resolveDependencies()
#12 /home/winston/Documents/projects/laravel-article-cms-Rest-API/vendor/laravel/framework/src/Illuminate/Container/Container.php(832): Illuminate\\Container\\Container->build()
#13 /home/winston/Documents/projects/laravel-article-cms-Rest-API/vendor/laravel/framework/src/Illuminate/Foundation/Application.php(1078): Illuminate\\Container\\Container->resolve()
#14 /home/winston/Documents/projects/laravel-article-cms-Rest-API/vendor/laravel/framework/src/Illuminate/Container/Container.php(763): Illuminate\\Foundation\\Application->resolve()
#15 /home/winston/Documents/projects/laravel-article-cms-Rest-API/vendor/laravel/framework/src/Illuminate/Foundation/Application.php(1058): Illuminate\\Container\\Container->make()
#16 /home/winston/Documents/projects/laravel-article-cms-Rest-API/vendor/laravel/framework/src/Illuminate/Pipeline/Pipeline.php(198): Illuminate\\Foundation\\Application->make()
#17 /home/winston/Documents/projects/laravel-article-cms-Rest-API/vendor/laravel/framework/src/Illuminate/Pipeline/Pipeline.php(127): Illuminate\\Pipeline\\Pipeline->{closure:{closure:Illuminate\\Pipeline\\Pipeline::carry():184}:185}()
#18 /home/winston/Documents/projects/laravel-article-cms-Rest-API/vendor/laravel/framework/src/Illuminate/Routing/Router.php(807): Illuminate\\Pipeline\\Pipeline->then()
#19 /home/winston/Documents/projects/laravel-article-cms-Rest-API/vendor/laravel/framework/src/Illuminate/Routing/Router.php(786): Illuminate\\Routing\\Router->runRouteWithinStack()
#20 /home/winston/Documents/projects/laravel-article-cms-Rest-API/vendor/laravel/framework/src/Illuminate/Routing/Router.php(750): Illuminate\\Routing\\Router->runRoute()
#21 /home/winston/Documents/projects/laravel-article-cms-Rest-API/vendor/laravel/framework/src/Illuminate/Routing/Router.php(739): Illuminate\\Routing\\Router->dispatchToRoute()
#22 /home/winston/Documents/projects/laravel-article-cms-Rest-API/vendor/laravel/framework/src/Illuminate/Foundation/Http/Kernel.php(201): Illuminate\\Routing\\Router->dispatch()
#23 /home/winston/Documents/projects/laravel-article-cms-Rest-API/vendor/laravel/framework/src/Illuminate/Pipeline/Pipeline.php(170): Illuminate\\Foundation\\Http\\Kernel->{closure:Illuminate\\Foundation\\Http\\Kernel::dispatchToRouter():198}()
#24 /home/winston/Documents/projects/laravel-article-cms-Rest-API/app/Http/Middleware/CorsMiddleware.php(26): Illuminate\\Pipeline\\Pipeline->{closure:Illuminate\\Pipeline\\Pipeline::prepareDestination():168}()
#25 /home/winston/Documents/projects/laravel-article-cms-Rest-API/vendor/laravel/framework/src/Illuminate/Pipeline/Pipeline.php(209): App\\Http\\Middleware\\CorsMiddleware->handle()
#26 /home/winston/Documents/projects/laravel-article-cms-Rest-API/vendor/laravel/framework/src/Illuminate/Foundation/Http/Middleware/TransformsRequest.php(21): Illuminate\\Pipeline\\Pipeline->{closure:{closure:Illuminate\\Pipeline\\Pipeline::carry():184}:185}()
#27 /home/winston/Documents/projects/laravel-article-cms-Rest-API/vendor/laravel/framework/src/Illuminate/Foundation/Http/Middleware/ConvertEmptyStringsToNull.php(31): Illuminate\\Foundation\\Http\\Middleware\\TransformsRequest->handle()
#28 /home/winston/Documents/projects/laravel-article-cms-Rest-API/vendor/laravel/framework/src/Illuminate/Pipeline/Pipeline.php(209): Illuminate\\Foundation\\Http\\Middleware\\ConvertEmptyStringsToNull->handle()
#29 /home/winston/Documents/projects/laravel-article-cms-Rest-API/vendor/laravel/framework/src/Illuminate/Foundation/Http/Middleware/TransformsRequest.php(21): Illuminate\\Pipeline\\Pipeline->{closure:{closure:Illuminate\\Pipeline\\Pipeline::carry():184}:185}()
#30 /home/winston/Documents/projects/laravel-article-cms-Rest-API/vendor/laravel/framework/src/Illuminate/Foundation/Http/Middleware/TrimStrings.php(51): Illuminate\\Foundation\\Http\\Middleware\\TransformsRequest->handle()
#31 /home/winston/Documents/projects/laravel-article-cms-Rest-API/vendor/laravel/framework/src/Illuminate/Pipeline/Pipeline.php(209): Illuminate\\Foundation\\Http\\Middleware\\TrimStrings->handle()
#32 /home/winston/Documents/projects/laravel-article-cms-Rest-API/vendor/laravel/framework/src/Illuminate/Http/Middleware/ValidatePostSize.php(27): Illuminate\\Pipeline\\Pipeline->{closure:{closure:Illuminate\\Pipeline\\Pipeline::carry():184}:185}()
#33 /home/winston/Documents/projects/laravel-article-cms-Rest-API/vendor/laravel/framework/src/Illuminate/Pipeline/Pipeline.php(209): Illuminate\\Http\\Middleware\\ValidatePostSize->handle()
#34 /home/winston/Documents/projects/laravel-article-cms-Rest-API/vendor/laravel/framework/src/Illuminate/Foundation/Http/Middleware/PreventRequestsDuringMaintenance.php(110): Illuminate\\Pipeline\\Pipeline->{closure:{closure:Illuminate\\Pipeline\\Pipeline::carry():184}:185}()
#35 /home/winston/Documents/projects/laravel-article-cms-Rest-API/vendor/laravel/framework/src/Illuminate/Pipeline/Pipeline.php(209): Illuminate\\Foundation\\Http\\Middleware\\PreventRequestsDuringMaintenance->handle()
#36 /home/winston/Documents/projects/laravel-article-cms-Rest-API/vendor/laravel/framework/src/Illuminate/Http/Middleware/HandleCors.php(49): Illuminate\\Pipeline\\Pipeline->{closure:{closure:Illuminate\\Pipeline\\Pipeline::carry():184}:185}()
#37 /home/winston/Documents/projects/laravel-article-cms-Rest-API/vendor/laravel/framework/src/Illuminate/Pipeline/Pipeline.php(209): Illuminate\\Http\\Middleware\\HandleCors->handle()
#38 /home/winston/Documents/projects/laravel-article-cms-Rest-API/vendor/laravel/framework/src/Illuminate/Http/Middleware/TrustProxies.php(58): Illuminate\\Pipeline\\Pipeline->{closure:{closure:Illuminate\\Pipeline\\Pipeline::carry():184}:185}()
#39 /home/winston/Documents/projects/laravel-article-cms-Rest-API/vendor/laravel/framework/src/Illuminate/Pipeline/Pipeline.php(209): Illuminate\\Http\\Middleware\\TrustProxies->handle()
#40 /home/winston/Documents/projects/laravel-article-cms-Rest-API/vendor/laravel/framework/src/Illuminate/Foundation/Http/Middleware/InvokeDeferredCallbacks.php(22): Illuminate\\Pipeline\\Pipeline->{closure:{closure:Illuminate\\Pipeline\\Pipeline::carry():184}:185}()
#41 /home/winston/Documents/projects/laravel-article-cms-Rest-API/vendor/laravel/framework/src/Illuminate/Pipeline/Pipeline.php(209): Illuminate\\Foundation\\Http\\Middleware\\InvokeDeferredCallbacks->handle()
#42 /home/winston/Documents/projects/laravel-article-cms-Rest-API/vendor/laravel/framework/src/Illuminate/Pipeline/Pipeline.php(127): Illuminate\\Pipeline\\Pipeline->{closure:{closure:Illuminate\\Pipeline\\Pipeline::carry():184}:185}()
#43 /home/winston/Documents/projects/laravel-article-cms-Rest-API/vendor/laravel/framework/src/Illuminate/Foundation/Http/Kernel.php(176): Illuminate\\Pipeline\\Pipeline->then()
#44 /home/winston/Documents/projects/laravel-article-cms-Rest-API/vendor/laravel/framework/src/Illuminate/Foundation/Http/Kernel.php(145): Illuminate\\Foundation\\Http\\Kernel->sendRequestThroughRouter()
#45 /home/winston/Documents/projects/laravel-article-cms-Rest-API/public/index.php(21): Illuminate\\Foundation\\Http\\Kernel->handle()
#46 /home/winston/Documents/projects/laravel-article-cms-Rest-API/vendor/laravel/framework/src/Illuminate/Foundation/resources/server.php(23): require_once('...')
#47 {main}
"} 
[2025-06-04 03:06:10] production.ERROR: No application encryption key has been specified. {"exception":"[object] (Illuminate\\Encryption\\MissingAppKeyException(code: 0): No application encryption key has been specified. at /home/winston/Documents/projects/laravel-article-cms-Rest-API/vendor/laravel/framework/src/Illuminate/Encryption/EncryptionServiceProvider.php:83)
[stacktrace]
#0 /home/winston/Documents/projects/laravel-article-cms-Rest-API/vendor/laravel/framework/src/Illuminate/Support/helpers.php(399): Illuminate\\Encryption\\EncryptionServiceProvider->{closure:Illuminate\\Encryption\\EncryptionServiceProvider::key():81}()
#1 /home/winston/Documents/projects/laravel-article-cms-Rest-API/vendor/laravel/framework/src/Illuminate/Encryption/EncryptionServiceProvider.php(81): tap()
#2 /home/winston/Documents/projects/laravel-article-cms-Rest-API/vendor/laravel/framework/src/Illuminate/Encryption/EncryptionServiceProvider.php(64): Illuminate\\Encryption\\EncryptionServiceProvider->key()
#3 /home/winston/Documents/projects/laravel-article-cms-Rest-API/vendor/laravel/framework/src/Illuminate/Encryption/EncryptionServiceProvider.php(32): Illuminate\\Encryption\\EncryptionServiceProvider->parseKey()
#4 /home/winston/Documents/projects/laravel-article-cms-Rest-API/vendor/laravel/framework/src/Illuminate/Container/Container.php(952): Illuminate\\Encryption\\EncryptionServiceProvider->{closure:Illuminate\\Encryption\\EncryptionServiceProvider::registerEncrypter():29}()
#5 /home/winston/Documents/projects/laravel-article-cms-Rest-API/vendor/laravel/framework/src/Illuminate/Container/Container.php(832): Illuminate\\Container\\Container->build()
#6 /home/winston/Documents/projects/laravel-article-cms-Rest-API/vendor/laravel/framework/src/Illuminate/Foundation/Application.php(1078): Illuminate\\Container\\Container->resolve()
#7 /home/winston/Documents/projects/laravel-article-cms-Rest-API/vendor/laravel/framework/src/Illuminate/Container/Container.php(763): Illuminate\\Foundation\\Application->resolve()
#8 /home/winston/Documents/projects/laravel-article-cms-Rest-API/vendor/laravel/framework/src/Illuminate/Foundation/Application.php(1058): Illuminate\\Container\\Container->make()
#9 /home/winston/Documents/projects/laravel-article-cms-Rest-API/vendor/laravel/framework/src/Illuminate/Container/Container.php(1133): Illuminate\\Foundation\\Application->make()
#10 /home/winston/Documents/projects/laravel-article-cms-Rest-API/vendor/laravel/framework/src/Illuminate/Container/Container.php(1043): Illuminate\\Container\\Container->resolveClass()
#11 /home/winston/Documents/projects/laravel-article-cms-Rest-API/vendor/laravel/framework/src/Illuminate/Container/Container.php(994): Illuminate\\Container\\Container->resolveDependencies()
#12 /home/winston/Documents/projects/laravel-article-cms-Rest-API/vendor/laravel/framework/src/Illuminate/Container/Container.php(832): Illuminate\\Container\\Container->build()
#13 /home/winston/Documents/projects/laravel-article-cms-Rest-API/vendor/laravel/framework/src/Illuminate/Foundation/Application.php(1078): Illuminate\\Container\\Container->resolve()
#14 /home/winston/Documents/projects/laravel-article-cms-Rest-API/vendor/laravel/framework/src/Illuminate/Container/Container.php(763): Illuminate\\Foundation\\Application->resolve()
#15 /home/winston/Documents/projects/laravel-article-cms-Rest-API/vendor/laravel/framework/src/Illuminate/Foundation/Application.php(1058): Illuminate\\Container\\Container->make()
#16 /home/winston/Documents/projects/laravel-article-cms-Rest-API/vendor/laravel/framework/src/Illuminate/Foundation/Http/Kernel.php(258): Illuminate\\Foundation\\Application->make()
#17 /home/winston/Documents/projects/laravel-article-cms-Rest-API/vendor/laravel/framework/src/Illuminate/Foundation/Http/Kernel.php(216): Illuminate\\Foundation\\Http\\Kernel->terminateMiddleware()
#18 /home/winston/Documents/projects/laravel-article-cms-Rest-API/public/index.php(29): Illuminate\\Foundation\\Http\\Kernel->terminate()
#19 /home/winston/Documents/projects/laravel-article-cms-Rest-API/vendor/laravel/framework/src/Illuminate/Foundation/resources/server.php(23): require_once('...')
#20 {main}
"} 
[2025-06-04 03:06:10] production.ERROR: Uncaught ErrorException: Cannot modify header information - headers already sent by (output started at /home/winston/Documents/projects/laravel-article-cms-Rest-API/vendor/symfony/http-foundation/Response.php:387) in /home/winston/Documents/projects/laravel-article-cms-Rest-API/vendor/symfony/http-foundation/Response.php:322
Stack trace:
#0 /home/winston/Documents/projects/laravel-article-cms-Rest-API/vendor/laravel/framework/src/Illuminate/Foundation/Bootstrap/HandleExceptions.php(256): Illuminate\Foundation\Bootstrap\HandleExceptions->handleError()
#1 [internal function]: Illuminate\Foundation\Bootstrap\HandleExceptions->{closure:Illuminate\Foundation\Bootstrap\HandleExceptions::forwardsTo():255}()
#2 /home/winston/Documents/projects/laravel-article-cms-Rest-API/vendor/symfony/http-foundation/Response.php(322): header()
#3 /home/winston/Documents/projects/laravel-article-cms-Rest-API/vendor/symfony/http-foundation/Response.php(401): Symfony\Component\HttpFoundation\Response->sendHeaders()
#4 /home/winston/Documents/projects/laravel-article-cms-Rest-API/vendor/laravel/framework/src/Illuminate/Foundation/Bootstrap/HandleExceptions.php(219): Symfony\Component\HttpFoundation\Response->send()
#5 /home/winston/Documents/projects/laravel-article-cms-Rest-API/vendor/laravel/framework/src/Illuminate/Foundation/Bootstrap/HandleExceptions.php(196): Illuminate\Foundation\Bootstrap\HandleExceptions->renderHttpResponse()
#6 /home/winston/Documents/projects/laravel-article-cms-Rest-API/vendor/laravel/framework/src/Illuminate/Foundation/Bootstrap/HandleExceptions.php(256): Illuminate\Foundation\Bootstrap\HandleExceptions->handleException()
#7 [internal function]: Illuminate\Foundation\Bootstrap\HandleExceptions->{closure:Illuminate\Foundation\Bootstrap\HandleExceptions::forwardsTo():255}()
#8 {main}
  thrown {"exception":"[object] (Symfony\\Component\\ErrorHandler\\Error\\FatalError(code: 0): Uncaught ErrorException: Cannot modify header information - headers already sent by (output started at /home/winston/Documents/projects/laravel-article-cms-Rest-API/vendor/symfony/http-foundation/Response.php:387) in /home/winston/Documents/projects/laravel-article-cms-Rest-API/vendor/symfony/http-foundation/Response.php:322
Stack trace:
#0 /home/winston/Documents/projects/laravel-article-cms-Rest-API/vendor/laravel/framework/src/Illuminate/Foundation/Bootstrap/HandleExceptions.php(256): Illuminate\\Foundation\\Bootstrap\\HandleExceptions->handleError()
#1 [internal function]: Illuminate\\Foundation\\Bootstrap\\HandleExceptions->{closure:Illuminate\\Foundation\\Bootstrap\\HandleExceptions::forwardsTo():255}()
#2 /home/winston/Documents/projects/laravel-article-cms-Rest-API/vendor/symfony/http-foundation/Response.php(322): header()
#3 /home/winston/Documents/projects/laravel-article-cms-Rest-API/vendor/symfony/http-foundation/Response.php(401): Symfony\\Component\\HttpFoundation\\Response->sendHeaders()
#4 /home/winston/Documents/projects/laravel-article-cms-Rest-API/vendor/laravel/framework/src/Illuminate/Foundation/Bootstrap/HandleExceptions.php(219): Symfony\\Component\\HttpFoundation\\Response->send()
#5 /home/winston/Documents/projects/laravel-article-cms-Rest-API/vendor/laravel/framework/src/Illuminate/Foundation/Bootstrap/HandleExceptions.php(196): Illuminate\\Foundation\\Bootstrap\\HandleExceptions->renderHttpResponse()
#6 /home/winston/Documents/projects/laravel-article-cms-Rest-API/vendor/laravel/framework/src/Illuminate/Foundation/Bootstrap/HandleExceptions.php(256): Illuminate\\Foundation\\Bootstrap\\HandleExceptions->handleException()
#7 [internal function]: Illuminate\\Foundation\\Bootstrap\\HandleExceptions->{closure:Illuminate\\Foundation\\Bootstrap\\HandleExceptions::forwardsTo():255}()
#8 {main}
  thrown at /home/winston/Documents/projects/laravel-article-cms-Rest-API/vendor/symfony/http-foundation/Response.php:322)
[stacktrace]
#0 {main}
"} 
[2025-06-04 03:06:40] production.ERROR: Database file at path [/home/winston/Documents/projects/laravel-article-cms-Rest-API/database/database.sqlite] does not exist. Ensure this is an absolute path to the database. (Connection: sqlite, SQL: select exists (select 1 from sqlite_master where name = 'migrations' and type = 'table') as "exists") {"exception":"[object] (Illuminate\\Database\\QueryException(code: 0): Database file at path [/home/winston/Documents/projects/laravel-article-cms-Rest-API/database/database.sqlite] does not exist. Ensure this is an absolute path to the database. (Connection: sqlite, SQL: select exists (select 1 from sqlite_master where name = 'migrations' and type = 'table') as \"exists\") at /home/winston/Documents/projects/laravel-article-cms-Rest-API/vendor/laravel/framework/src/Illuminate/Database/Connection.php:825)
[stacktrace]
#0 /home/winston/Documents/projects/laravel-article-cms-Rest-API/vendor/laravel/framework/src/Illuminate/Database/Connection.php(779): Illuminate\\Database\\Connection->runQueryCallback()
#1 /home/winston/Documents/projects/laravel-article-cms-Rest-API/vendor/laravel/framework/src/Illuminate/Database/Connection.php(398): Illuminate\\Database\\Connection->run()
#2 /home/winston/Documents/projects/laravel-article-cms-Rest-API/vendor/laravel/framework/src/Illuminate/Database/Connection.php(344): Illuminate\\Database\\Connection->select()
#3 /home/winston/Documents/projects/laravel-article-cms-Rest-API/vendor/laravel/framework/src/Illuminate/Database/Connection.php(361): Illuminate\\Database\\Connection->selectOne()
#4 /home/winston/Documents/projects/laravel-article-cms-Rest-API/vendor/laravel/framework/src/Illuminate/Database/Schema/SQLiteBuilder.php(44): Illuminate\\Database\\Connection->scalar()
#5 /home/winston/Documents/projects/laravel-article-cms-Rest-API/vendor/laravel/framework/src/Illuminate/Database/Migrations/DatabaseMigrationRepository.php(184): Illuminate\\Database\\Schema\\SQLiteBuilder->hasTable()
#6 /home/winston/Documents/projects/laravel-article-cms-Rest-API/vendor/laravel/framework/src/Illuminate/Database/Migrations/Migrator.php(742): Illuminate\\Database\\Migrations\\DatabaseMigrationRepository->repositoryExists()
#7 /home/winston/Documents/projects/laravel-article-cms-Rest-API/vendor/laravel/framework/src/Illuminate/Database/Console/Migrations/FreshCommand.php(68): Illuminate\\Database\\Migrations\\Migrator->repositoryExists()
#8 /home/winston/Documents/projects/laravel-article-cms-Rest-API/vendor/laravel/framework/src/Illuminate/Database/Migrations/Migrator.php(658): Illuminate\\Database\\Console\\Migrations\\FreshCommand->{closure:Illuminate\\Database\\Console\\Migrations\\FreshCommand::handle():67}()
#9 /home/winston/Documents/projects/laravel-article-cms-Rest-API/vendor/laravel/framework/src/Illuminate/Database/Console/Migrations/FreshCommand.php(67): Illuminate\\Database\\Migrations\\Migrator->usingConnection()
#10 /home/winston/Documents/projects/laravel-article-cms-Rest-API/vendor/laravel/framework/src/Illuminate/Container/BoundMethod.php(36): Illuminate\\Database\\Console\\Migrations\\FreshCommand->handle()
#11 /home/winston/Documents/projects/laravel-article-cms-Rest-API/vendor/laravel/framework/src/Illuminate/Container/Util.php(43): Illuminate\\Container\\BoundMethod::{closure:Illuminate\\Container\\BoundMethod::call():35}()
#12 /home/winston/Documents/projects/laravel-article-cms-Rest-API/vendor/laravel/framework/src/Illuminate/Container/BoundMethod.php(95): Illuminate\\Container\\Util::unwrapIfClosure()
#13 /home/winston/Documents/projects/laravel-article-cms-Rest-API/vendor/laravel/framework/src/Illuminate/Container/BoundMethod.php(35): Illuminate\\Container\\BoundMethod::callBoundMethod()
#14 /home/winston/Documents/projects/laravel-article-cms-Rest-API/vendor/laravel/framework/src/Illuminate/Container/Container.php(696): Illuminate\\Container\\BoundMethod::call()
#15 /home/winston/Documents/projects/laravel-article-cms-Rest-API/vendor/laravel/framework/src/Illuminate/Console/Command.php(213): Illuminate\\Container\\Container->call()
#16 /home/winston/Documents/projects/laravel-article-cms-Rest-API/vendor/symfony/console/Command/Command.php(318): Illuminate\\Console\\Command->execute()
#17 /home/winston/Documents/projects/laravel-article-cms-Rest-API/vendor/laravel/framework/src/Illuminate/Console/Command.php(182): Symfony\\Component\\Console\\Command\\Command->run()
#18 /home/winston/Documents/projects/laravel-article-cms-Rest-API/vendor/symfony/console/Application.php(1092): Illuminate\\Console\\Command->run()
#19 /home/winston/Documents/projects/laravel-article-cms-Rest-API/vendor/symfony/console/Application.php(341): Symfony\\Component\\Console\\Application->doRunCommand()
#20 /home/winston/Documents/projects/laravel-article-cms-Rest-API/vendor/symfony/console/Application.php(192): Symfony\\Component\\Console\\Application->doRun()
#21 /home/winston/Documents/projects/laravel-article-cms-Rest-API/vendor/laravel/framework/src/Illuminate/Foundation/Console/Kernel.php(198): Symfony\\Component\\Console\\Application->run()
#22 /home/winston/Documents/projects/laravel-article-cms-Rest-API/vendor/laravel/framework/src/Illuminate/Foundation/Application.php(1235): Illuminate\\Foundation\\Console\\Kernel->handle()
#23 /home/winston/Documents/projects/laravel-article-cms-Rest-API/artisan(13): Illuminate\\Foundation\\Application->handleCommand()
#24 {main}

[previous exception] [object] (Illuminate\\Database\\SQLiteDatabaseDoesNotExistException(code: 0): Database file at path [/home/winston/Documents/projects/laravel-article-cms-Rest-API/database/database.sqlite] does not exist. Ensure this is an absolute path to the database. at /home/winston/Documents/projects/laravel-article-cms-Rest-API/vendor/laravel/framework/src/Illuminate/Database/Connectors/SQLiteConnector.php:37)
[stacktrace]
#0 /home/winston/Documents/projects/laravel-article-cms-Rest-API/vendor/laravel/framework/src/Illuminate/Database/Connectors/ConnectionFactory.php(224): Illuminate\\Database\\Connectors\\SQLiteConnector->connect()
#1 [internal function]: Illuminate\\Database\\Connectors\\ConnectionFactory->{closure:Illuminate\\Database\\Connectors\\ConnectionFactory::createPdoResolverWithoutHosts():224}()
#2 /home/winston/Documents/projects/laravel-article-cms-Rest-API/vendor/laravel/framework/src/Illuminate/Database/Connection.php(1231): call_user_func()
#3 /home/winston/Documents/projects/laravel-article-cms-Rest-API/vendor/laravel/framework/src/Illuminate/Database/Connection.php(1267): Illuminate\\Database\\Connection->getPdo()
#4 /home/winston/Documents/projects/laravel-article-cms-Rest-API/vendor/laravel/framework/src/Illuminate/Database/Connection.php(512): Illuminate\\Database\\Connection->getReadPdo()
#5 /home/winston/Documents/projects/laravel-article-cms-Rest-API/vendor/laravel/framework/src/Illuminate/Database/Connection.php(407): Illuminate\\Database\\Connection->getPdoForSelect()
#6 /home/winston/Documents/projects/laravel-article-cms-Rest-API/vendor/laravel/framework/src/Illuminate/Database/Connection.php(812): Illuminate\\Database\\Connection->{closure:Illuminate\\Database\\Connection::select():398}()
#7 /home/winston/Documents/projects/laravel-article-cms-Rest-API/vendor/laravel/framework/src/Illuminate/Database/Connection.php(779): Illuminate\\Database\\Connection->runQueryCallback()
#8 /home/winston/Documents/projects/laravel-article-cms-Rest-API/vendor/laravel/framework/src/Illuminate/Database/Connection.php(398): Illuminate\\Database\\Connection->run()
#9 /home/winston/Documents/projects/laravel-article-cms-Rest-API/vendor/laravel/framework/src/Illuminate/Database/Connection.php(344): Illuminate\\Database\\Connection->select()
#10 /home/winston/Documents/projects/laravel-article-cms-Rest-API/vendor/laravel/framework/src/Illuminate/Database/Connection.php(361): Illuminate\\Database\\Connection->selectOne()
#11 /home/winston/Documents/projects/laravel-article-cms-Rest-API/vendor/laravel/framework/src/Illuminate/Database/Schema/SQLiteBuilder.php(44): Illuminate\\Database\\Connection->scalar()
#12 /home/winston/Documents/projects/laravel-article-cms-Rest-API/vendor/laravel/framework/src/Illuminate/Database/Migrations/DatabaseMigrationRepository.php(184): Illuminate\\Database\\Schema\\SQLiteBuilder->hasTable()
#13 /home/winston/Documents/projects/laravel-article-cms-Rest-API/vendor/laravel/framework/src/Illuminate/Database/Migrations/Migrator.php(742): Illuminate\\Database\\Migrations\\DatabaseMigrationRepository->repositoryExists()
#14 /home/winston/Documents/projects/laravel-article-cms-Rest-API/vendor/laravel/framework/src/Illuminate/Database/Console/Migrations/FreshCommand.php(68): Illuminate\\Database\\Migrations\\Migrator->repositoryExists()
#15 /home/winston/Documents/projects/laravel-article-cms-Rest-API/vendor/laravel/framework/src/Illuminate/Database/Migrations/Migrator.php(658): Illuminate\\Database\\Console\\Migrations\\FreshCommand->{closure:Illuminate\\Database\\Console\\Migrations\\FreshCommand::handle():67}()
#16 /home/winston/Documents/projects/laravel-article-cms-Rest-API/vendor/laravel/framework/src/Illuminate/Database/Console/Migrations/FreshCommand.php(67): Illuminate\\Database\\Migrations\\Migrator->usingConnection()
#17 /home/winston/Documents/projects/laravel-article-cms-Rest-API/vendor/laravel/framework/src/Illuminate/Container/BoundMethod.php(36): Illuminate\\Database\\Console\\Migrations\\FreshCommand->handle()
#18 /home/winston/Documents/projects/laravel-article-cms-Rest-API/vendor/laravel/framework/src/Illuminate/Container/Util.php(43): Illuminate\\Container\\BoundMethod::{closure:Illuminate\\Container\\BoundMethod::call():35}()
#19 /home/winston/Documents/projects/laravel-article-cms-Rest-API/vendor/laravel/framework/src/Illuminate/Container/BoundMethod.php(95): Illuminate\\Container\\Util::unwrapIfClosure()
#20 /home/winston/Documents/projects/laravel-article-cms-Rest-API/vendor/laravel/framework/src/Illuminate/Container/BoundMethod.php(35): Illuminate\\Container\\BoundMethod::callBoundMethod()
#21 /home/winston/Documents/projects/laravel-article-cms-Rest-API/vendor/laravel/framework/src/Illuminate/Container/Container.php(696): Illuminate\\Container\\BoundMethod::call()
#22 /home/winston/Documents/projects/laravel-article-cms-Rest-API/vendor/laravel/framework/src/Illuminate/Console/Command.php(213): Illuminate\\Container\\Container->call()
#23 /home/winston/Documents/projects/laravel-article-cms-Rest-API/vendor/symfony/console/Command/Command.php(318): Illuminate\\Console\\Command->execute()
#24 /home/winston/Documents/projects/laravel-article-cms-Rest-API/vendor/laravel/framework/src/Illuminate/Console/Command.php(182): Symfony\\Component\\Console\\Command\\Command->run()
#25 /home/winston/Documents/projects/laravel-article-cms-Rest-API/vendor/symfony/console/Application.php(1092): Illuminate\\Console\\Command->run()
#26 /home/winston/Documents/projects/laravel-article-cms-Rest-API/vendor/symfony/console/Application.php(341): Symfony\\Component\\Console\\Application->doRunCommand()
#27 /home/winston/Documents/projects/laravel-article-cms-Rest-API/vendor/symfony/console/Application.php(192): Symfony\\Component\\Console\\Application->doRun()
#28 /home/winston/Documents/projects/laravel-article-cms-Rest-API/vendor/laravel/framework/src/Illuminate/Foundation/Console/Kernel.php(198): Symfony\\Component\\Console\\Application->run()
#29 /home/winston/Documents/projects/laravel-article-cms-Rest-API/vendor/laravel/framework/src/Illuminate/Foundation/Application.php(1235): Illuminate\\Foundation\\Console\\Kernel->handle()
#30 /home/winston/Documents/projects/laravel-article-cms-Rest-API/artisan(13): Illuminate\\Foundation\\Application->handleCommand()
#31 {main}
"} 
[2025-06-04 03:10:10] production.ERROR: file_get_contents(/home/winston/Documents/projects/laravel-article-cms-Rest-API/.env): Failed to open stream: No such file or directory {"exception":"[object] (ErrorException(code: 0): file_get_contents(/home/winston/Documents/projects/laravel-article-cms-Rest-API/.env): Failed to open stream: No such file or directory at /home/winston/Documents/projects/laravel-article-cms-Rest-API/vendor/laravel/framework/src/Illuminate/Foundation/Console/KeyGenerateCommand.php:100)
[stacktrace]
#0 /home/winston/Documents/projects/laravel-article-cms-Rest-API/vendor/laravel/framework/src/Illuminate/Foundation/Bootstrap/HandleExceptions.php(256): Illuminate\\Foundation\\Bootstrap\\HandleExceptions->handleError()
#1 [internal function]: Illuminate\\Foundation\\Bootstrap\\HandleExceptions->{closure:Illuminate\\Foundation\\Bootstrap\\HandleExceptions::forwardsTo():255}()
#2 /home/winston/Documents/projects/laravel-article-cms-Rest-API/vendor/laravel/framework/src/Illuminate/Foundation/Console/KeyGenerateCommand.php(100): file_get_contents()
#3 /home/winston/Documents/projects/laravel-article-cms-Rest-API/vendor/laravel/framework/src/Illuminate/Foundation/Console/KeyGenerateCommand.php(82): Illuminate\\Foundation\\Console\\KeyGenerateCommand->writeNewEnvironmentFileWith()
#4 /home/winston/Documents/projects/laravel-article-cms-Rest-API/vendor/laravel/framework/src/Illuminate/Foundation/Console/KeyGenerateCommand.php(47): Illuminate\\Foundation\\Console\\KeyGenerateCommand->setKeyInEnvironmentFile()
#5 /home/winston/Documents/projects/laravel-article-cms-Rest-API/vendor/laravel/framework/src/Illuminate/Container/BoundMethod.php(36): Illuminate\\Foundation\\Console\\KeyGenerateCommand->handle()
#6 /home/winston/Documents/projects/laravel-article-cms-Rest-API/vendor/laravel/framework/src/Illuminate/Container/Util.php(43): Illuminate\\Container\\BoundMethod::{closure:Illuminate\\Container\\BoundMethod::call():35}()
#7 /home/winston/Documents/projects/laravel-article-cms-Rest-API/vendor/laravel/framework/src/Illuminate/Container/BoundMethod.php(95): Illuminate\\Container\\Util::unwrapIfClosure()
#8 /home/winston/Documents/projects/laravel-article-cms-Rest-API/vendor/laravel/framework/src/Illuminate/Container/BoundMethod.php(35): Illuminate\\Container\\BoundMethod::callBoundMethod()
#9 /home/winston/Documents/projects/laravel-article-cms-Rest-API/vendor/laravel/framework/src/Illuminate/Container/Container.php(696): Illuminate\\Container\\BoundMethod::call()
#10 /home/winston/Documents/projects/laravel-article-cms-Rest-API/vendor/laravel/framework/src/Illuminate/Console/Command.php(213): Illuminate\\Container\\Container->call()
#11 /home/winston/Documents/projects/laravel-article-cms-Rest-API/vendor/symfony/console/Command/Command.php(318): Illuminate\\Console\\Command->execute()
#12 /home/winston/Documents/projects/laravel-article-cms-Rest-API/vendor/laravel/framework/src/Illuminate/Console/Command.php(182): Symfony\\Component\\Console\\Command\\Command->run()
#13 /home/winston/Documents/projects/laravel-article-cms-Rest-API/vendor/symfony/console/Application.php(1092): Illuminate\\Console\\Command->run()
#14 /home/winston/Documents/projects/laravel-article-cms-Rest-API/vendor/symfony/console/Application.php(341): Symfony\\Component\\Console\\Application->doRunCommand()
#15 /home/winston/Documents/projects/laravel-article-cms-Rest-API/vendor/symfony/console/Application.php(192): Symfony\\Component\\Console\\Application->doRun()
#16 /home/winston/Documents/projects/laravel-article-cms-Rest-API/vendor/laravel/framework/src/Illuminate/Foundation/Console/Kernel.php(198): Symfony\\Component\\Console\\Application->run()
#17 /home/winston/Documents/projects/laravel-article-cms-Rest-API/vendor/laravel/framework/src/Illuminate/Foundation/Application.php(1235): Illuminate\\Foundation\\Console\\Kernel->handle()
#18 /home/winston/Documents/projects/laravel-article-cms-Rest-API/artisan(13): Illuminate\\Foundation\\Application->handleCommand()
#19 {main}
"} 
[2025-06-04 03:11:08] local.ERROR: could not find driver (Connection: mysql, SQL: select exists (select 1 from information_schema.tables where table_schema = 'backend' and table_name = 'migrations' and table_type in ('BASE TABLE', 'SYSTEM VERSIONED')) as `exists`) {"exception":"[object] (Illuminate\\Database\\QueryException(code: 0): could not find driver (Connection: mysql, SQL: select exists (select 1 from information_schema.tables where table_schema = 'backend' and table_name = 'migrations' and table_type in ('BASE TABLE', 'SYSTEM VERSIONED')) as `exists`) at /home/winston/Documents/projects/laravel-article-cms-Rest-API/vendor/laravel/framework/src/Illuminate/Database/Connection.php:825)
[stacktrace]
#0 /home/winston/Documents/projects/laravel-article-cms-Rest-API/vendor/laravel/framework/src/Illuminate/Database/Connection.php(779): Illuminate\\Database\\Connection->runQueryCallback()
#1 /home/winston/Documents/projects/laravel-article-cms-Rest-API/vendor/laravel/framework/src/Illuminate/Database/Connection.php(398): Illuminate\\Database\\Connection->run()
#2 /home/winston/Documents/projects/laravel-article-cms-Rest-API/vendor/laravel/framework/src/Illuminate/Database/Connection.php(344): Illuminate\\Database\\Connection->select()
#3 /home/winston/Documents/projects/laravel-article-cms-Rest-API/vendor/laravel/framework/src/Illuminate/Database/Connection.php(361): Illuminate\\Database\\Connection->selectOne()
#4 /home/winston/Documents/projects/laravel-article-cms-Rest-API/vendor/laravel/framework/src/Illuminate/Database/Schema/MySqlBuilder.php(45): Illuminate\\Database\\Connection->scalar()
#5 /home/winston/Documents/projects/laravel-article-cms-Rest-API/vendor/laravel/framework/src/Illuminate/Database/Migrations/DatabaseMigrationRepository.php(184): Illuminate\\Database\\Schema\\MySqlBuilder->hasTable()
#6 /home/winston/Documents/projects/laravel-article-cms-Rest-API/vendor/laravel/framework/src/Illuminate/Database/Migrations/Migrator.php(742): Illuminate\\Database\\Migrations\\DatabaseMigrationRepository->repositoryExists()
#7 /home/winston/Documents/projects/laravel-article-cms-Rest-API/vendor/laravel/framework/src/Illuminate/Database/Console/Migrations/FreshCommand.php(68): Illuminate\\Database\\Migrations\\Migrator->repositoryExists()
#8 /home/winston/Documents/projects/laravel-article-cms-Rest-API/vendor/laravel/framework/src/Illuminate/Database/Migrations/Migrator.php(658): Illuminate\\Database\\Console\\Migrations\\FreshCommand->{closure:Illuminate\\Database\\Console\\Migrations\\FreshCommand::handle():67}()
#9 /home/winston/Documents/projects/laravel-article-cms-Rest-API/vendor/laravel/framework/src/Illuminate/Database/Console/Migrations/FreshCommand.php(67): Illuminate\\Database\\Migrations\\Migrator->usingConnection()
#10 /home/winston/Documents/projects/laravel-article-cms-Rest-API/vendor/laravel/framework/src/Illuminate/Container/BoundMethod.php(36): Illuminate\\Database\\Console\\Migrations\\FreshCommand->handle()
#11 /home/winston/Documents/projects/laravel-article-cms-Rest-API/vendor/laravel/framework/src/Illuminate/Container/Util.php(43): Illuminate\\Container\\BoundMethod::{closure:Illuminate\\Container\\BoundMethod::call():35}()
#12 /home/winston/Documents/projects/laravel-article-cms-Rest-API/vendor/laravel/framework/src/Illuminate/Container/BoundMethod.php(95): Illuminate\\Container\\Util::unwrapIfClosure()
#13 /home/winston/Documents/projects/laravel-article-cms-Rest-API/vendor/laravel/framework/src/Illuminate/Container/BoundMethod.php(35): Illuminate\\Container\\BoundMethod::callBoundMethod()
#14 /home/winston/Documents/projects/laravel-article-cms-Rest-API/vendor/laravel/framework/src/Illuminate/Container/Container.php(696): Illuminate\\Container\\BoundMethod::call()
#15 /home/winston/Documents/projects/laravel-article-cms-Rest-API/vendor/laravel/framework/src/Illuminate/Console/Command.php(213): Illuminate\\Container\\Container->call()
#16 /home/winston/Documents/projects/laravel-article-cms-Rest-API/vendor/symfony/console/Command/Command.php(318): Illuminate\\Console\\Command->execute()
#17 /home/winston/Documents/projects/laravel-article-cms-Rest-API/vendor/laravel/framework/src/Illuminate/Console/Command.php(182): Symfony\\Component\\Console\\Command\\Command->run()
#18 /home/winston/Documents/projects/laravel-article-cms-Rest-API/vendor/symfony/console/Application.php(1092): Illuminate\\Console\\Command->run()
#19 /home/winston/Documents/projects/laravel-article-cms-Rest-API/vendor/symfony/console/Application.php(341): Symfony\\Component\\Console\\Application->doRunCommand()
#20 /home/winston/Documents/projects/laravel-article-cms-Rest-API/vendor/symfony/console/Application.php(192): Symfony\\Component\\Console\\Application->doRun()
#21 /home/winston/Documents/projects/laravel-article-cms-Rest-API/vendor/laravel/framework/src/Illuminate/Foundation/Console/Kernel.php(198): Symfony\\Component\\Console\\Application->run()
#22 /home/winston/Documents/projects/laravel-article-cms-Rest-API/vendor/laravel/framework/src/Illuminate/Foundation/Application.php(1235): Illuminate\\Foundation\\Console\\Kernel->handle()
#23 /home/winston/Documents/projects/laravel-article-cms-Rest-API/artisan(13): Illuminate\\Foundation\\Application->handleCommand()
#24 {main}

[previous exception] [object] (PDOException(code: 0): could not find driver at /home/winston/Documents/projects/laravel-article-cms-Rest-API/vendor/laravel/framework/src/Illuminate/Database/Connectors/Connector.php:67)
[stacktrace]
#0 /home/winston/Documents/projects/laravel-article-cms-Rest-API/vendor/laravel/framework/src/Illuminate/Database/Connectors/Connector.php(67): PDO::connect()
#1 /home/winston/Documents/projects/laravel-article-cms-Rest-API/vendor/laravel/framework/src/Illuminate/Database/Connectors/Connector.php(44): Illuminate\\Database\\Connectors\\Connector->createPdoConnection()
#2 /home/winston/Documents/projects/laravel-article-cms-Rest-API/vendor/laravel/framework/src/Illuminate/Database/Connectors/MySqlConnector.php(24): Illuminate\\Database\\Connectors\\Connector->createConnection()
#3 /home/winston/Documents/projects/laravel-article-cms-Rest-API/vendor/laravel/framework/src/Illuminate/Database/Connectors/ConnectionFactory.php(185): Illuminate\\Database\\Connectors\\MySqlConnector->connect()
#4 [internal function]: Illuminate\\Database\\Connectors\\ConnectionFactory->{closure:Illuminate\\Database\\Connectors\\ConnectionFactory::createPdoResolverWithHosts():180}()
#5 /home/winston/Documents/projects/laravel-article-cms-Rest-API/vendor/laravel/framework/src/Illuminate/Database/Connection.php(1231): call_user_func()
#6 /home/winston/Documents/projects/laravel-article-cms-Rest-API/vendor/laravel/framework/src/Illuminate/Database/Connection.php(1267): Illuminate\\Database\\Connection->getPdo()
#7 /home/winston/Documents/projects/laravel-article-cms-Rest-API/vendor/laravel/framework/src/Illuminate/Database/Connection.php(512): Illuminate\\Database\\Connection->getReadPdo()
#8 /home/winston/Documents/projects/laravel-article-cms-Rest-API/vendor/laravel/framework/src/Illuminate/Database/Connection.php(407): Illuminate\\Database\\Connection->getPdoForSelect()
#9 /home/winston/Documents/projects/laravel-article-cms-Rest-API/vendor/laravel/framework/src/Illuminate/Database/Connection.php(812): Illuminate\\Database\\Connection->{closure:Illuminate\\Database\\Connection::select():398}()
#10 /home/winston/Documents/projects/laravel-article-cms-Rest-API/vendor/laravel/framework/src/Illuminate/Database/Connection.php(779): Illuminate\\Database\\Connection->runQueryCallback()
#11 /home/winston/Documents/projects/laravel-article-cms-Rest-API/vendor/laravel/framework/src/Illuminate/Database/Connection.php(398): Illuminate\\Database\\Connection->run()
#12 /home/winston/Documents/projects/laravel-article-cms-Rest-API/vendor/laravel/framework/src/Illuminate/Database/Connection.php(344): Illuminate\\Database\\Connection->select()
#13 /home/winston/Documents/projects/laravel-article-cms-Rest-API/vendor/laravel/framework/src/Illuminate/Database/Connection.php(361): Illuminate\\Database\\Connection->selectOne()
#14 /home/winston/Documents/projects/laravel-article-cms-Rest-API/vendor/laravel/framework/src/Illuminate/Database/Schema/MySqlBuilder.php(45): Illuminate\\Database\\Connection->scalar()
#15 /home/winston/Documents/projects/laravel-article-cms-Rest-API/vendor/laravel/framework/src/Illuminate/Database/Migrations/DatabaseMigrationRepository.php(184): Illuminate\\Database\\Schema\\MySqlBuilder->hasTable()
#16 /home/winston/Documents/projects/laravel-article-cms-Rest-API/vendor/laravel/framework/src/Illuminate/Database/Migrations/Migrator.php(742): Illuminate\\Database\\Migrations\\DatabaseMigrationRepository->repositoryExists()
#17 /home/winston/Documents/projects/laravel-article-cms-Rest-API/vendor/laravel/framework/src/Illuminate/Database/Console/Migrations/FreshCommand.php(68): Illuminate\\Database\\Migrations\\Migrator->repositoryExists()
#18 /home/winston/Documents/projects/laravel-article-cms-Rest-API/vendor/laravel/framework/src/Illuminate/Database/Migrations/Migrator.php(658): Illuminate\\Database\\Console\\Migrations\\FreshCommand->{closure:Illuminate\\Database\\Console\\Migrations\\FreshCommand::handle():67}()
#19 /home/winston/Documents/projects/laravel-article-cms-Rest-API/vendor/laravel/framework/src/Illuminate/Database/Console/Migrations/FreshCommand.php(67): Illuminate\\Database\\Migrations\\Migrator->usingConnection()
#20 /home/winston/Documents/projects/laravel-article-cms-Rest-API/vendor/laravel/framework/src/Illuminate/Container/BoundMethod.php(36): Illuminate\\Database\\Console\\Migrations\\FreshCommand->handle()
#21 /home/winston/Documents/projects/laravel-article-cms-Rest-API/vendor/laravel/framework/src/Illuminate/Container/Util.php(43): Illuminate\\Container\\BoundMethod::{closure:Illuminate\\Container\\BoundMethod::call():35}()
#22 /home/winston/Documents/projects/laravel-article-cms-Rest-API/vendor/laravel/framework/src/Illuminate/Container/BoundMethod.php(95): Illuminate\\Container\\Util::unwrapIfClosure()
#23 /home/winston/Documents/projects/laravel-article-cms-Rest-API/vendor/laravel/framework/src/Illuminate/Container/BoundMethod.php(35): Illuminate\\Container\\BoundMethod::callBoundMethod()
#24 /home/winston/Documents/projects/laravel-article-cms-Rest-API/vendor/laravel/framework/src/Illuminate/Container/Container.php(696): Illuminate\\Container\\BoundMethod::call()
#25 /home/winston/Documents/projects/laravel-article-cms-Rest-API/vendor/laravel/framework/src/Illuminate/Console/Command.php(213): Illuminate\\Container\\Container->call()
#26 /home/winston/Documents/projects/laravel-article-cms-Rest-API/vendor/symfony/console/Command/Command.php(318): Illuminate\\Console\\Command->execute()
#27 /home/winston/Documents/projects/laravel-article-cms-Rest-API/vendor/laravel/framework/src/Illuminate/Console/Command.php(182): Symfony\\Component\\Console\\Command\\Command->run()
#28 /home/winston/Documents/projects/laravel-article-cms-Rest-API/vendor/symfony/console/Application.php(1092): Illuminate\\Console\\Command->run()
#29 /home/winston/Documents/projects/laravel-article-cms-Rest-API/vendor/symfony/console/Application.php(341): Symfony\\Component\\Console\\Application->doRunCommand()
#30 /home/winston/Documents/projects/laravel-article-cms-Rest-API/vendor/symfony/console/Application.php(192): Symfony\\Component\\Console\\Application->doRun()
#31 /home/winston/Documents/projects/laravel-article-cms-Rest-API/vendor/laravel/framework/src/Illuminate/Foundation/Console/Kernel.php(198): Symfony\\Component\\Console\\Application->run()
#32 /home/winston/Documents/projects/laravel-article-cms-Rest-API/vendor/laravel/framework/src/Illuminate/Foundation/Application.php(1235): Illuminate\\Foundation\\Console\\Kernel->handle()
#33 /home/winston/Documents/projects/laravel-article-cms-Rest-API/artisan(13): Illuminate\\Foundation\\Application->handleCommand()
#34 {main}
"} 
[2025-06-04 03:13:02] local.ERROR: SQLSTATE[HY000] [1045] Access denied for user 'root'@'localhost' (using password: NO) (Connection: mysql, SQL: select exists (select 1 from information_schema.tables where table_schema = 'backend' and table_name = 'migrations' and table_type in ('BASE TABLE', 'SYSTEM VERSIONED')) as `exists`) {"exception":"[object] (Illuminate\\Database\\QueryException(code: 1045): SQLSTATE[HY000] [1045] Access denied for user 'root'@'localhost' (using password: NO) (Connection: mysql, SQL: select exists (select 1 from information_schema.tables where table_schema = 'backend' and table_name = 'migrations' and table_type in ('BASE TABLE', 'SYSTEM VERSIONED')) as `exists`) at /home/winston/Documents/projects/laravel-article-cms-Rest-API/vendor/laravel/framework/src/Illuminate/Database/Connection.php:825)
[stacktrace]
#0 /home/winston/Documents/projects/laravel-article-cms-Rest-API/vendor/laravel/framework/src/Illuminate/Database/Connection.php(779): Illuminate\\Database\\Connection->runQueryCallback()
#1 /home/winston/Documents/projects/laravel-article-cms-Rest-API/vendor/laravel/framework/src/Illuminate/Database/Connection.php(398): Illuminate\\Database\\Connection->run()
#2 /home/winston/Documents/projects/laravel-article-cms-Rest-API/vendor/laravel/framework/src/Illuminate/Database/Connection.php(344): Illuminate\\Database\\Connection->select()
#3 /home/winston/Documents/projects/laravel-article-cms-Rest-API/vendor/laravel/framework/src/Illuminate/Database/Connection.php(361): Illuminate\\Database\\Connection->selectOne()
#4 /home/winston/Documents/projects/laravel-article-cms-Rest-API/vendor/laravel/framework/src/Illuminate/Database/Schema/MySqlBuilder.php(45): Illuminate\\Database\\Connection->scalar()
#5 /home/winston/Documents/projects/laravel-article-cms-Rest-API/vendor/laravel/framework/src/Illuminate/Database/Migrations/DatabaseMigrationRepository.php(184): Illuminate\\Database\\Schema\\MySqlBuilder->hasTable()
#6 /home/winston/Documents/projects/laravel-article-cms-Rest-API/vendor/laravel/framework/src/Illuminate/Database/Migrations/Migrator.php(742): Illuminate\\Database\\Migrations\\DatabaseMigrationRepository->repositoryExists()
#7 /home/winston/Documents/projects/laravel-article-cms-Rest-API/vendor/laravel/framework/src/Illuminate/Database/Console/Migrations/FreshCommand.php(68): Illuminate\\Database\\Migrations\\Migrator->repositoryExists()
#8 /home/winston/Documents/projects/laravel-article-cms-Rest-API/vendor/laravel/framework/src/Illuminate/Database/Migrations/Migrator.php(658): Illuminate\\Database\\Console\\Migrations\\FreshCommand->{closure:Illuminate\\Database\\Console\\Migrations\\FreshCommand::handle():67}()
#9 /home/winston/Documents/projects/laravel-article-cms-Rest-API/vendor/laravel/framework/src/Illuminate/Database/Console/Migrations/FreshCommand.php(67): Illuminate\\Database\\Migrations\\Migrator->usingConnection()
#10 /home/winston/Documents/projects/laravel-article-cms-Rest-API/vendor/laravel/framework/src/Illuminate/Container/BoundMethod.php(36): Illuminate\\Database\\Console\\Migrations\\FreshCommand->handle()
#11 /home/winston/Documents/projects/laravel-article-cms-Rest-API/vendor/laravel/framework/src/Illuminate/Container/Util.php(43): Illuminate\\Container\\BoundMethod::{closure:Illuminate\\Container\\BoundMethod::call():35}()
#12 /home/winston/Documents/projects/laravel-article-cms-Rest-API/vendor/laravel/framework/src/Illuminate/Container/BoundMethod.php(95): Illuminate\\Container\\Util::unwrapIfClosure()
#13 /home/winston/Documents/projects/laravel-article-cms-Rest-API/vendor/laravel/framework/src/Illuminate/Container/BoundMethod.php(35): Illuminate\\Container\\BoundMethod::callBoundMethod()
#14 /home/winston/Documents/projects/laravel-article-cms-Rest-API/vendor/laravel/framework/src/Illuminate/Container/Container.php(696): Illuminate\\Container\\BoundMethod::call()
#15 /home/winston/Documents/projects/laravel-article-cms-Rest-API/vendor/laravel/framework/src/Illuminate/Console/Command.php(213): Illuminate\\Container\\Container->call()
#16 /home/winston/Documents/projects/laravel-article-cms-Rest-API/vendor/symfony/console/Command/Command.php(318): Illuminate\\Console\\Command->execute()
#17 /home/winston/Documents/projects/laravel-article-cms-Rest-API/vendor/laravel/framework/src/Illuminate/Console/Command.php(182): Symfony\\Component\\Console\\Command\\Command->run()
#18 /home/winston/Documents/projects/laravel-article-cms-Rest-API/vendor/symfony/console/Application.php(1092): Illuminate\\Console\\Command->run()
#19 /home/winston/Documents/projects/laravel-article-cms-Rest-API/vendor/symfony/console/Application.php(341): Symfony\\Component\\Console\\Application->doRunCommand()
#20 /home/winston/Documents/projects/laravel-article-cms-Rest-API/vendor/symfony/console/Application.php(192): Symfony\\Component\\Console\\Application->doRun()
#21 /home/winston/Documents/projects/laravel-article-cms-Rest-API/vendor/laravel/framework/src/Illuminate/Foundation/Console/Kernel.php(198): Symfony\\Component\\Console\\Application->run()
#22 /home/winston/Documents/projects/laravel-article-cms-Rest-API/vendor/laravel/framework/src/Illuminate/Foundation/Application.php(1235): Illuminate\\Foundation\\Console\\Kernel->handle()
#23 /home/winston/Documents/projects/laravel-article-cms-Rest-API/artisan(13): Illuminate\\Foundation\\Application->handleCommand()
#24 {main}

[previous exception] [object] (PDOException(code: 1045): SQLSTATE[HY000] [1045] Access denied for user 'root'@'localhost' (using password: NO) at /home/winston/Documents/projects/laravel-article-cms-Rest-API/vendor/laravel/framework/src/Illuminate/Database/Connectors/Connector.php:67)
[stacktrace]
#0 /home/winston/Documents/projects/laravel-article-cms-Rest-API/vendor/laravel/framework/src/Illuminate/Database/Connectors/Connector.php(67): PDO::connect()
#1 /home/winston/Documents/projects/laravel-article-cms-Rest-API/vendor/laravel/framework/src/Illuminate/Database/Connectors/Connector.php(44): Illuminate\\Database\\Connectors\\Connector->createPdoConnection()
#2 /home/winston/Documents/projects/laravel-article-cms-Rest-API/vendor/laravel/framework/src/Illuminate/Database/Connectors/MySqlConnector.php(24): Illuminate\\Database\\Connectors\\Connector->createConnection()
#3 /home/winston/Documents/projects/laravel-article-cms-Rest-API/vendor/laravel/framework/src/Illuminate/Database/Connectors/ConnectionFactory.php(185): Illuminate\\Database\\Connectors\\MySqlConnector->connect()
#4 [internal function]: Illuminate\\Database\\Connectors\\ConnectionFactory->{closure:Illuminate\\Database\\Connectors\\ConnectionFactory::createPdoResolverWithHosts():180}()
#5 /home/winston/Documents/projects/laravel-article-cms-Rest-API/vendor/laravel/framework/src/Illuminate/Database/Connection.php(1231): call_user_func()
#6 /home/winston/Documents/projects/laravel-article-cms-Rest-API/vendor/laravel/framework/src/Illuminate/Database/Connection.php(1267): Illuminate\\Database\\Connection->getPdo()
#7 /home/winston/Documents/projects/laravel-article-cms-Rest-API/vendor/laravel/framework/src/Illuminate/Database/Connection.php(512): Illuminate\\Database\\Connection->getReadPdo()
#8 /home/winston/Documents/projects/laravel-article-cms-Rest-API/vendor/laravel/framework/src/Illuminate/Database/Connection.php(407): Illuminate\\Database\\Connection->getPdoForSelect()
#9 /home/winston/Documents/projects/laravel-article-cms-Rest-API/vendor/laravel/framework/src/Illuminate/Database/Connection.php(812): Illuminate\\Database\\Connection->{closure:Illuminate\\Database\\Connection::select():398}()
#10 /home/winston/Documents/projects/laravel-article-cms-Rest-API/vendor/laravel/framework/src/Illuminate/Database/Connection.php(779): Illuminate\\Database\\Connection->runQueryCallback()
#11 /home/winston/Documents/projects/laravel-article-cms-Rest-API/vendor/laravel/framework/src/Illuminate/Database/Connection.php(398): Illuminate\\Database\\Connection->run()
#12 /home/winston/Documents/projects/laravel-article-cms-Rest-API/vendor/laravel/framework/src/Illuminate/Database/Connection.php(344): Illuminate\\Database\\Connection->select()
#13 /home/winston/Documents/projects/laravel-article-cms-Rest-API/vendor/laravel/framework/src/Illuminate/Database/Connection.php(361): Illuminate\\Database\\Connection->selectOne()
#14 /home/winston/Documents/projects/laravel-article-cms-Rest-API/vendor/laravel/framework/src/Illuminate/Database/Schema/MySqlBuilder.php(45): Illuminate\\Database\\Connection->scalar()
#15 /home/winston/Documents/projects/laravel-article-cms-Rest-API/vendor/laravel/framework/src/Illuminate/Database/Migrations/DatabaseMigrationRepository.php(184): Illuminate\\Database\\Schema\\MySqlBuilder->hasTable()
#16 /home/winston/Documents/projects/laravel-article-cms-Rest-API/vendor/laravel/framework/src/Illuminate/Database/Migrations/Migrator.php(742): Illuminate\\Database\\Migrations\\DatabaseMigrationRepository->repositoryExists()
#17 /home/winston/Documents/projects/laravel-article-cms-Rest-API/vendor/laravel/framework/src/Illuminate/Database/Console/Migrations/FreshCommand.php(68): Illuminate\\Database\\Migrations\\Migrator->repositoryExists()
#18 /home/winston/Documents/projects/laravel-article-cms-Rest-API/vendor/laravel/framework/src/Illuminate/Database/Migrations/Migrator.php(658): Illuminate\\Database\\Console\\Migrations\\FreshCommand->{closure:Illuminate\\Database\\Console\\Migrations\\FreshCommand::handle():67}()
#19 /home/winston/Documents/projects/laravel-article-cms-Rest-API/vendor/laravel/framework/src/Illuminate/Database/Console/Migrations/FreshCommand.php(67): Illuminate\\Database\\Migrations\\Migrator->usingConnection()
#20 /home/winston/Documents/projects/laravel-article-cms-Rest-API/vendor/laravel/framework/src/Illuminate/Container/BoundMethod.php(36): Illuminate\\Database\\Console\\Migrations\\FreshCommand->handle()
#21 /home/winston/Documents/projects/laravel-article-cms-Rest-API/vendor/laravel/framework/src/Illuminate/Container/Util.php(43): Illuminate\\Container\\BoundMethod::{closure:Illuminate\\Container\\BoundMethod::call():35}()
#22 /home/winston/Documents/projects/laravel-article-cms-Rest-API/vendor/laravel/framework/src/Illuminate/Container/BoundMethod.php(95): Illuminate\\Container\\Util::unwrapIfClosure()
#23 /home/winston/Documents/projects/laravel-article-cms-Rest-API/vendor/laravel/framework/src/Illuminate/Container/BoundMethod.php(35): Illuminate\\Container\\BoundMethod::callBoundMethod()
#24 /home/winston/Documents/projects/laravel-article-cms-Rest-API/vendor/laravel/framework/src/Illuminate/Container/Container.php(696): Illuminate\\Container\\BoundMethod::call()
#25 /home/winston/Documents/projects/laravel-article-cms-Rest-API/vendor/laravel/framework/src/Illuminate/Console/Command.php(213): Illuminate\\Container\\Container->call()
#26 /home/winston/Documents/projects/laravel-article-cms-Rest-API/vendor/symfony/console/Command/Command.php(318): Illuminate\\Console\\Command->execute()
#27 /home/winston/Documents/projects/laravel-article-cms-Rest-API/vendor/laravel/framework/src/Illuminate/Console/Command.php(182): Symfony\\Component\\Console\\Command\\Command->run()
#28 /home/winston/Documents/projects/laravel-article-cms-Rest-API/vendor/symfony/console/Application.php(1092): Illuminate\\Console\\Command->run()
#29 /home/winston/Documents/projects/laravel-article-cms-Rest-API/vendor/symfony/console/Application.php(341): Symfony\\Component\\Console\\Application->doRunCommand()
#30 /home/winston/Documents/projects/laravel-article-cms-Rest-API/vendor/symfony/console/Application.php(192): Symfony\\Component\\Console\\Application->doRun()
#31 /home/winston/Documents/projects/laravel-article-cms-Rest-API/vendor/laravel/framework/src/Illuminate/Foundation/Console/Kernel.php(198): Symfony\\Component\\Console\\Application->run()
#32 /home/winston/Documents/projects/laravel-article-cms-Rest-API/vendor/laravel/framework/src/Illuminate/Foundation/Application.php(1235): Illuminate\\Foundation\\Console\\Kernel->handle()
#33 /home/winston/Documents/projects/laravel-article-cms-Rest-API/artisan(13): Illuminate\\Foundation\\Application->handleCommand()
#34 {main}
"} 
[2025-06-04 03:13:52] local.ERROR: SQLSTATE[HY000] [1045] Access denied for user 'root'@'localhost' (using password: NO) (Connection: mysql, SQL: select exists (select 1 from information_schema.tables where table_schema = 'backend' and table_name = 'migrations' and table_type in ('BASE TABLE', 'SYSTEM VERSIONED')) as `exists`) {"exception":"[object] (Illuminate\\Database\\QueryException(code: 1045): SQLSTATE[HY000] [1045] Access denied for user 'root'@'localhost' (using password: NO) (Connection: mysql, SQL: select exists (select 1 from information_schema.tables where table_schema = 'backend' and table_name = 'migrations' and table_type in ('BASE TABLE', 'SYSTEM VERSIONED')) as `exists`) at /home/winston/Documents/projects/laravel-article-cms-Rest-API/vendor/laravel/framework/src/Illuminate/Database/Connection.php:825)
[stacktrace]
#0 /home/winston/Documents/projects/laravel-article-cms-Rest-API/vendor/laravel/framework/src/Illuminate/Database/Connection.php(779): Illuminate\\Database\\Connection->runQueryCallback()
#1 /home/winston/Documents/projects/laravel-article-cms-Rest-API/vendor/laravel/framework/src/Illuminate/Database/Connection.php(398): Illuminate\\Database\\Connection->run()
#2 /home/winston/Documents/projects/laravel-article-cms-Rest-API/vendor/laravel/framework/src/Illuminate/Database/Connection.php(344): Illuminate\\Database\\Connection->select()
#3 /home/winston/Documents/projects/laravel-article-cms-Rest-API/vendor/laravel/framework/src/Illuminate/Database/Connection.php(361): Illuminate\\Database\\Connection->selectOne()
#4 /home/winston/Documents/projects/laravel-article-cms-Rest-API/vendor/laravel/framework/src/Illuminate/Database/Schema/MySqlBuilder.php(45): Illuminate\\Database\\Connection->scalar()
#5 /home/winston/Documents/projects/laravel-article-cms-Rest-API/vendor/laravel/framework/src/Illuminate/Database/Migrations/DatabaseMigrationRepository.php(184): Illuminate\\Database\\Schema\\MySqlBuilder->hasTable()
#6 /home/winston/Documents/projects/laravel-article-cms-Rest-API/vendor/laravel/framework/src/Illuminate/Database/Migrations/Migrator.php(742): Illuminate\\Database\\Migrations\\DatabaseMigrationRepository->repositoryExists()
#7 /home/winston/Documents/projects/laravel-article-cms-Rest-API/vendor/laravel/framework/src/Illuminate/Database/Console/Migrations/FreshCommand.php(68): Illuminate\\Database\\Migrations\\Migrator->repositoryExists()
#8 /home/winston/Documents/projects/laravel-article-cms-Rest-API/vendor/laravel/framework/src/Illuminate/Database/Migrations/Migrator.php(658): Illuminate\\Database\\Console\\Migrations\\FreshCommand->{closure:Illuminate\\Database\\Console\\Migrations\\FreshCommand::handle():67}()
#9 /home/winston/Documents/projects/laravel-article-cms-Rest-API/vendor/laravel/framework/src/Illuminate/Database/Console/Migrations/FreshCommand.php(67): Illuminate\\Database\\Migrations\\Migrator->usingConnection()
#10 /home/winston/Documents/projects/laravel-article-cms-Rest-API/vendor/laravel/framework/src/Illuminate/Container/BoundMethod.php(36): Illuminate\\Database\\Console\\Migrations\\FreshCommand->handle()
#11 /home/winston/Documents/projects/laravel-article-cms-Rest-API/vendor/laravel/framework/src/Illuminate/Container/Util.php(43): Illuminate\\Container\\BoundMethod::{closure:Illuminate\\Container\\BoundMethod::call():35}()
#12 /home/winston/Documents/projects/laravel-article-cms-Rest-API/vendor/laravel/framework/src/Illuminate/Container/BoundMethod.php(95): Illuminate\\Container\\Util::unwrapIfClosure()
#13 /home/winston/Documents/projects/laravel-article-cms-Rest-API/vendor/laravel/framework/src/Illuminate/Container/BoundMethod.php(35): Illuminate\\Container\\BoundMethod::callBoundMethod()
#14 /home/winston/Documents/projects/laravel-article-cms-Rest-API/vendor/laravel/framework/src/Illuminate/Container/Container.php(696): Illuminate\\Container\\BoundMethod::call()
#15 /home/winston/Documents/projects/laravel-article-cms-Rest-API/vendor/laravel/framework/src/Illuminate/Console/Command.php(213): Illuminate\\Container\\Container->call()
#16 /home/winston/Documents/projects/laravel-article-cms-Rest-API/vendor/symfony/console/Command/Command.php(318): Illuminate\\Console\\Command->execute()
#17 /home/winston/Documents/projects/laravel-article-cms-Rest-API/vendor/laravel/framework/src/Illuminate/Console/Command.php(182): Symfony\\Component\\Console\\Command\\Command->run()
#18 /home/winston/Documents/projects/laravel-article-cms-Rest-API/vendor/symfony/console/Application.php(1092): Illuminate\\Console\\Command->run()
#19 /home/winston/Documents/projects/laravel-article-cms-Rest-API/vendor/symfony/console/Application.php(341): Symfony\\Component\\Console\\Application->doRunCommand()
#20 /home/winston/Documents/projects/laravel-article-cms-Rest-API/vendor/symfony/console/Application.php(192): Symfony\\Component\\Console\\Application->doRun()
#21 /home/winston/Documents/projects/laravel-article-cms-Rest-API/vendor/laravel/framework/src/Illuminate/Foundation/Console/Kernel.php(198): Symfony\\Component\\Console\\Application->run()
#22 /home/winston/Documents/projects/laravel-article-cms-Rest-API/vendor/laravel/framework/src/Illuminate/Foundation/Application.php(1235): Illuminate\\Foundation\\Console\\Kernel->handle()
#23 /home/winston/Documents/projects/laravel-article-cms-Rest-API/artisan(13): Illuminate\\Foundation\\Application->handleCommand()
#24 {main}

[previous exception] [object] (PDOException(code: 1045): SQLSTATE[HY000] [1045] Access denied for user 'root'@'localhost' (using password: NO) at /home/winston/Documents/projects/laravel-article-cms-Rest-API/vendor/laravel/framework/src/Illuminate/Database/Connectors/Connector.php:67)
[stacktrace]
#0 /home/winston/Documents/projects/laravel-article-cms-Rest-API/vendor/laravel/framework/src/Illuminate/Database/Connectors/Connector.php(67): PDO::connect()
#1 /home/winston/Documents/projects/laravel-article-cms-Rest-API/vendor/laravel/framework/src/Illuminate/Database/Connectors/Connector.php(44): Illuminate\\Database\\Connectors\\Connector->createPdoConnection()
#2 /home/winston/Documents/projects/laravel-article-cms-Rest-API/vendor/laravel/framework/src/Illuminate/Database/Connectors/MySqlConnector.php(24): Illuminate\\Database\\Connectors\\Connector->createConnection()
#3 /home/winston/Documents/projects/laravel-article-cms-Rest-API/vendor/laravel/framework/src/Illuminate/Database/Connectors/ConnectionFactory.php(185): Illuminate\\Database\\Connectors\\MySqlConnector->connect()
#4 [internal function]: Illuminate\\Database\\Connectors\\ConnectionFactory->{closure:Illuminate\\Database\\Connectors\\ConnectionFactory::createPdoResolverWithHosts():180}()
#5 /home/winston/Documents/projects/laravel-article-cms-Rest-API/vendor/laravel/framework/src/Illuminate/Database/Connection.php(1231): call_user_func()
#6 /home/winston/Documents/projects/laravel-article-cms-Rest-API/vendor/laravel/framework/src/Illuminate/Database/Connection.php(1267): Illuminate\\Database\\Connection->getPdo()
#7 /home/winston/Documents/projects/laravel-article-cms-Rest-API/vendor/laravel/framework/src/Illuminate/Database/Connection.php(512): Illuminate\\Database\\Connection->getReadPdo()
#8 /home/winston/Documents/projects/laravel-article-cms-Rest-API/vendor/laravel/framework/src/Illuminate/Database/Connection.php(407): Illuminate\\Database\\Connection->getPdoForSelect()
#9 /home/winston/Documents/projects/laravel-article-cms-Rest-API/vendor/laravel/framework/src/Illuminate/Database/Connection.php(812): Illuminate\\Database\\Connection->{closure:Illuminate\\Database\\Connection::select():398}()
#10 /home/winston/Documents/projects/laravel-article-cms-Rest-API/vendor/laravel/framework/src/Illuminate/Database/Connection.php(779): Illuminate\\Database\\Connection->runQueryCallback()
#11 /home/winston/Documents/projects/laravel-article-cms-Rest-API/vendor/laravel/framework/src/Illuminate/Database/Connection.php(398): Illuminate\\Database\\Connection->run()
#12 /home/winston/Documents/projects/laravel-article-cms-Rest-API/vendor/laravel/framework/src/Illuminate/Database/Connection.php(344): Illuminate\\Database\\Connection->select()
#13 /home/winston/Documents/projects/laravel-article-cms-Rest-API/vendor/laravel/framework/src/Illuminate/Database/Connection.php(361): Illuminate\\Database\\Connection->selectOne()
#14 /home/winston/Documents/projects/laravel-article-cms-Rest-API/vendor/laravel/framework/src/Illuminate/Database/Schema/MySqlBuilder.php(45): Illuminate\\Database\\Connection->scalar()
#15 /home/winston/Documents/projects/laravel-article-cms-Rest-API/vendor/laravel/framework/src/Illuminate/Database/Migrations/DatabaseMigrationRepository.php(184): Illuminate\\Database\\Schema\\MySqlBuilder->hasTable()
#16 /home/winston/Documents/projects/laravel-article-cms-Rest-API/vendor/laravel/framework/src/Illuminate/Database/Migrations/Migrator.php(742): Illuminate\\Database\\Migrations\\DatabaseMigrationRepository->repositoryExists()
#17 /home/winston/Documents/projects/laravel-article-cms-Rest-API/vendor/laravel/framework/src/Illuminate/Database/Console/Migrations/FreshCommand.php(68): Illuminate\\Database\\Migrations\\Migrator->repositoryExists()
#18 /home/winston/Documents/projects/laravel-article-cms-Rest-API/vendor/laravel/framework/src/Illuminate/Database/Migrations/Migrator.php(658): Illuminate\\Database\\Console\\Migrations\\FreshCommand->{closure:Illuminate\\Database\\Console\\Migrations\\FreshCommand::handle():67}()
#19 /home/winston/Documents/projects/laravel-article-cms-Rest-API/vendor/laravel/framework/src/Illuminate/Database/Console/Migrations/FreshCommand.php(67): Illuminate\\Database\\Migrations\\Migrator->usingConnection()
#20 /home/winston/Documents/projects/laravel-article-cms-Rest-API/vendor/laravel/framework/src/Illuminate/Container/BoundMethod.php(36): Illuminate\\Database\\Console\\Migrations\\FreshCommand->handle()
#21 /home/winston/Documents/projects/laravel-article-cms-Rest-API/vendor/laravel/framework/src/Illuminate/Container/Util.php(43): Illuminate\\Container\\BoundMethod::{closure:Illuminate\\Container\\BoundMethod::call():35}()
#22 /home/winston/Documents/projects/laravel-article-cms-Rest-API/vendor/laravel/framework/src/Illuminate/Container/BoundMethod.php(95): Illuminate\\Container\\Util::unwrapIfClosure()
#23 /home/winston/Documents/projects/laravel-article-cms-Rest-API/vendor/laravel/framework/src/Illuminate/Container/BoundMethod.php(35): Illuminate\\Container\\BoundMethod::callBoundMethod()
#24 /home/winston/Documents/projects/laravel-article-cms-Rest-API/vendor/laravel/framework/src/Illuminate/Container/Container.php(696): Illuminate\\Container\\BoundMethod::call()
#25 /home/winston/Documents/projects/laravel-article-cms-Rest-API/vendor/laravel/framework/src/Illuminate/Console/Command.php(213): Illuminate\\Container\\Container->call()
#26 /home/winston/Documents/projects/laravel-article-cms-Rest-API/vendor/symfony/console/Command/Command.php(318): Illuminate\\Console\\Command->execute()
#27 /home/winston/Documents/projects/laravel-article-cms-Rest-API/vendor/laravel/framework/src/Illuminate/Console/Command.php(182): Symfony\\Component\\Console\\Command\\Command->run()
#28 /home/winston/Documents/projects/laravel-article-cms-Rest-API/vendor/symfony/console/Application.php(1092): Illuminate\\Console\\Command->run()
#29 /home/winston/Documents/projects/laravel-article-cms-Rest-API/vendor/symfony/console/Application.php(341): Symfony\\Component\\Console\\Application->doRunCommand()
#30 /home/winston/Documents/projects/laravel-article-cms-Rest-API/vendor/symfony/console/Application.php(192): Symfony\\Component\\Console\\Application->doRun()
#31 /home/winston/Documents/projects/laravel-article-cms-Rest-API/vendor/laravel/framework/src/Illuminate/Foundation/Console/Kernel.php(198): Symfony\\Component\\Console\\Application->run()
#32 /home/winston/Documents/projects/laravel-article-cms-Rest-API/vendor/laravel/framework/src/Illuminate/Foundation/Application.php(1235): Illuminate\\Foundation\\Console\\Kernel->handle()
#33 /home/winston/Documents/projects/laravel-article-cms-Rest-API/artisan(13): Illuminate\\Foundation\\Application->handleCommand()
#34 {main}
"} 
[2025-06-04 03:14:47] local.INFO: Request Origin:   
[2025-06-04 03:14:53] local.INFO: Request Origin:   
[2025-06-04 03:37:40] local.INFO: Request Origin:   
[2025-06-04 03:41:32] local.INFO: Request Origin:   
[2025-06-04 03:41:39] local.INFO: Request Origin:   
[2025-06-04 03:42:29] local.INFO: Request Origin:   
[2025-06-04 03:42:39] local.INFO: Request Origin: http://localhost:3000  
[2025-06-04 03:42:53] local.INFO: Request Origin: http://localhost:3000  
[2025-06-04 03:42:59] local.INFO: Request Origin: http://localhost:3000  
[2025-06-04 03:43:02] local.INFO: Request Origin: http://localhost:3000  
[2025-06-04 03:43:05] local.INFO: Request Origin: http://localhost:3000  
[2025-06-04 03:43:10] local.INFO: Request Origin: http://localhost:3000  
[2025-06-04 03:43:24] local.INFO: Request Origin: http://localhost:3000  
[2025-06-04 03:43:54] local.INFO: Request Origin: http://localhost:3000  
[2025-06-04 03:49:37] local.INFO: Request Origin:   
[2025-06-04 03:52:03] local.INFO: Request Origin:   
[2025-06-04 03:52:03] local.INFO: Request Origin:   
[2025-06-04 03:52:03] local.INFO: Request Origin:   
[2025-06-04 03:52:03] local.INFO: Request Origin:   
[2025-06-04 03:52:03] local.INFO: Request Origin:   
[2025-06-04 03:53:32] local.INFO: Request Origin:   
[2025-06-04 03:53:32] local.INFO: Request Origin:   
[2025-06-04 03:54:25] local.INFO: Request Origin:   
[2025-06-04 03:54:25] local.INFO: Request Origin:   
[2025-06-04 03:54:26] local.INFO: Request Origin:   
[2025-06-04 03:54:26] local.INFO: Request Origin:   
[2025-06-04 03:54:26] local.INFO: Request Origin:   
[2025-06-04 03:54:26] local.INFO: Request Origin:   
[2025-06-04 03:54:26] local.INFO: Request Origin:   
[2025-06-04 03:54:26] local.INFO: Request Origin:   
[2025-06-04 03:54:28] local.INFO: Request Origin:   
[2025-06-04 03:54:28] local.INFO: Request Origin:   
[2025-06-04 03:54:28] local.INFO: Request Origin:   
[2025-06-04 03:54:29] local.INFO: Request Origin:   
[2025-06-04 03:54:29] local.INFO: Request Origin:   
[2025-06-04 03:54:29] local.INFO: Request Origin:   
[2025-06-04 03:54:29] local.INFO: Request Origin:   
[2025-06-04 03:54:29] local.INFO: Request Origin:   
[2025-06-04 03:54:41] local.INFO: Request Origin:   
[2025-06-04 03:54:41] local.INFO: Request Origin:   
[2025-06-04 03:54:44] local.INFO: Request Origin:   
[2025-06-04 03:54:44] local.INFO: Request Origin:   
[2025-06-04 03:54:45] local.INFO: Request Origin:   
[2025-06-04 03:54:45] local.INFO: Request Origin:   
[2025-06-04 03:54:46] local.INFO: Request Origin:   
[2025-06-04 03:54:47] local.INFO: Request Origin:   
[2025-06-04 03:54:47] local.INFO: Request Origin:   
[2025-06-04 03:54:47] local.INFO: Request Origin:   
[2025-06-04 03:54:48] local.INFO: Request Origin:   
[2025-06-04 03:54:48] local.INFO: Request Origin:   
[2025-06-04 03:54:53] local.INFO: Request Origin:   
[2025-06-04 03:54:53] local.INFO: Request Origin:   
[2025-06-04 03:54:53] local.INFO: Request Origin:   
[2025-06-04 03:54:53] local.INFO: Request Origin:   
[2025-06-04 03:54:57] local.INFO: Request Origin:   
[2025-06-04 03:54:57] local.INFO: Request Origin:   
[2025-06-04 03:54:58] local.INFO: Request Origin:   
[2025-06-04 03:54:58] local.INFO: Request Origin:   
[2025-06-04 03:54:58] local.INFO: Request Origin:   
[2025-06-04 03:54:58] local.INFO: Request Origin:   
[2025-06-04 03:54:59] local.INFO: Request Origin:   
[2025-06-04 03:54:59] local.INFO: Request Origin:   
[2025-06-04 03:56:09] local.INFO: Request Origin:   
[2025-06-04 03:56:09] local.INFO: Request Origin:   
[2025-06-04 03:56:12] local.INFO: Request Origin:   
[2025-06-04 03:56:12] local.INFO: Request Origin:   
[2025-06-04 03:59:30] local.INFO: Request Origin:   
[2025-06-04 03:59:30] local.INFO: Request Origin:   
[2025-06-04 03:59:30] local.INFO: Request Origin:   
[2025-06-04 03:59:30] local.INFO: Request Origin:   
[2025-06-04 03:59:30] local.INFO: Request Origin:   
[2025-06-04 03:59:30] local.INFO: Request Origin:   
[2025-06-04 03:59:30] local.INFO: Request Origin:   
[2025-06-04 03:59:31] local.INFO: Request Origin:   
[2025-06-04 03:59:31] local.INFO: Request Origin:   
[2025-06-04 03:59:31] local.INFO: Request Origin:   
[2025-06-04 03:59:32] local.INFO: Request Origin:   
[2025-06-04 03:59:32] local.INFO: Request Origin:   
[2025-06-04 03:59:32] local.INFO: Request Origin:   
[2025-06-04 03:59:32] local.INFO: Request Origin:   
[2025-06-04 03:59:32] local.INFO: Request Origin:   
[2025-06-04 03:59:32] local.INFO: Request Origin:   
[2025-06-04 03:59:37] local.INFO: Request Origin:   
[2025-06-04 03:59:37] local.INFO: Request Origin:   
[2025-06-04 03:59:37] local.INFO: Request Origin:   
[2025-06-04 03:59:37] local.INFO: Request Origin:   
[2025-06-04 03:59:37] local.INFO: Request Origin:   
[2025-06-04 03:59:37] local.INFO: Request Origin:   
[2025-06-04 03:59:37] local.INFO: Request Origin:   
[2025-06-04 03:59:37] local.INFO: Request Origin:   
[2025-06-04 03:59:38] local.INFO: Request Origin:   
[2025-06-04 03:59:38] local.INFO: Request Origin:   
[2025-06-04 03:59:38] local.INFO: Request Origin:   
[2025-06-04 03:59:38] local.INFO: Request Origin:   
[2025-06-04 03:59:39] local.INFO: Request Origin:   
[2025-06-04 03:59:39] local.INFO: Request Origin:   
[2025-06-04 03:59:39] local.INFO: Request Origin:   
[2025-06-04 03:59:39] local.INFO: Request Origin:   
[2025-06-04 03:59:40] local.INFO: Request Origin:   
[2025-06-04 03:59:40] local.INFO: Request Origin:   
[2025-06-04 03:59:43] local.INFO: Request Origin:   
[2025-06-04 03:59:43] local.INFO: Request Origin:   
[2025-06-04 15:12:50] local.INFO: Request Origin:   
[2025-06-04 15:12:50] local.INFO: Request Origin:   
[2025-06-04 15:12:51] local.INFO: Request Origin:   
[2025-06-04 15:12:51] local.INFO: Request Origin:   
[2025-06-04 15:12:53] local.INFO: Request Origin:   
[2025-06-04 15:12:53] local.INFO: Request Origin:   
[2025-06-04 15:13:01] local.INFO: Request Origin:   
[2025-06-04 15:13:02] local.INFO: Request Origin:   
[2025-06-04 15:13:02] local.INFO: Request Origin:   
[2025-06-04 15:13:02] local.INFO: Request Origin:   
[2025-06-04 15:13:02] local.INFO: Request Origin:   
[2025-06-04 15:13:02] local.INFO: Request Origin:   
[2025-06-04 15:13:02] local.INFO: Request Origin:   
[2025-06-04 15:13:03] local.INFO: Request Origin:   
[2025-06-04 15:13:03] local.INFO: Request Origin:   
[2025-06-04 15:13:03] local.INFO: Request Origin:   
[2025-06-04 15:13:03] local.INFO: Request Origin:   
[2025-06-04 15:13:18] local.INFO: Request Origin:   
[2025-06-04 15:13:18] local.INFO: Request Origin:   
[2025-06-04 15:13:53] local.INFO: Request Origin:   
[2025-06-04 15:13:53] local.INFO: Request Origin:   
[2025-06-04 15:13:53] local.INFO: Request Origin:   
[2025-06-04 15:13:53] local.INFO: Request Origin:   
[2025-06-04 15:13:53] local.INFO: Request Origin:   
[2025-06-04 15:13:53] local.INFO: Request Origin:   
[2025-06-04 15:13:53] local.INFO: Request Origin:   
[2025-06-04 15:13:53] local.INFO: Request Origin:   
[2025-06-04 15:54:38] local.INFO: Request Origin:   
[2025-06-04 15:54:39] local.INFO: Request Origin:   
[2025-06-04 15:54:39] local.INFO: Request Origin:   
[2025-06-04 15:54:39] local.INFO: Request Origin:   
[2025-06-04 15:54:39] local.INFO: Request Origin:   
[2025-06-04 15:54:39] local.INFO: Request Origin:   
[2025-06-04 15:54:39] local.INFO: Request Origin:   
[2025-06-04 15:54:39] local.INFO: Request Origin:   
[2025-06-05 07:47:04] local.INFO: Request Origin:   
[2025-06-05 07:47:04] local.INFO: Request Origin:   
[2025-06-05 07:47:04] local.INFO: Request Origin:   
[2025-06-05 07:47:04] local.INFO: Request Origin:   
[2025-06-05 07:47:05] local.INFO: Request Origin:   
[2025-06-05 07:47:05] local.INFO: Request Origin:   
[2025-06-05 07:47:05] local.INFO: Request Origin:   
[2025-06-05 07:47:05] local.INFO: Request Origin:   
[2025-06-05 07:47:08] local.INFO: Request Origin:   
[2025-06-05 07:47:08] local.INFO: Request Origin:   
[2025-06-05 07:48:18] local.INFO: Request Origin:   
[2025-06-05 07:48:18] local.INFO: Request Origin:   
[2025-06-05 07:48:18] local.INFO: Request Origin:   
[2025-06-05 07:48:18] local.INFO: Request Origin:   
[2025-06-05 07:48:33] local.INFO: Request Origin:   
[2025-06-05 07:48:33] local.INFO: Request Origin:   
[2025-06-05 07:48:34] local.INFO: Request Origin:   
[2025-06-05 07:48:34] local.INFO: Request Origin:   
[2025-06-05 07:48:35] local.INFO: Request Origin:   
[2025-06-05 07:48:35] local.INFO: Request Origin:   
[2025-06-05 07:48:37] local.INFO: Request Origin:   
[2025-06-05 07:48:37] local.INFO: Request Origin:   
[2025-06-05 07:48:40] local.INFO: Request Origin:   
[2025-06-05 07:48:40] local.INFO: Request Origin:   
[2025-06-05 07:50:02] local.INFO: Request Origin:   
[2025-06-05 07:50:02] local.INFO: Request Origin:   
[2025-06-05 07:50:02] local.INFO: Request Origin:   
[2025-06-05 07:50:02] local.INFO: Request Origin:   
[2025-06-05 07:50:02] local.INFO: Request Origin:   
[2025-06-05 07:50:02] local.INFO: Request Origin:   
[2025-06-05 07:50:03] local.INFO: Request Origin:   
[2025-06-05 07:50:03] local.INFO: Request Origin:   
[2025-06-05 07:50:04] local.INFO: Request Origin:   
[2025-06-05 07:50:05] local.INFO: Request Origin:   
[2025-06-05 07:50:05] local.INFO: Request Origin:   
[2025-06-05 07:50:05] local.INFO: Request Origin:   
[2025-06-05 07:50:05] local.INFO: Request Origin:   
[2025-06-05 07:50:05] local.INFO: Request Origin:   
[2025-06-05 07:50:05] local.INFO: Request Origin:   
[2025-06-05 07:50:05] local.INFO: Request Origin:   
[2025-06-05 07:50:05] local.INFO: Request Origin:   
[2025-06-05 07:50:05] local.INFO: Request Origin:   
[2025-06-05 07:50:06] local.INFO: Request Origin:   
[2025-06-05 07:50:06] local.INFO: Request Origin:   
[2025-06-05 07:50:06] local.INFO: Request Origin:   
[2025-06-05 07:50:06] local.INFO: Request Origin:   
[2025-06-05 07:50:06] local.INFO: Request Origin:   
[2025-06-05 07:50:06] local.INFO: Request Origin:   
[2025-06-05 07:50:06] local.INFO: Request Origin:   
[2025-06-05 07:50:06] local.INFO: Request Origin:   
[2025-06-05 07:50:06] local.INFO: Request Origin:   
[2025-06-05 07:50:06] local.INFO: Request Origin:   
[2025-06-05 07:50:07] local.INFO: Request Origin:   
[2025-06-05 07:50:07] local.INFO: Request Origin:   
[2025-06-05 07:50:07] local.INFO: Request Origin:   
[2025-06-05 07:50:07] local.INFO: Request Origin:   
[2025-06-05 07:50:07] local.INFO: Request Origin:   
[2025-06-05 07:50:07] local.INFO: Request Origin:   
[2025-06-05 07:50:07] local.INFO: Request Origin:   
[2025-06-05 07:50:07] local.INFO: Request Origin:   
[2025-06-05 07:50:07] local.INFO: Request Origin:   
[2025-06-05 07:50:08] local.INFO: Request Origin:   
[2025-06-05 07:50:08] local.INFO: Request Origin:   
[2025-06-05 07:50:08] local.INFO: Request Origin:   
[2025-06-05 08:05:01] local.INFO: Request Origin:   
[2025-06-05 08:05:01] local.INFO: Request Origin:   
[2025-06-05 08:05:01] local.INFO: Request Origin:   
[2025-06-05 08:05:01] local.INFO: Request Origin:   
[2025-06-05 08:05:02] local.INFO: Request Origin:   
[2025-06-05 08:05:02] local.INFO: Request Origin:   
[2025-06-05 08:05:02] local.INFO: Request Origin:   
[2025-06-05 08:05:02] local.INFO: Request Origin:   
[2025-06-05 08:05:03] local.INFO: Request Origin:   
[2025-06-05 08:05:03] local.INFO: Request Origin:   
[2025-06-05 08:05:03] local.INFO: Request Origin:   
[2025-06-05 08:05:03] local.INFO: Request Origin:   
[2025-06-05 08:05:03] local.INFO: Request Origin:   
[2025-06-05 08:05:03] local.INFO: Request Origin:   
[2025-06-05 08:05:03] local.INFO: Request Origin:   
[2025-06-05 08:05:04] local.INFO: Request Origin:   
[2025-06-05 08:20:47] local.INFO: Request Origin:   
[2025-06-05 08:20:48] local.INFO: Request Origin:   
[2025-06-05 08:20:48] local.INFO: Request Origin:   
[2025-06-05 08:20:48] local.INFO: Request Origin:   
[2025-06-05 08:20:48] local.INFO: Request Origin:   
[2025-06-05 08:20:48] local.INFO: Request Origin:   
[2025-06-05 08:21:15] local.INFO: Request Origin:   
[2025-06-05 08:21:15] local.INFO: Request Origin:   
[2025-06-05 08:21:15] local.INFO: Request Origin:   
[2025-06-05 08:21:15] local.INFO: Request Origin:   
[2025-06-05 08:21:15] local.INFO: Request Origin:   
[2025-06-05 08:21:15] local.INFO: Request Origin:   
[2025-06-05 08:21:15] local.INFO: Request Origin:   
[2025-06-05 08:21:17] local.INFO: Request Origin:   
[2025-06-05 08:21:17] local.INFO: Request Origin:   
[2025-06-05 08:21:18] local.INFO: Request Origin: http://localhost:3000  
[2025-06-05 08:23:20] local.INFO: Request Origin: http://localhost:3000  
[2025-06-05 08:46:46] local.INFO: Request Origin:   
[2025-06-05 08:46:47] local.INFO: Request Origin:   
[2025-06-05 08:48:28] local.INFO: Request Origin:   
[2025-06-05 08:48:28] local.INFO: Request Origin:   
[2025-06-05 08:48:28] local.INFO: Request Origin:   
[2025-06-05 08:48:28] local.INFO: Request Origin:   
[2025-06-05 08:48:29] local.INFO: Request Origin:   
[2025-06-05 08:48:29] local.INFO: Request Origin:   
[2025-06-05 08:48:29] local.INFO: Request Origin:   
[2025-06-05 08:48:29] local.INFO: Request Origin:   
[2025-06-05 08:48:30] local.INFO: Request Origin:   
[2025-06-05 08:48:30] local.INFO: Request Origin:   
[2025-06-05 08:48:30] local.INFO: Request Origin:   
[2025-06-05 08:48:30] local.INFO: Request Origin:   
[2025-06-05 08:48:30] local.INFO: Request Origin:   
[2025-06-05 08:48:30] local.INFO: Request Origin:   
[2025-06-05 08:48:30] local.INFO: Request Origin:   
[2025-06-05 08:48:30] local.INFO: Request Origin:   
[2025-06-05 08:56:03] local.INFO: Request Origin:   
[2025-06-05 08:56:03] local.INFO: Request Origin:   
[2025-06-05 08:56:03] local.INFO: Request Origin:   
[2025-06-05 08:56:03] local.INFO: Request Origin:   
[2025-06-05 08:56:03] local.INFO: Request Origin:   
[2025-06-05 08:56:03] local.INFO: Request Origin:   
[2025-06-05 08:56:03] local.INFO: Request Origin:   
[2025-06-05 08:56:06] local.INFO: Request Origin:   
[2025-06-05 08:56:06] local.INFO: Request Origin:   
[2025-06-05 08:56:06] local.INFO: Request Origin:   
[2025-06-05 08:56:06] local.INFO: Request Origin:   
[2025-06-05 08:56:06] local.INFO: Request Origin:   
[2025-06-05 08:56:06] local.INFO: Request Origin:   
[2025-06-05 08:56:06] local.INFO: Request Origin:   
[2025-06-05 08:56:06] local.INFO: Request Origin:   
[2025-06-05 08:56:24] local.INFO: Request Origin:   
[2025-06-05 08:56:24] local.INFO: Request Origin:   
[2025-06-05 08:56:24] local.INFO: Request Origin:   
[2025-06-05 08:56:24] local.INFO: Request Origin:   
[2025-06-05 08:56:24] local.INFO: Request Origin:   
[2025-06-05 08:56:25] local.INFO: Request Origin:   
[2025-06-05 08:56:25] local.INFO: Request Origin:   
[2025-06-05 08:56:26] local.INFO: Request Origin:   
[2025-06-05 08:56:26] local.INFO: Request Origin:   
[2025-06-05 08:56:26] local.INFO: Request Origin:   
[2025-06-05 08:56:26] local.INFO: Request Origin:   
[2025-06-05 08:56:26] local.INFO: Request Origin:   
[2025-06-05 08:56:26] local.INFO: Request Origin:   
[2025-06-05 08:56:26] local.INFO: Request Origin:   
[2025-06-05 08:56:27] local.INFO: Request Origin:   
[2025-06-05 08:56:34] local.INFO: Request Origin:   
[2025-06-05 08:56:34] local.INFO: Request Origin:   
[2025-06-05 08:56:34] local.INFO: Request Origin:   
[2025-06-05 08:56:34] local.INFO: Request Origin:   
[2025-06-05 08:56:35] local.INFO: Request Origin:   
[2025-06-05 08:56:35] local.INFO: Request Origin:   
[2025-06-05 08:56:35] local.INFO: Request Origin:   
[2025-06-05 08:56:36] local.INFO: Request Origin:   
[2025-06-05 08:56:36] local.INFO: Request Origin:   
[2025-06-05 08:56:36] local.INFO: Request Origin:   
[2025-06-05 08:56:36] local.INFO: Request Origin:   
[2025-06-05 08:56:36] local.INFO: Request Origin:   
[2025-06-05 08:56:36] local.INFO: Request Origin:   
[2025-06-05 08:56:36] local.INFO: Request Origin:   
[2025-06-05 08:56:37] local.INFO: Request Origin:   
[2025-06-05 16:16:35] local.INFO: Request Origin:   
[2025-06-05 16:16:35] local.INFO: Request Origin:   
[2025-06-05 16:16:36] local.INFO: Request Origin:   
[2025-06-05 16:16:36] local.INFO: Request Origin:   
[2025-06-05 16:16:36] local.INFO: Request Origin:   
[2025-06-05 16:16:36] local.INFO: Request Origin:   
[2025-06-05 16:16:36] local.INFO: Request Origin:   
[2025-06-05 16:16:39] local.INFO: Request Origin:   
[2025-06-05 16:16:39] local.INFO: Request Origin:   
[2025-06-05 16:16:39] local.INFO: Request Origin:   
[2025-06-05 16:16:39] local.INFO: Request Origin:   
[2025-06-05 16:25:38] local.INFO: Request Origin:   
[2025-06-05 16:25:38] local.INFO: Request Origin:   
[2025-06-05 16:25:38] local.INFO: Request Origin:   
[2025-06-05 16:25:38] local.INFO: Request Origin:   
[2025-06-05 16:25:38] local.INFO: Request Origin:   
[2025-06-05 16:25:38] local.INFO: Request Origin:   
[2025-06-05 16:25:38] local.INFO: Request Origin:   
[2025-06-05 16:25:39] local.INFO: Request Origin:   
[2025-06-05 16:25:39] local.INFO: Request Origin:   
[2025-06-05 16:25:39] local.INFO: Request Origin:   
[2025-06-05 16:25:39] local.INFO: Request Origin:   
[2025-06-05 16:25:40] local.INFO: Request Origin:   
[2025-06-05 16:25:40] local.INFO: Request Origin:   
[2025-06-05 16:25:40] local.INFO: Request Origin:   
[2025-06-05 16:25:40] local.INFO: Request Origin:   
[2025-06-05 16:25:40] local.INFO: Request Origin:   
[2025-06-05 16:27:25] local.INFO: Request Origin:   
[2025-06-05 16:27:25] local.INFO: Request Origin:   
[2025-06-05 16:28:16] local.INFO: Request Origin:   
[2025-06-05 16:28:16] local.INFO: Request Origin:   
[2025-06-05 16:28:16] local.INFO: Request Origin:   
[2025-06-05 16:28:16] local.INFO: Request Origin:   
[2025-06-05 16:28:17] local.INFO: Request Origin: http://localhost:3000  
[2025-06-05 16:28:19] local.INFO: Request Origin:   
[2025-06-05 16:28:19] local.INFO: Request Origin:   
[2025-06-05 16:28:21] local.INFO: Request Origin:   
[2025-06-05 16:28:21] local.INFO: Request Origin:   
[2025-06-05 16:28:23] local.INFO: Request Origin:   
[2025-06-05 16:28:23] local.INFO: Request Origin:   
[2025-06-05 16:28:24] local.INFO: Request Origin:   
[2025-06-05 16:28:24] local.INFO: Request Origin:   
[2025-06-05 16:28:37] local.INFO: Request Origin:   
[2025-06-05 16:28:37] local.INFO: Request Origin:   
[2025-06-05 16:28:38] local.INFO: Request Origin:   
[2025-06-05 16:28:38] local.INFO: Request Origin:   
[2025-06-05 16:28:41] local.INFO: Request Origin:   
[2025-06-05 16:28:41] local.INFO: Request Origin:   
[2025-06-05 16:28:41] local.INFO: Request Origin:   
[2025-06-05 16:28:42] local.INFO: Request Origin:   
[2025-06-05 16:28:44] local.INFO: Request Origin:   
[2025-06-05 16:28:44] local.INFO: Request Origin:   
[2025-06-05 16:28:44] local.INFO: Request Origin:   
[2025-06-05 16:28:44] local.INFO: Request Origin:   
[2025-06-05 16:28:45] local.INFO: Request Origin:   
[2025-06-05 16:28:45] local.INFO: Request Origin:   
[2025-06-05 16:28:45] local.INFO: Request Origin:   
[2025-06-05 16:28:46] local.INFO: Request Origin:   
[2025-06-05 16:28:46] local.INFO: Request Origin:   
[2025-06-05 16:28:46] local.INFO: Request Origin:   
[2025-06-05 16:28:49] local.INFO: Request Origin:   
[2025-06-05 16:28:49] local.INFO: Request Origin:   
[2025-06-05 16:28:50] local.INFO: Request Origin:   
[2025-06-05 16:28:50] local.INFO: Request Origin:   
[2025-06-05 16:28:51] local.INFO: Request Origin:   
[2025-06-05 16:28:51] local.INFO: Request Origin:   
[2025-06-05 16:28:52] local.INFO: Request Origin:   
[2025-06-05 16:28:52] local.INFO: Request Origin:   
[2025-06-05 16:28:53] local.INFO: Request Origin:   
[2025-06-05 16:28:53] local.INFO: Request Origin:   
[2025-06-05 16:34:36] local.INFO: Request Origin: http://localhost:3000  
[2025-06-05 16:44:52] local.INFO: Request Origin: http://localhost:3000  
[2025-06-05 16:45:00] local.INFO: Request Origin:   
[2025-06-05 16:45:01] local.INFO: Request Origin:   
[2025-06-05 16:45:01] local.INFO: Request Origin: http://localhost:3000  
[2025-06-05 16:45:03] local.INFO: Request Origin: http://localhost:3000  
[2025-06-05 16:45:12] local.INFO: Request Origin:   
[2025-06-05 16:45:12] local.INFO: Request Origin:   
[2025-06-05 16:45:12] local.INFO: Request Origin: http://localhost:3000  
[2025-06-06 08:03:03] local.INFO: Request Origin:   
[2025-06-06 08:03:03] local.INFO: Request Origin:   
[2025-06-06 08:03:03] local.INFO: Request Origin:   
[2025-06-06 08:03:03] local.INFO: Request Origin:   
[2025-06-06 08:03:03] local.INFO: Request Origin:   
[2025-06-06 08:03:03] local.INFO: Request Origin:   
[2025-06-06 08:03:03] local.INFO: Request Origin:   
[2025-06-06 08:03:06] local.INFO: Request Origin:   
[2025-06-06 08:03:06] local.INFO: Request Origin:   
[2025-06-06 08:03:15] local.INFO: Request Origin:   
[2025-06-06 08:03:16] local.INFO: Request Origin:   
[2025-06-06 08:03:16] local.INFO: Request Origin: http://localhost:3000  
[2025-06-07 08:32:25] local.INFO: Request Origin:   
[2025-06-07 08:32:26] local.INFO: Request Origin:   
[2025-06-07 08:32:26] local.INFO: Request Origin:   
[2025-06-07 08:32:26] local.INFO: Request Origin:   
[2025-06-07 08:32:26] local.INFO: Request Origin:   
[2025-06-07 08:32:26] local.INFO: Request Origin:   
[2025-06-07 08:32:26] local.INFO: Request Origin:   
[2025-06-07 08:32:29] local.INFO: Request Origin:   
[2025-06-07 08:32:29] local.INFO: Request Origin:   
[2025-06-07 08:33:18] local.INFO: Request Origin:   
[2025-06-07 08:33:18] local.INFO: Request Origin:   
[2025-06-07 08:33:19] local.INFO: Request Origin: http://localhost:3000  
[2025-06-07 08:34:39] local.INFO: Request Origin:   
[2025-06-07 08:34:40] local.INFO: Request Origin: http://localhost:3000  
[2025-06-07 08:34:48] local.INFO: Request Origin:   
[2025-06-07 08:34:48] local.INFO: Request Origin:   
[2025-06-07 08:34:51] local.INFO: Request Origin:   
[2025-06-07 08:34:51] local.INFO: Request Origin:   
[2025-06-07 08:34:52] local.INFO: Request Origin:   
[2025-06-07 08:34:52] local.INFO: Request Origin:   
[2025-06-07 08:34:54] local.INFO: Request Origin:   
[2025-06-07 08:34:54] local.INFO: Request Origin:   
[2025-06-07 08:34:58] local.INFO: Request Origin:   
[2025-06-07 08:34:58] local.INFO: Request Origin:   
[2025-06-07 08:36:07] local.INFO: Request Origin:   
[2025-06-07 08:36:07] local.INFO: Request Origin:   
[2025-06-07 08:36:08] local.INFO: Request Origin:   
[2025-06-07 08:36:08] local.INFO: Request Origin:   
[2025-06-07 08:36:09] local.INFO: Request Origin: http://localhost:3000  
[2025-06-07 08:43:46] local.INFO: Request Origin: http://localhost:3000  
[2025-06-07 08:44:45] local.INFO: Request Origin: http://localhost:3000  
[2025-06-07 08:45:56] local.INFO: Request Origin: http://localhost:3000  
[2025-06-07 08:46:21] local.INFO: Request Origin: http://localhost:3000  
[2025-06-07 08:46:50] local.INFO: Request Origin: http://localhost:3000  
[2025-06-07 08:47:41] local.INFO: Request Origin: http://localhost:3000  
[2025-06-07 08:48:19] local.INFO: Request Origin: http://localhost:3000  
[2025-06-07 08:48:33] local.INFO: Request Origin: http://localhost:3000  
[2025-06-07 08:48:45] local.INFO: Request Origin:   
[2025-06-07 08:48:49] local.INFO: Request Origin: http://localhost:3000  
[2025-06-07 08:50:10] local.INFO: Request Origin: http://localhost:3000  
[2025-06-07 08:50:21] local.INFO: Request Origin:   
[2025-06-07 08:51:03] local.INFO: Request Origin: http://localhost:3000  
[2025-06-07 08:51:35] local.INFO: Request Origin:   
[2025-06-07 08:51:39] local.INFO: Request Origin: http://localhost:3000  
[2025-06-07 08:56:39] local.INFO: Request Origin:   
[2025-06-07 08:56:39] local.INFO: Request Origin:   
[2025-06-07 08:56:39] local.INFO: Request Origin:   
[2025-06-07 08:56:39] local.INFO: Request Origin:   
[2025-06-07 08:56:39] local.INFO: Request Origin:   
[2025-06-07 08:56:39] local.INFO: Request Origin:   
[2025-06-07 08:56:39] local.INFO: Request Origin:   
[2025-06-07 08:56:39] local.INFO: Request Origin:   
[2025-06-07 08:56:40] local.INFO: Request Origin:   
[2025-06-07 08:56:40] local.INFO: Request Origin:   
[2025-06-07 08:56:40] local.INFO: Request Origin:   
[2025-06-07 08:56:40] local.INFO: Request Origin:   
[2025-06-07 08:56:41] local.INFO: Request Origin:   
[2025-06-07 08:56:41] local.INFO: Request Origin:   
[2025-06-07 08:56:41] local.INFO: Request Origin:   
[2025-06-07 08:56:41] local.INFO: Request Origin:   
[2025-06-07 08:57:19] local.INFO: Request Origin: http://localhost:3000  
[2025-06-07 09:04:51] local.INFO: Request Origin:   
[2025-06-07 09:04:51] local.INFO: Request Origin:   
[2025-06-07 09:04:52] local.INFO: Request Origin:   
[2025-06-07 09:04:52] local.INFO: Request Origin:   
[2025-06-07 09:04:53] local.INFO: Request Origin:   
[2025-06-07 09:04:53] local.INFO: Request Origin:   
[2025-06-07 09:04:53] local.INFO: Request Origin:   
[2025-06-07 09:04:53] local.INFO: Request Origin:   
[2025-06-07 09:05:10] local.INFO: Request Origin:   
[2025-06-07 09:05:10] local.INFO: Request Origin:   
[2025-06-07 09:05:11] local.INFO: Request Origin: http://localhost:3000  
[2025-06-07 09:06:05] local.INFO: Request Origin:   
[2025-06-07 09:06:05] local.INFO: Request Origin:   
[2025-06-07 09:06:08] local.INFO: Request Origin:   
[2025-06-07 09:06:08] local.INFO: Request Origin:   
[2025-06-07 09:06:10] local.INFO: Request Origin:   
[2025-06-07 09:06:10] local.INFO: Request Origin:   
[2025-06-07 09:06:12] local.INFO: Request Origin:   
[2025-06-07 09:06:12] local.INFO: Request Origin:   
[2025-06-07 09:06:14] local.INFO: Request Origin:   
[2025-06-07 09:06:14] local.INFO: Request Origin:   
[2025-06-07 09:06:14] local.INFO: Request Origin: http://localhost:3000  
[2025-06-07 09:06:18] local.INFO: Request Origin: http://localhost:3000  
[2025-06-07 09:09:25] local.INFO: Request Origin: http://localhost:3000  
[2025-06-07 09:09:31] local.INFO: Request Origin:   
[2025-06-07 09:09:31] local.INFO: Request Origin:   
[2025-06-07 21:14:42] local.INFO: Request Origin:   
[2025-06-07 21:14:42] local.INFO: Request Origin:   
[2025-06-07 21:14:42] local.INFO: Request Origin:   
[2025-06-07 21:14:42] local.INFO: Request Origin:   
[2025-06-07 21:14:42] local.INFO: Request Origin:   
[2025-06-07 21:14:42] local.INFO: Request Origin:   
[2025-06-07 21:14:42] local.INFO: Request Origin:   
[2025-06-07 21:14:43] local.INFO: Request Origin:   
[2025-06-07 21:14:43] local.INFO: Request Origin:   
[2025-06-07 21:14:43] local.INFO: Request Origin:   
[2025-06-07 21:14:43] local.INFO: Request Origin:   
[2025-06-07 21:14:43] local.INFO: Request Origin:   
[2025-06-07 21:14:43] local.INFO: Request Origin:   
[2025-06-07 21:14:43] local.INFO: Request Origin:   
[2025-06-07 21:14:43] local.INFO: Request Origin:   
[2025-06-08 04:52:51] local.INFO: Request Origin:   
[2025-06-08 04:52:51] local.INFO: Request Origin:   
[2025-06-08 04:52:51] local.INFO: Request Origin:   
[2025-06-08 04:52:51] local.INFO: Request Origin:   
[2025-06-08 04:52:52] local.INFO: Request Origin:   
[2025-06-08 04:52:52] local.INFO: Request Origin:   
[2025-06-08 04:52:52] local.INFO: Request Origin:   
[2025-06-08 04:52:54] local.INFO: Request Origin:   
[2025-06-08 04:52:54] local.INFO: Request Origin:   
[2025-06-08 04:54:17] local.INFO: Request Origin:   
[2025-06-08 04:54:17] local.INFO: Request Origin:   
[2025-06-08 04:54:21] local.INFO: Request Origin:   
[2025-06-08 04:54:21] local.INFO: Request Origin:   
[2025-06-08 04:54:28] local.INFO: Request Origin:   
[2025-06-08 04:54:28] local.INFO: Request Origin:   
[2025-06-08 04:54:29] local.INFO: Request Origin:   
[2025-06-08 04:54:29] local.INFO: Request Origin:   
[2025-06-08 04:54:29] local.INFO: Request Origin:   
[2025-06-08 04:54:30] local.INFO: Request Origin:   
[2025-06-08 04:54:30] local.INFO: Request Origin:   
[2025-06-08 04:54:30] local.INFO: Request Origin:   
[2025-06-08 04:54:42] local.INFO: Request Origin:   
[2025-06-08 04:54:43] local.INFO: Request Origin:   
[2025-06-08 04:54:43] local.INFO: Request Origin:   
[2025-06-08 04:54:43] local.INFO: Request Origin:   
[2025-06-08 04:54:43] local.INFO: Request Origin: http://localhost:3000  
[2025-06-08 04:57:27] local.INFO: Request Origin:   
[2025-06-08 04:57:28] local.INFO: Request Origin:   
[2025-06-08 04:57:28] local.INFO: Request Origin: http://localhost:3000  
[2025-06-08 04:57:34] local.INFO: Request Origin:   
[2025-06-08 04:57:34] local.INFO: Request Origin:   
[2025-06-08 04:57:34] local.INFO: Request Origin:   
[2025-06-08 04:57:35] local.INFO: Request Origin:   
[2025-06-08 04:57:35] local.INFO: Request Origin:   
[2025-06-08 04:57:35] local.INFO: Request Origin:   
[2025-06-08 05:03:56] local.INFO: Request Origin:   
[2025-06-08 05:03:56] local.INFO: Request Origin:   
[2025-06-08 05:08:06] local.INFO: Request Origin:   
[2025-06-08 05:08:11] local.INFO: Request Origin:   
[2025-06-08 05:08:22] local.INFO: Request Origin: http://localhost:3000  
[2025-06-08 05:10:15] local.INFO: Request Origin: http://localhost:3000  
[2025-06-08 05:14:21] local.INFO: Request Origin: http://localhost:3000  
[2025-06-08 05:14:31] local.INFO: Request Origin: http://localhost:3000  
[2025-06-08 05:31:04] local.INFO: Request Origin:   
[2025-06-08 05:38:24] local.INFO: Request Origin:   
[2025-06-08 05:41:40] local.INFO: Request Origin:   
[2025-06-08 05:41:41] local.INFO: Request Origin:   
[2025-06-08 05:41:41] local.INFO: Request Origin:   
[2025-06-08 05:41:41] local.INFO: Request Origin:   
[2025-06-08 05:41:41] local.INFO: Request Origin:   
[2025-06-08 05:41:41] local.INFO: Request Origin:   
[2025-06-08 05:42:35] local.INFO: Request Origin:   
[2025-06-08 05:42:35] local.INFO: Request Origin:   
[2025-06-08 05:42:49] local.INFO: Request Origin:   
[2025-06-08 05:43:19] local.INFO: Request Origin: http://localhost:3000  
[2025-06-08 05:43:26] local.INFO: Request Origin:   
[2025-06-08 05:43:36] local.INFO: Request Origin:   
[2025-06-08 05:43:38] local.INFO: Request Origin:   
[2025-06-08 05:43:44] local.INFO: Request Origin:   
[2025-06-08 05:43:44] local.INFO: Request Origin:   
[2025-06-08 05:43:44] local.INFO: Request Origin:   
[2025-06-08 05:43:44] local.INFO: Request Origin:   
[2025-06-08 05:43:44] local.INFO: Request Origin:   
[2025-06-08 05:43:44] local.INFO: Request Origin:   
[2025-06-08 05:43:45] local.INFO: Request Origin:   
[2025-06-08 05:43:45] local.INFO: Request Origin:   
[2025-06-08 05:43:46] local.INFO: Request Origin: http://localhost:3000  
[2025-06-08 05:43:46] local.INFO: Request Origin:   
[2025-06-08 05:43:46] local.INFO: Request Origin:   
[2025-06-08 05:43:46] local.INFO: Request Origin:   
[2025-06-08 05:43:46] local.INFO: Request Origin:   
[2025-06-08 05:43:46] local.INFO: Request Origin:   
[2025-06-08 05:43:46] local.INFO: Request Origin:   
[2025-06-08 05:43:46] local.INFO: Request Origin:   
[2025-06-08 05:43:47] local.INFO: Request Origin:   
[2025-06-08 05:43:48] local.INFO: Request Origin:   
[2025-06-08 05:43:48] local.INFO: Request Origin:   
[2025-06-08 05:43:48] local.INFO: Request Origin:   
[2025-06-08 05:43:48] local.INFO: Request Origin:   
[2025-06-08 05:43:49] local.INFO: Request Origin:   
[2025-06-08 05:43:49] local.INFO: Request Origin:   
[2025-06-08 05:43:49] local.INFO: Request Origin:   
[2025-06-08 05:43:49] local.INFO: Request Origin:   
[2025-06-08 05:43:50] local.INFO: Request Origin:   
[2025-06-08 05:43:50] local.INFO: Request Origin:   
[2025-06-08 05:43:50] local.INFO: Request Origin:   
[2025-06-08 05:43:50] local.INFO: Request Origin:   
[2025-06-08 05:43:50] local.INFO: Request Origin:   
[2025-06-08 05:43:50] local.INFO: Request Origin:   
[2025-06-08 05:43:50] local.INFO: Request Origin:   
[2025-06-08 05:43:50] local.INFO: Request Origin:   
[2025-06-08 05:44:38] local.INFO: Request Origin:   
[2025-06-08 05:44:38] local.INFO: Request Origin:   
[2025-06-08 05:44:39] local.INFO: Request Origin: http://localhost:3000  
[2025-06-08 05:45:04] local.INFO: Request Origin:   
[2025-06-08 05:45:07] local.INFO: Request Origin:   
[2025-06-08 05:45:08] local.INFO: Request Origin:   
[2025-06-08 05:45:08] local.INFO: Request Origin:   
[2025-06-08 05:45:08] local.INFO: Request Origin:   
[2025-06-08 05:45:08] local.INFO: Request Origin:   
[2025-06-08 05:45:08] local.INFO: Request Origin:   
[2025-06-08 05:45:08] local.INFO: Request Origin:   
[2025-06-08 05:45:08] local.INFO: Request Origin:   
[2025-06-08 05:45:09] local.INFO: Request Origin:   
[2025-06-08 05:45:09] local.INFO: Request Origin:   
[2025-06-08 05:45:10] local.INFO: Request Origin:   
[2025-06-08 05:45:10] local.INFO: Request Origin:   
[2025-06-08 05:45:10] local.INFO: Request Origin:   
[2025-06-08 05:45:10] local.INFO: Request Origin:   
[2025-06-08 05:45:10] local.INFO: Request Origin:   
[2025-06-08 05:45:10] local.INFO: Request Origin:   
[2025-06-08 05:45:12] local.INFO: Request Origin:   
[2025-06-08 05:45:12] local.INFO: Request Origin:   
[2025-06-08 05:45:12] local.INFO: Request Origin:   
[2025-06-08 05:45:12] local.INFO: Request Origin:   
[2025-06-08 05:45:12] local.INFO: Request Origin:   
[2025-06-08 05:45:12] local.INFO: Request Origin:   
[2025-06-08 05:45:12] local.INFO: Request Origin:   
[2025-06-08 05:45:12] local.INFO: Request Origin:   
[2025-06-08 05:45:13] local.INFO: Request Origin:   
[2025-06-08 05:45:13] local.INFO: Request Origin:   
[2025-06-08 05:45:13] local.INFO: Request Origin:   
[2025-06-08 05:45:14] local.INFO: Request Origin:   
[2025-06-08 05:45:14] local.INFO: Request Origin:   
[2025-06-08 05:45:14] local.INFO: Request Origin:   
[2025-06-08 05:45:14] local.INFO: Request Origin:   
[2025-06-08 05:45:14] local.INFO: Request Origin:   
[2025-06-08 05:46:49] local.INFO: Request Origin:   
[2025-06-08 05:46:49] local.INFO: Request Origin:   
[2025-06-08 05:46:49] local.INFO: Request Origin:   
[2025-06-08 05:46:49] local.INFO: Request Origin:   
[2025-06-08 05:46:49] local.INFO: Request Origin:   
[2025-06-08 05:46:49] local.INFO: Request Origin:   
[2025-06-08 05:46:49] local.INFO: Request Origin:   
[2025-06-08 05:46:49] local.INFO: Request Origin:   
[2025-06-08 05:46:53] local.INFO: Request Origin:   
[2025-06-08 05:46:53] local.INFO: Request Origin:   
[2025-06-08 05:46:53] local.INFO: Request Origin:   
[2025-06-08 05:46:53] local.INFO: Request Origin:   
[2025-06-08 05:46:54] local.INFO: Request Origin:   
[2025-06-08 05:46:54] local.INFO: Request Origin:   
[2025-06-08 05:46:54] local.INFO: Request Origin:   
[2025-06-08 05:46:54] local.INFO: Request Origin:   
[2025-06-08 05:46:54] local.INFO: Request Origin:   
[2025-06-08 05:46:58] local.INFO: Request Origin:   
[2025-06-08 05:47:02] local.INFO: Request Origin:   
[2025-06-08 05:47:02] local.INFO: Request Origin:   
[2025-06-08 05:47:02] local.INFO: Request Origin:   
[2025-06-08 05:47:02] local.INFO: Request Origin:   
[2025-06-08 05:47:02] local.INFO: Request Origin:   
[2025-06-08 05:47:02] local.INFO: Request Origin:   
[2025-06-08 05:47:02] local.INFO: Request Origin:   
[2025-06-08 05:47:02] local.INFO: Request Origin:   
[2025-06-08 05:47:03] local.INFO: Request Origin:   
[2025-06-08 05:47:03] local.INFO: Request Origin:   
[2025-06-08 05:47:03] local.INFO: Request Origin:   
[2025-06-08 05:47:03] local.INFO: Request Origin:   
[2025-06-08 05:47:04] local.INFO: Request Origin:   
[2025-06-08 05:47:04] local.INFO: Request Origin:   
[2025-06-08 05:47:04] local.INFO: Request Origin:   
[2025-06-08 05:47:04] local.INFO: Request Origin:   
[2025-06-08 05:47:19] local.INFO: Request Origin:   
[2025-06-08 05:47:21] local.INFO: Request Origin:   
[2025-06-08 05:47:21] local.INFO: Request Origin:   
[2025-06-08 05:47:21] local.INFO: Request Origin:   
[2025-06-08 05:47:21] local.INFO: Request Origin:   
[2025-06-08 05:47:21] local.INFO: Request Origin:   
[2025-06-08 05:47:21] local.INFO: Request Origin:   
[2025-06-08 05:47:21] local.INFO: Request Origin:   
[2025-06-08 05:47:21] local.INFO: Request Origin:   
[2025-06-08 05:47:22] local.INFO: Request Origin:   
[2025-06-08 05:47:22] local.INFO: Request Origin:   
[2025-06-08 05:47:23] local.INFO: Request Origin:   
[2025-06-08 05:47:23] local.INFO: Request Origin:   
[2025-06-08 05:47:23] local.INFO: Request Origin:   
[2025-06-08 05:47:23] local.INFO: Request Origin:   
[2025-06-08 05:47:23] local.INFO: Request Origin:   
[2025-06-08 05:47:23] local.INFO: Request Origin:   
[2025-06-08 05:52:03] local.INFO: Request Origin:   
[2025-06-08 05:52:03] local.INFO: Request Origin:   
[2025-06-08 05:52:03] local.INFO: Request Origin:   
[2025-06-08 05:52:03] local.INFO: Request Origin:   
[2025-06-08 05:52:03] local.INFO: Request Origin:   
[2025-06-08 05:52:03] local.INFO: Request Origin:   
[2025-06-08 05:52:03] local.INFO: Request Origin:   
[2025-06-08 05:52:03] local.INFO: Request Origin:   
[2025-06-08 05:52:05] local.INFO: Request Origin:   
[2025-06-08 05:52:05] local.INFO: Request Origin:   
[2025-06-08 05:52:05] local.INFO: Request Origin:   
[2025-06-08 05:52:05] local.INFO: Request Origin:   
[2025-06-08 05:52:05] local.INFO: Request Origin:   
[2025-06-08 05:52:05] local.INFO: Request Origin:   
[2025-06-08 05:52:05] local.INFO: Request Origin:   
[2025-06-08 05:52:06] local.INFO: Request Origin:   
[2025-06-08 05:52:18] local.INFO: Request Origin:   
[2025-06-08 05:52:19] local.INFO: Request Origin:   
[2025-06-08 05:52:19] local.INFO: Request Origin:   
[2025-06-08 05:52:19] local.INFO: Request Origin:   
[2025-06-08 05:52:19] local.INFO: Request Origin:   
[2025-06-08 05:52:19] local.INFO: Request Origin:   
[2025-06-08 05:52:19] local.INFO: Request Origin:   
[2025-06-08 05:52:19] local.INFO: Request Origin:   
[2025-06-08 05:52:19] local.INFO: Request Origin:   
[2025-06-08 05:52:23] local.INFO: Request Origin:   
[2025-06-08 05:52:23] local.INFO: Request Origin:   
[2025-06-08 05:52:23] local.INFO: Request Origin:   
[2025-06-08 05:52:24] local.INFO: Request Origin:   
[2025-06-08 05:52:24] local.INFO: Request Origin:   
[2025-06-08 05:52:24] local.INFO: Request Origin:   
[2025-06-08 05:52:24] local.INFO: Request Origin:   
[2025-06-08 05:52:24] local.INFO: Request Origin:   
[2025-06-08 05:52:24] local.INFO: Request Origin:   
[2025-06-08 05:52:28] local.INFO: Request Origin:   
[2025-06-08 05:52:28] local.INFO: Request Origin:   
[2025-06-08 05:52:28] local.INFO: Request Origin:   
[2025-06-08 05:52:28] local.INFO: Request Origin:   
[2025-06-08 05:52:28] local.INFO: Request Origin:   
[2025-06-08 05:52:28] local.INFO: Request Origin:   
[2025-06-08 05:52:28] local.INFO: Request Origin:   
[2025-06-08 05:52:28] local.INFO: Request Origin:   
[2025-06-08 05:52:29] local.INFO: Request Origin:   
[2025-06-08 05:52:30] local.INFO: Request Origin:   
[2025-06-08 05:52:30] local.INFO: Request Origin:   
[2025-06-08 05:52:30] local.INFO: Request Origin:   
[2025-06-08 05:52:30] local.INFO: Request Origin:   
[2025-06-08 05:52:30] local.INFO: Request Origin:   
[2025-06-08 05:52:30] local.INFO: Request Origin:   
[2025-06-08 05:52:30] local.INFO: Request Origin:   
[2025-06-08 05:53:36] local.INFO: Request Origin:   
[2025-06-08 05:53:36] local.INFO: Request Origin:   
[2025-06-08 05:53:36] local.INFO: Request Origin:   
[2025-06-08 05:53:36] local.INFO: Request Origin:   
[2025-06-08 05:53:36] local.INFO: Request Origin:   
[2025-06-08 05:53:37] local.INFO: Request Origin:   
[2025-06-08 05:53:37] local.INFO: Request Origin:   
[2025-06-08 05:53:37] local.INFO: Request Origin:   
[2025-06-08 05:53:37] local.INFO: Request Origin:   
[2025-06-08 05:53:38] local.INFO: Request Origin:   
[2025-06-08 05:53:38] local.INFO: Request Origin:   
[2025-06-08 05:53:38] local.INFO: Request Origin:   
[2025-06-08 05:53:38] local.INFO: Request Origin:   
[2025-06-08 05:53:38] local.INFO: Request Origin:   
[2025-06-08 05:53:38] local.INFO: Request Origin:   
[2025-06-08 05:53:39] local.INFO: Request Origin:   
[2025-06-08 05:53:39] local.INFO: Request Origin:   
[2025-06-08 05:53:39] local.INFO: Request Origin:   
[2025-06-08 05:53:39] local.INFO: Request Origin:   
[2025-06-08 05:53:40] local.INFO: Request Origin:   
[2025-06-08 05:53:41] local.INFO: Request Origin:   
[2025-06-08 05:53:41] local.INFO: Request Origin:   
[2025-06-08 05:53:41] local.INFO: Request Origin:   
[2025-06-08 05:53:41] local.INFO: Request Origin:   
[2025-06-08 05:53:41] local.INFO: Request Origin:   
[2025-06-08 05:53:41] local.INFO: Request Origin:   
[2025-06-08 05:53:41] local.INFO: Request Origin:   
[2025-06-08 05:53:41] local.INFO: Request Origin:   
[2025-06-08 05:53:41] local.INFO: Request Origin:   
[2025-06-08 05:53:42] local.INFO: Request Origin:   
[2025-06-08 05:53:42] local.INFO: Request Origin:   
[2025-06-08 05:53:42] local.INFO: Request Origin:   
[2025-06-08 05:53:42] local.INFO: Request Origin:   
[2025-06-08 05:53:42] local.INFO: Request Origin:   
[2025-06-08 05:53:43] local.INFO: Request Origin:   
[2025-06-08 05:53:43] local.INFO: Request Origin:   
[2025-06-08 05:53:43] local.INFO: Request Origin:   
[2025-06-08 05:53:43] local.INFO: Request Origin:   
[2025-06-08 05:53:43] local.INFO: Request Origin:   
[2025-06-08 05:53:55] local.INFO: Request Origin:   
[2025-06-08 05:53:55] local.INFO: Request Origin:   
[2025-06-08 05:53:56] local.INFO: Request Origin:   
[2025-06-08 05:53:56] local.INFO: Request Origin:   
[2025-06-08 05:53:56] local.INFO: Request Origin:   
[2025-06-08 05:53:56] local.INFO: Request Origin:   
[2025-06-08 05:53:56] local.INFO: Request Origin:   
[2025-06-08 05:53:56] local.INFO: Request Origin:   
[2025-06-08 05:53:57] local.INFO: Request Origin:   
[2025-06-08 05:53:57] local.INFO: Request Origin:   
[2025-06-08 05:53:57] local.INFO: Request Origin:   
[2025-06-08 05:53:57] local.INFO: Request Origin:   
[2025-06-08 05:53:57] local.INFO: Request Origin:   
[2025-06-08 05:53:58] local.INFO: Request Origin:   
[2025-06-08 05:53:58] local.INFO: Request Origin:   
[2025-06-08 05:53:58] local.INFO: Request Origin:   
[2025-06-08 05:53:58] local.INFO: Request Origin:   
[2025-06-08 05:54:40] local.INFO: Request Origin:   
[2025-06-08 05:54:40] local.INFO: Request Origin:   
[2025-06-08 05:54:40] local.INFO: Request Origin:   
[2025-06-08 05:54:40] local.INFO: Request Origin:   
[2025-06-08 05:54:41] local.INFO: Request Origin:   
[2025-06-08 05:54:41] local.INFO: Request Origin:   
[2025-06-08 05:54:41] local.INFO: Request Origin:   
[2025-06-08 05:54:45] local.INFO: Request Origin:   
[2025-06-08 05:54:45] local.INFO: Request Origin:   
[2025-06-08 05:54:45] local.INFO: Request Origin:   
[2025-06-08 05:54:45] local.INFO: Request Origin:   
[2025-06-08 05:54:46] local.INFO: Request Origin:   
[2025-06-08 05:54:46] local.INFO: Request Origin:   
[2025-06-08 05:54:46] local.INFO: Request Origin:   
[2025-06-08 05:54:46] local.INFO: Request Origin:   
[2025-06-08 05:54:51] local.INFO: Request Origin:   
[2025-06-08 05:54:52] local.INFO: Request Origin:   
[2025-06-08 05:54:52] local.INFO: Request Origin:   
[2025-06-08 05:54:52] local.INFO: Request Origin:   
[2025-06-08 05:54:52] local.INFO: Request Origin:   
[2025-06-08 05:54:52] local.INFO: Request Origin:   
[2025-06-08 05:54:52] local.INFO: Request Origin:   
[2025-06-08 05:54:52] local.INFO: Request Origin:   
[2025-06-08 05:54:53] local.INFO: Request Origin:   
[2025-06-08 05:54:55] local.INFO: Request Origin: http://localhost:3000  
[2025-06-08 05:55:22] local.INFO: Request Origin:   
[2025-06-08 05:55:31] local.INFO: Request Origin:   
[2025-06-08 05:55:32] local.INFO: Request Origin:   
[2025-06-08 05:55:33] local.INFO: Request Origin:   
[2025-06-08 05:55:33] local.INFO: Request Origin:   
[2025-06-08 05:55:33] local.INFO: Request Origin:   
[2025-06-08 05:55:33] local.INFO: Request Origin: http://localhost:3000  
[2025-06-08 05:55:34] local.INFO: Request Origin:   
[2025-06-08 05:55:34] local.INFO: Request Origin:   
[2025-06-08 05:55:34] local.INFO: Request Origin:   
[2025-06-08 05:55:34] local.INFO: Request Origin:   
[2025-06-08 05:55:34] local.INFO: Request Origin:   
[2025-06-08 05:55:34] local.INFO: Request Origin:   
[2025-06-08 05:55:34] local.INFO: Request Origin:   
[2025-06-08 05:55:35] local.INFO: Request Origin:   
[2025-06-08 05:55:35] local.INFO: Request Origin:   
[2025-06-08 05:55:35] local.INFO: Request Origin:   
[2025-06-08 05:56:56] local.INFO: Request Origin: http://localhost:3000  
[2025-06-08 05:57:18] local.INFO: Request Origin:   
[2025-06-08 05:57:19] local.INFO: Request Origin:   
[2025-06-08 05:57:19] local.INFO: Request Origin:   
[2025-06-08 05:57:19] local.INFO: Request Origin:   
[2025-06-08 05:57:19] local.INFO: Request Origin:   
[2025-06-08 05:57:20] local.INFO: Request Origin:   
[2025-06-08 05:57:20] local.INFO: Request Origin:   
[2025-06-08 05:57:29] local.INFO: Request Origin:   
[2025-06-08 05:57:30] local.INFO: Request Origin:   
[2025-06-08 05:57:30] local.INFO: Request Origin:   
[2025-06-08 05:57:30] local.INFO: Request Origin:   
[2025-06-08 05:57:30] local.INFO: Request Origin: http://localhost:3000  
[2025-06-08 05:57:30] local.INFO: Request Origin:   
[2025-06-08 05:57:30] local.INFO: Request Origin:   
[2025-06-08 05:57:30] local.INFO: Request Origin:   
[2025-06-08 05:57:31] local.INFO: Request Origin:   
[2025-06-08 05:58:51] local.INFO: Request Origin: http://localhost:3000  
[2025-06-08 05:59:24] local.INFO: Request Origin: http://localhost:3000  
[2025-06-08 05:59:26] local.INFO: Request Origin: http://localhost:3000  
[2025-06-08 05:59:37] local.INFO: Request Origin: http://localhost:3000  
[2025-06-08 05:59:37] local.INFO: Request Origin: http://localhost:3000  
[2025-06-08 06:09:56] local.INFO: Request Origin:   
[2025-06-08 06:09:59] local.INFO: Request Origin:   
[2025-06-08 06:09:59] local.INFO: Request Origin:   
[2025-06-08 06:09:59] local.INFO: Request Origin:   
[2025-06-08 06:09:59] local.INFO: Request Origin:   
[2025-06-08 06:09:59] local.INFO: Request Origin:   
[2025-06-08 06:09:59] local.INFO: Request Origin:   
[2025-06-08 06:09:59] local.INFO: Request Origin:   
[2025-06-08 06:10:03] local.INFO: Request Origin:   
[2025-06-08 06:10:03] local.INFO: Request Origin:   
[2025-06-08 06:10:03] local.INFO: Request Origin:   
[2025-06-08 06:10:04] local.INFO: Request Origin:   
[2025-06-08 06:10:04] local.INFO: Request Origin:   
[2025-06-08 06:10:04] local.INFO: Request Origin:   
[2025-06-08 06:10:04] local.INFO: Request Origin:   
[2025-06-08 06:10:04] local.INFO: Request Origin:   
[2025-06-08 06:10:04] local.INFO: Request Origin:   
[2025-06-08 06:10:04] local.INFO: Request Origin:   
[2025-06-08 06:10:04] local.INFO: Request Origin:   
[2025-06-08 06:10:04] local.INFO: Request Origin:   
[2025-06-08 06:10:04] local.INFO: Request Origin:   
[2025-06-08 06:10:05] local.INFO: Request Origin:   
[2025-06-08 06:10:05] local.INFO: Request Origin:   
[2025-06-08 06:10:05] local.INFO: Request Origin:   
[2025-06-08 06:10:05] local.INFO: Request Origin:   
[2025-06-08 06:10:06] local.INFO: Request Origin:   
[2025-06-08 06:10:06] local.INFO: Request Origin:   
[2025-06-08 06:10:06] local.INFO: Request Origin:   
[2025-06-08 06:10:06] local.INFO: Request Origin:   
[2025-06-08 06:10:06] local.INFO: Request Origin:   
[2025-06-08 06:10:06] local.INFO: Request Origin:   
[2025-06-08 06:10:06] local.INFO: Request Origin:   
[2025-06-08 06:11:34] local.INFO: Request Origin:   
[2025-06-08 06:11:34] local.INFO: Request Origin:   
[2025-06-08 06:22:04] local.INFO: Request Origin: http://localhost:3000  
[2025-06-08 06:22:25] local.INFO: Request Origin:   
[2025-06-08 06:22:25] local.INFO: Request Origin:   
[2025-06-08 06:57:51] local.INFO: Request Origin:   
[2025-06-08 06:58:03] local.INFO: Request Origin:   
[2025-06-08 06:58:04] local.INFO: Request Origin:   
[2025-06-08 06:58:05] local.INFO: Request Origin:   
[2025-06-08 06:58:05] local.INFO: Request Origin:   
[2025-06-08 06:58:05] local.INFO: Request Origin:   
[2025-06-08 06:58:05] local.INFO: Request Origin:   
[2025-06-08 06:58:05] local.INFO: Request Origin:   
[2025-06-08 06:58:25] local.INFO: Request Origin:   
[2025-06-08 06:58:27] local.INFO: Request Origin:   
[2025-06-08 06:58:27] local.INFO: Request Origin:   
[2025-06-08 06:58:27] local.INFO: Request Origin:   
[2025-06-08 06:58:27] local.INFO: Request Origin:   
[2025-06-08 06:58:27] local.INFO: Request Origin:   
[2025-06-08 06:58:27] local.INFO: Request Origin:   
[2025-06-08 06:58:33] local.INFO: Request Origin:   
[2025-06-08 06:58:33] local.INFO: Request Origin:   
[2025-06-08 06:58:34] local.INFO: Request Origin:   
[2025-06-08 06:58:34] local.INFO: Request Origin:   
[2025-06-08 06:58:34] local.INFO: Request Origin:   
[2025-06-08 06:58:34] local.INFO: Request Origin:   
[2025-06-08 06:58:34] local.INFO: Request Origin:   
[2025-06-08 06:58:35] local.INFO: Request Origin:   
[2025-06-08 06:58:35] local.INFO: Request Origin:   
[2025-06-08 06:58:35] local.INFO: Request Origin:   
[2025-06-08 06:58:35] local.INFO: Request Origin:   
[2025-06-08 06:58:35] local.INFO: Request Origin:   
[2025-06-08 06:58:35] local.INFO: Request Origin:   
[2025-06-08 06:58:36] local.INFO: Request Origin:   
[2025-06-08 06:58:36] local.INFO: Request Origin:   
[2025-06-08 06:58:36] local.INFO: Request Origin:   
[2025-06-08 06:58:36] local.INFO: Request Origin:   
[2025-06-08 06:58:36] local.INFO: Request Origin:   
[2025-06-08 06:58:36] local.INFO: Request Origin:   
[2025-06-08 06:58:36] local.INFO: Request Origin:   
[2025-06-08 06:58:36] local.INFO: Request Origin:   
[2025-06-08 06:58:36] local.INFO: Request Origin:   
[2025-06-08 06:58:36] local.INFO: Request Origin:   
[2025-06-08 06:58:37] local.INFO: Request Origin:   
[2025-06-08 06:58:37] local.INFO: Request Origin:   
[2025-06-08 06:58:38] local.INFO: Request Origin:   
[2025-06-08 06:58:38] local.INFO: Request Origin:   
[2025-06-08 06:58:38] local.INFO: Request Origin:   
[2025-06-08 06:58:38] local.INFO: Request Origin:   
[2025-06-08 06:58:38] local.INFO: Request Origin:   
[2025-06-08 06:58:38] local.INFO: Request Origin:   
[2025-06-08 06:58:39] local.INFO: Request Origin:   
[2025-06-08 06:58:39] local.INFO: Request Origin:   
[2025-06-08 06:58:39] local.INFO: Request Origin:   
[2025-06-08 06:58:39] local.INFO: Request Origin:   
[2025-06-08 07:00:59] local.INFO: Request Origin:   
[2025-06-08 07:01:01] local.INFO: Request Origin:   
[2025-06-08 07:01:01] local.INFO: Request Origin:   
[2025-06-08 07:01:01] local.INFO: Request Origin:   
[2025-06-08 07:01:01] local.INFO: Request Origin:   
[2025-06-08 07:01:01] local.INFO: Request Origin:   
[2025-06-08 07:01:01] local.INFO: Request Origin:   
[2025-06-08 07:01:20] local.INFO: Request Origin:   
[2025-06-08 07:01:21] local.INFO: Request Origin:   
[2025-06-08 07:01:21] local.INFO: Request Origin: http://localhost:3000  
[2025-06-08 07:03:26] local.INFO: Request Origin:   
[2025-06-08 07:03:26] local.INFO: Request Origin:   
[2025-06-08 07:03:26] local.INFO: Request Origin:   
[2025-06-08 07:03:27] local.INFO: Request Origin:   
[2025-06-08 07:03:27] local.INFO: Request Origin:   
[2025-06-08 07:03:27] local.INFO: Request Origin:   
[2025-06-08 07:03:27] local.INFO: Request Origin:   
[2025-06-08 07:03:28] local.INFO: Request Origin:   
[2025-06-08 07:03:28] local.INFO: Request Origin:   
[2025-06-08 07:03:28] local.INFO: Request Origin:   
[2025-06-08 07:03:28] local.INFO: Request Origin:   
[2025-06-08 07:03:29] local.INFO: Request Origin:   
[2025-06-08 07:03:29] local.INFO: Request Origin:   
[2025-06-08 07:03:29] local.INFO: Request Origin:   
[2025-06-08 07:03:29] local.INFO: Request Origin:   
[2025-06-08 07:03:30] local.INFO: Request Origin:   
[2025-06-08 07:04:00] local.INFO: Request Origin:   
[2025-06-08 07:04:00] local.INFO: Request Origin:   
[2025-06-08 07:04:01] local.INFO: Request Origin: http://localhost:3000  
[2025-06-08 07:07:03] local.INFO: Request Origin:   
[2025-06-08 07:07:03] local.INFO: Request Origin:   
[2025-06-08 07:07:03] local.INFO: Request Origin:   
[2025-06-08 07:07:04] local.INFO: Request Origin:   
[2025-06-08 07:07:04] local.INFO: Request Origin:   
[2025-06-08 07:07:04] local.INFO: Request Origin:   
[2025-06-08 07:07:04] local.INFO: Request Origin:   
[2025-06-08 07:07:05] local.INFO: Request Origin:   
[2025-06-08 07:07:05] local.INFO: Request Origin:   
[2025-06-08 07:07:05] local.INFO: Request Origin:   
[2025-06-08 07:07:05] local.INFO: Request Origin:   
[2025-06-08 07:07:06] local.INFO: Request Origin:   
[2025-06-08 07:07:06] local.INFO: Request Origin:   
[2025-06-08 07:07:06] local.INFO: Request Origin:   
[2025-06-08 07:07:06] local.INFO: Request Origin:   
[2025-06-08 07:07:50] local.INFO: Request Origin:   
[2025-06-08 07:07:50] local.INFO: Request Origin:   
[2025-06-08 07:07:50] local.INFO: Request Origin:   
[2025-06-08 07:07:50] local.INFO: Request Origin:   
[2025-06-08 07:07:50] local.INFO: Request Origin:   
[2025-06-08 07:07:50] local.INFO: Request Origin:   
[2025-06-08 07:07:51] local.INFO: Request Origin:   
[2025-06-08 07:07:51] local.INFO: Request Origin:   
[2025-06-08 07:07:51] local.INFO: Request Origin:   
[2025-06-08 07:07:52] local.INFO: Request Origin:   
[2025-06-08 07:07:52] local.INFO: Request Origin:   
[2025-06-08 07:07:52] local.INFO: Request Origin:   
[2025-06-08 07:07:52] local.INFO: Request Origin:   
[2025-06-08 07:07:52] local.INFO: Request Origin:   
[2025-06-08 07:07:52] local.INFO: Request Origin:   
[2025-06-08 07:08:04] local.INFO: Request Origin:   
[2025-06-08 07:10:06] local.INFO: Request Origin:   
[2025-06-08 07:10:07] local.INFO: Request Origin:   
[2025-06-08 07:10:07] local.INFO: Request Origin:   
[2025-06-08 07:10:07] local.INFO: Request Origin:   
[2025-06-08 07:10:07] local.INFO: Request Origin:   
[2025-06-08 07:10:07] local.INFO: Request Origin:   
[2025-06-08 07:10:07] local.INFO: Request Origin:   
[2025-06-08 07:10:07] local.INFO: Request Origin:   
[2025-06-08 07:10:07] local.INFO: Request Origin:   
[2025-06-08 07:10:08] local.INFO: Request Origin:   
[2025-06-08 07:10:08] local.INFO: Request Origin:   
[2025-06-08 07:10:09] local.INFO: Request Origin:   
[2025-06-08 07:10:09] local.INFO: Request Origin:   
[2025-06-08 07:10:09] local.INFO: Request Origin:   
[2025-06-08 07:10:09] local.INFO: Request Origin:   
[2025-06-08 07:10:09] local.INFO: Request Origin:   
[2025-06-08 07:10:09] local.INFO: Request Origin:   
[2025-06-08 07:10:13] local.INFO: Request Origin:   
[2025-06-08 07:10:17] local.INFO: Request Origin:   
[2025-06-08 07:10:17] local.INFO: Request Origin:   
[2025-06-08 07:10:17] local.INFO: Request Origin:   
[2025-06-08 07:10:17] local.INFO: Request Origin:   
[2025-06-08 07:10:17] local.INFO: Request Origin:   
[2025-06-08 07:10:17] local.INFO: Request Origin:   
[2025-06-08 07:10:17] local.INFO: Request Origin:   
[2025-06-08 07:10:18] local.INFO: Request Origin:   
[2025-06-08 07:10:20] local.INFO: Request Origin:   
[2025-06-08 07:10:20] local.INFO: Request Origin:   
[2025-06-08 07:10:20] local.INFO: Request Origin:   
[2025-06-08 07:10:20] local.INFO: Request Origin:   
[2025-06-08 07:10:20] local.INFO: Request Origin:   
[2025-06-08 07:10:20] local.INFO: Request Origin:   
[2025-06-08 07:10:21] local.INFO: Request Origin:   
[2025-06-08 07:10:21] local.INFO: Request Origin:   
[2025-06-08 07:10:29] local.INFO: Request Origin:   
[2025-06-08 07:10:29] local.INFO: Request Origin:   
[2025-06-08 07:10:29] local.INFO: Request Origin:   
[2025-06-08 07:10:29] local.INFO: Request Origin:   
[2025-06-08 07:10:29] local.INFO: Request Origin:   
[2025-06-08 07:10:29] local.INFO: Request Origin:   
[2025-06-08 07:10:30] local.INFO: Request Origin:   
[2025-06-08 07:10:30] local.INFO: Request Origin:   
[2025-06-08 07:10:31] local.INFO: Request Origin:   
[2025-06-08 07:10:31] local.INFO: Request Origin:   
[2025-06-08 07:10:31] local.INFO: Request Origin:   
[2025-06-08 07:10:31] local.INFO: Request Origin:   
[2025-06-08 07:10:31] local.INFO: Request Origin:   
[2025-06-08 07:10:31] local.INFO: Request Origin:   
[2025-06-08 07:10:31] local.INFO: Request Origin:   
[2025-06-08 07:10:31] local.INFO: Request Origin:   
[2025-06-08 07:10:32] local.INFO: Request Origin:   
[2025-06-08 07:10:32] local.INFO: Request Origin:   
[2025-06-08 07:13:03] local.INFO: Request Origin:   
[2025-06-08 07:13:03] local.INFO: Request Origin:   
[2025-06-08 07:13:03] local.INFO: Request Origin:   
[2025-06-08 07:13:03] local.INFO: Request Origin:   
[2025-06-08 07:13:03] local.INFO: Request Origin:   
[2025-06-08 07:13:03] local.INFO: Request Origin:   
[2025-06-08 07:13:04] local.INFO: Request Origin:   
[2025-06-08 07:13:04] local.INFO: Request Origin:   
[2025-06-08 07:13:05] local.INFO: Request Origin:   
[2025-06-08 07:13:05] local.INFO: Request Origin:   
[2025-06-08 07:13:05] local.INFO: Request Origin:   
[2025-06-08 07:13:05] local.INFO: Request Origin:   
[2025-06-08 07:13:05] local.INFO: Request Origin:   
[2025-06-08 07:13:05] local.INFO: Request Origin:   
[2025-06-08 07:13:05] local.INFO: Request Origin:   
[2025-06-08 07:13:05] local.INFO: Request Origin:   
[2025-06-08 07:13:17] local.INFO: Request Origin:   
[2025-06-08 07:13:17] local.INFO: Request Origin:   
[2025-06-08 07:14:38] local.INFO: Request Origin:   
[2025-06-08 07:14:38] local.INFO: Request Origin:   
[2025-06-08 07:14:38] local.INFO: Request Origin:   
[2025-06-08 07:14:39] local.INFO: Request Origin:   
[2025-06-08 07:19:54] local.INFO: Request Origin:   
[2025-06-08 07:20:03] local.INFO: Request Origin:   
[2025-06-08 07:20:03] local.INFO: Request Origin:   
[2025-06-08 07:20:03] local.INFO: Request Origin:   
[2025-06-08 07:20:03] local.INFO: Request Origin:   
[2025-06-08 07:20:04] local.INFO: Request Origin:   
[2025-06-08 07:20:04] local.INFO: Request Origin:   
[2025-06-08 07:20:04] local.INFO: Request Origin:   
[2025-06-08 07:20:04] local.INFO: Request Origin:   
[2025-06-08 07:20:04] local.INFO: Request Origin:   
[2025-06-08 07:20:04] local.INFO: Request Origin:   
[2025-06-08 07:20:04] local.INFO: Request Origin:   
[2025-06-08 07:20:04] local.INFO: Request Origin:   
[2025-06-08 07:20:04] local.INFO: Request Origin:   
[2025-06-08 07:20:04] local.INFO: Request Origin:   
[2025-06-08 07:20:06] local.INFO: Request Origin:   
[2025-06-08 07:20:06] local.INFO: Request Origin:   
[2025-06-08 07:20:07] local.INFO: Request Origin:   
[2025-06-08 07:20:07] local.INFO: Request Origin:   
[2025-06-08 07:20:07] local.INFO: Request Origin:   
[2025-06-08 07:20:07] local.INFO: Request Origin:   
[2025-06-08 07:20:08] local.INFO: Request Origin:   
[2025-06-08 07:20:08] local.INFO: Request Origin:   
[2025-06-08 07:20:08] local.INFO: Request Origin:   
[2025-06-08 07:20:10] local.INFO: Request Origin:   
[2025-06-08 07:20:10] local.INFO: Request Origin:   
[2025-06-08 07:20:12] local.INFO: Request Origin:   
[2025-06-08 07:20:13] local.INFO: Request Origin:   
[2025-06-08 07:20:13] local.INFO: Request Origin:   
[2025-06-08 07:20:13] local.INFO: Request Origin:   
[2025-06-08 07:20:13] local.INFO: Request Origin:   
[2025-06-08 07:20:13] local.INFO: Request Origin:   
[2025-06-08 07:20:13] local.INFO: Request Origin:   
[2025-06-08 07:20:13] local.INFO: Request Origin:   
[2025-06-08 07:20:13] local.INFO: Request Origin:   
[2025-06-08 07:20:13] local.INFO: Request Origin:   
[2025-06-08 07:20:14] local.INFO: Request Origin:   
[2025-06-08 07:20:14] local.INFO: Request Origin:   
[2025-06-08 07:20:15] local.INFO: Request Origin:   
[2025-06-08 07:20:18] local.INFO: Request Origin:   
[2025-06-08 07:20:18] local.INFO: Request Origin:   
[2025-06-08 07:20:18] local.INFO: Request Origin:   
[2025-06-08 07:20:18] local.INFO: Request Origin:   
[2025-06-08 07:20:19] local.INFO: Request Origin:   
[2025-06-08 07:20:19] local.INFO: Request Origin:   
[2025-06-08 07:20:19] local.INFO: Request Origin:   
[2025-06-08 07:20:19] local.INFO: Request Origin:   
[2025-06-08 07:20:19] local.INFO: Request Origin:   
[2025-06-08 07:20:19] local.INFO: Request Origin:   
[2025-06-08 07:20:19] local.INFO: Request Origin:   
[2025-06-08 07:20:20] local.INFO: Request Origin:   
[2025-06-08 07:20:20] local.INFO: Request Origin:   
[2025-06-08 07:20:20] local.INFO: Request Origin:   
[2025-06-08 07:20:24] local.INFO: Request Origin:   
[2025-06-08 07:20:26] local.INFO: Request Origin:   
[2025-06-08 07:20:26] local.INFO: Request Origin:   
[2025-06-08 07:20:41] local.INFO: Request Origin:   
[2025-06-08 07:20:43] local.INFO: Request Origin:   
[2025-06-08 07:20:43] local.INFO: Request Origin:   
[2025-06-08 07:20:43] local.INFO: Request Origin:   
[2025-06-08 07:20:43] local.INFO: Request Origin:   
[2025-06-08 07:20:43] local.INFO: Request Origin:   
[2025-06-08 07:20:43] local.INFO: Request Origin:   
[2025-06-08 07:20:43] local.INFO: Request Origin:   
[2025-06-08 07:20:45] local.INFO: Request Origin:   
[2025-06-08 07:20:45] local.INFO: Request Origin:   
[2025-06-08 07:20:45] local.INFO: Request Origin:   
[2025-06-08 07:20:46] local.INFO: Request Origin:   
[2025-06-08 07:20:46] local.INFO: Request Origin:   
[2025-06-08 07:20:46] local.INFO: Request Origin:   
[2025-06-08 07:20:46] local.INFO: Request Origin:   
[2025-06-08 07:20:46] local.INFO: Request Origin:   
[2025-06-08 07:21:43] local.INFO: Request Origin:   
[2025-06-08 07:21:44] local.INFO: Request Origin:   
[2025-06-08 07:21:44] local.INFO: Request Origin:   
[2025-06-08 07:21:44] local.INFO: Request Origin:   
[2025-06-08 07:21:44] local.INFO: Request Origin:   
[2025-06-08 07:21:44] local.INFO: Request Origin:   
[2025-06-08 07:21:44] local.INFO: Request Origin:   
[2025-06-08 07:21:53] local.INFO: Request Origin:   
[2025-06-08 07:21:54] local.INFO: Request Origin:   
[2025-06-08 07:21:54] local.INFO: Request Origin:   
[2025-06-08 07:21:54] local.INFO: Request Origin:   
[2025-06-08 07:21:54] local.INFO: Request Origin:   
[2025-06-08 07:21:55] local.INFO: Request Origin:   
[2025-06-08 07:21:55] local.INFO: Request Origin:   
[2025-06-08 07:21:55] local.INFO: Request Origin:   
[2025-06-08 07:36:15] local.INFO: Request Origin:   
[2025-06-08 07:38:52] local.INFO: Request Origin:   
[2025-06-08 07:38:52] local.INFO: Request Origin:   
[2025-06-08 07:38:52] local.INFO: Request Origin:   
[2025-06-08 07:38:53] local.INFO: Request Origin:   
[2025-06-08 07:38:53] local.INFO: Request Origin:   
[2025-06-08 07:38:53] local.INFO: Request Origin:   
[2025-06-08 07:38:53] local.INFO: Request Origin:   
[2025-06-08 07:38:53] local.INFO: Request Origin:   
[2025-06-08 07:44:10] local.INFO: Request Origin:   
[2025-06-08 07:44:14] local.INFO: Request Origin:   
[2025-06-08 07:44:14] local.INFO: Request Origin:   
[2025-06-08 07:44:14] local.INFO: Request Origin:   
[2025-06-08 07:44:15] local.INFO: Request Origin:   
[2025-06-08 07:44:15] local.INFO: Request Origin:   
[2025-06-08 07:44:15] local.INFO: Request Origin:   
[2025-06-08 07:44:15] local.INFO: Request Origin:   
[2025-06-08 07:44:15] local.INFO: Request Origin:   
[2025-06-08 07:44:34] local.INFO: Request Origin:   
[2025-06-08 07:44:34] local.INFO: Request Origin:   
[2025-06-08 07:44:34] local.INFO: Request Origin:   
[2025-06-08 07:44:34] local.INFO: Request Origin:   
[2025-06-08 07:44:34] local.INFO: Request Origin:   
[2025-06-08 07:44:35] local.INFO: Request Origin:   
[2025-06-08 07:44:35] local.INFO: Request Origin:   
[2025-06-08 07:44:35] local.INFO: Request Origin:   
[2025-06-08 07:45:47] local.INFO: Request Origin: http://localhost:3000  
[2025-06-08 07:45:47] local.INFO: Request Origin: http://localhost:3000  
[2025-06-08 07:46:06] local.INFO: Request Origin: http://localhost:3000  
[2025-06-08 07:46:06] local.INFO: Request Origin: http://localhost:3000  
[2025-06-08 07:46:14] local.INFO: Request Origin: http://localhost:3000  
[2025-06-08 07:46:14] local.INFO: Request Origin: http://localhost:3000  
[2025-06-08 07:46:15] local.INFO: Request Origin: http://localhost:3000  
[2025-06-08 07:46:15] local.INFO: Request Origin: http://localhost:3000  
[2025-06-08 07:46:18] local.INFO: Request Origin: http://localhost:3000  
[2025-06-08 07:46:18] local.INFO: Request Origin: http://localhost:3000  
[2025-06-08 07:46:27] local.INFO: Request Origin: http://localhost:3000  
[2025-06-08 07:46:27] local.INFO: Request Origin: http://localhost:3000  
[2025-06-08 07:46:30] local.INFO: Request Origin: http://localhost:3000  
[2025-06-08 07:46:30] local.INFO: Request Origin: http://localhost:3000  
[2025-06-08 07:46:36] local.INFO: Request Origin: http://localhost:3000  
[2025-06-08 07:46:39] local.INFO: Request Origin:   
[2025-06-08 07:46:46] local.INFO: Request Origin:   
[2025-06-08 07:46:46] local.INFO: Request Origin:   
[2025-06-08 07:46:46] local.INFO: Request Origin:   
[2025-06-08 07:46:46] local.INFO: Request Origin: http://localhost:3000  
[2025-06-08 07:46:46] local.INFO: Request Origin:   
[2025-06-08 07:46:46] local.INFO: Request Origin:   
[2025-06-08 07:46:46] local.INFO: Request Origin:   
[2025-06-08 07:46:47] local.INFO: Request Origin:   
[2025-06-08 07:46:47] local.INFO: Request Origin:   
[2025-06-08 07:46:50] local.INFO: Request Origin:   
[2025-06-08 07:46:53] local.INFO: Request Origin:   
[2025-06-08 07:46:53] local.INFO: Request Origin:   
[2025-06-08 07:46:53] local.INFO: Request Origin:   
[2025-06-08 07:46:53] local.INFO: Request Origin: http://localhost:3000  
[2025-06-08 07:46:53] local.INFO: Request Origin:   
[2025-06-08 07:46:53] local.INFO: Request Origin:   
[2025-06-08 07:46:53] local.INFO: Request Origin:   
[2025-06-08 07:46:54] local.INFO: Request Origin:   
[2025-06-08 07:46:54] local.INFO: Request Origin:   
[2025-06-08 07:47:08] local.INFO: Request Origin:   
[2025-06-08 07:47:08] local.INFO: Request Origin:   
[2025-06-08 07:47:08] local.INFO: Request Origin:   
[2025-06-08 07:47:08] local.INFO: Request Origin:   
[2025-06-08 07:47:08] local.INFO: Request Origin:   
[2025-06-08 07:47:08] local.INFO: Request Origin:   
[2025-06-08 07:47:09] local.INFO: Request Origin:   
[2025-06-08 07:47:09] local.INFO: Request Origin:   
[2025-06-08 07:47:10] local.INFO: Request Origin:   
[2025-06-08 07:47:10] local.INFO: Request Origin:   
[2025-06-08 07:47:10] local.INFO: Request Origin:   
[2025-06-08 07:47:10] local.INFO: Request Origin:   
[2025-06-08 07:47:10] local.INFO: Request Origin:   
[2025-06-08 07:47:10] local.INFO: Request Origin:   
[2025-06-08 07:47:10] local.INFO: Request Origin:   
[2025-06-08 07:47:10] local.INFO: Request Origin:   
[2025-06-08 07:47:11] local.INFO: Request Origin:   
[2025-06-08 07:47:11] local.INFO: Request Origin:   
[2025-06-08 07:47:11] local.INFO: Request Origin:   
[2025-06-08 07:47:11] local.INFO: Request Origin:   
[2025-06-08 07:47:11] local.INFO: Request Origin:   
[2025-06-08 07:47:11] local.INFO: Request Origin:   
[2025-06-08 07:47:11] local.INFO: Request Origin:   
[2025-06-08 07:47:12] local.INFO: Request Origin:   
[2025-06-08 07:47:12] local.INFO: Request Origin:   
[2025-06-08 07:47:13] local.INFO: Request Origin:   
[2025-06-08 07:47:13] local.INFO: Request Origin:   
[2025-06-08 07:47:13] local.INFO: Request Origin:   
[2025-06-08 07:47:13] local.INFO: Request Origin:   
[2025-06-08 07:47:13] local.INFO: Request Origin:   
[2025-06-08 07:47:13] local.INFO: Request Origin:   
[2025-06-08 07:47:13] local.INFO: Request Origin:   
[2025-06-08 07:48:05] local.INFO: Request Origin:   
[2025-06-08 07:48:07] local.INFO: Request Origin:   
[2025-06-08 07:48:07] local.INFO: Request Origin:   
[2025-06-08 07:48:08] local.INFO: Request Origin:   
[2025-06-08 07:48:08] local.INFO: Request Origin:   
[2025-06-08 07:48:08] local.INFO: Request Origin:   
[2025-06-08 07:48:08] local.INFO: Request Origin:   
[2025-06-08 07:48:08] local.INFO: Request Origin:   
[2025-06-08 07:48:09] local.INFO: Request Origin:   
[2025-06-08 07:48:09] local.INFO: Request Origin:   
[2025-06-08 07:48:09] local.INFO: Request Origin:   
[2025-06-08 07:48:09] local.INFO: Request Origin:   
[2025-06-08 07:48:09] local.INFO: Request Origin:   
[2025-06-08 07:48:09] local.INFO: Request Origin:   
[2025-06-08 07:48:09] local.INFO: Request Origin:   
[2025-06-08 07:48:10] local.INFO: Request Origin:   
[2025-06-08 07:48:10] local.INFO: Request Origin:   
[2025-06-08 07:48:11] local.INFO: Request Origin:   
[2025-06-08 07:48:11] local.INFO: Request Origin:   
[2025-06-08 07:48:11] local.INFO: Request Origin:   
[2025-06-08 07:48:11] local.INFO: Request Origin:   
[2025-06-08 07:48:11] local.INFO: Request Origin:   
[2025-06-08 07:48:11] local.INFO: Request Origin:   
[2025-06-08 07:48:12] local.INFO: Request Origin:   
[2025-06-08 07:48:12] local.INFO: Request Origin:   
[2025-06-08 07:48:12] local.INFO: Request Origin:   
[2025-06-08 07:48:12] local.INFO: Request Origin:   
[2025-06-08 07:48:12] local.INFO: Request Origin:   
[2025-06-08 07:48:12] local.INFO: Request Origin:   
[2025-06-08 07:48:12] local.INFO: Request Origin:   
[2025-06-08 07:48:12] local.INFO: Request Origin:   
[2025-06-08 07:48:13] local.INFO: Request Origin:   
[2025-06-08 07:48:13] local.INFO: Request Origin:   
[2025-06-08 07:48:13] local.INFO: Request Origin:   
[2025-06-08 07:48:13] local.INFO: Request Origin:   
[2025-06-08 07:48:13] local.INFO: Request Origin:   
[2025-06-08 07:48:14] local.INFO: Request Origin:   
[2025-06-08 07:48:14] local.INFO: Request Origin:   
[2025-06-08 07:48:14] local.INFO: Request Origin:   
[2025-06-08 07:48:14] local.INFO: Request Origin:   
[2025-06-08 07:48:15] local.INFO: Request Origin:   
[2025-06-08 07:48:15] local.INFO: Request Origin:   
[2025-06-08 07:48:15] local.INFO: Request Origin:   
[2025-06-08 07:48:15] local.INFO: Request Origin:   
[2025-06-08 07:48:15] local.INFO: Request Origin:   
[2025-06-08 07:48:15] local.INFO: Request Origin:   
[2025-06-08 07:48:15] local.INFO: Request Origin:   
[2025-06-08 07:48:15] local.INFO: Request Origin:   
[2025-06-08 07:48:16] local.INFO: Request Origin:   
[2025-06-08 07:48:16] local.INFO: Request Origin:   
[2025-06-08 07:48:16] local.INFO: Request Origin:   
[2025-06-08 07:48:16] local.INFO: Request Origin:   
[2025-06-08 07:48:16] local.INFO: Request Origin:   
[2025-06-08 07:48:17] local.INFO: Request Origin:   
[2025-06-08 07:48:17] local.INFO: Request Origin:   
[2025-06-08 07:48:17] local.INFO: Request Origin:   
[2025-06-08 07:48:17] local.INFO: Request Origin:   
[2025-06-08 07:48:17] local.INFO: Request Origin:   
[2025-06-08 07:48:18] local.INFO: Request Origin:   
[2025-06-08 07:48:18] local.INFO: Request Origin:   
[2025-06-08 07:48:18] local.INFO: Request Origin:   
[2025-06-08 07:48:18] local.INFO: Request Origin:   
[2025-06-08 07:48:18] local.INFO: Request Origin:   
[2025-06-08 07:48:18] local.INFO: Request Origin:   
[2025-06-08 07:48:18] local.INFO: Request Origin:   
[2025-06-08 07:49:22] local.INFO: Request Origin:   
[2025-06-08 07:49:22] local.INFO: Request Origin:   
[2025-06-08 07:49:23] local.INFO: Request Origin:   
[2025-06-08 07:49:23] local.INFO: Request Origin:   
[2025-06-08 07:49:23] local.INFO: Request Origin:   
[2025-06-08 07:49:23] local.INFO: Request Origin:   
[2025-06-08 07:49:23] local.INFO: Request Origin:   
[2025-06-08 07:49:24] local.INFO: Request Origin:   
[2025-06-08 07:49:24] local.INFO: Request Origin:   
[2025-06-08 07:49:24] local.INFO: Request Origin:   
[2025-06-08 07:49:24] local.INFO: Request Origin:   
[2025-06-08 07:49:24] local.INFO: Request Origin:   
[2025-06-08 07:49:25] local.INFO: Request Origin:   
[2025-06-08 07:49:25] local.INFO: Request Origin:   
[2025-06-08 07:49:25] local.INFO: Request Origin:   
[2025-06-08 07:49:40] local.INFO: Request Origin:   
[2025-06-08 07:49:40] local.INFO: Request Origin:   
[2025-06-08 07:50:04] local.INFO: Request Origin: http://localhost:3000  
[2025-06-08 07:50:07] local.INFO: Request Origin:   
[2025-06-08 07:50:07] local.INFO: Request Origin:   
[2025-06-08 07:50:07] local.INFO: Request Origin:   
[2025-06-08 07:50:08] local.INFO: Request Origin:   
[2025-06-08 07:50:08] local.INFO: Request Origin:   
[2025-06-08 07:50:08] local.INFO: Request Origin:   
[2025-06-08 07:50:08] local.INFO: Request Origin:   
[2025-06-08 07:50:08] local.INFO: Request Origin:   
[2025-06-08 07:50:09] local.INFO: Request Origin:   
[2025-06-08 07:50:09] local.INFO: Request Origin:   
[2025-06-08 07:50:09] local.INFO: Request Origin:   
[2025-06-08 07:50:09] local.INFO: Request Origin:   
[2025-06-08 07:50:09] local.INFO: Request Origin:   
[2025-06-08 07:50:09] local.INFO: Request Origin:   
[2025-06-08 07:50:10] local.INFO: Request Origin:   
[2025-06-08 07:50:10] local.INFO: Request Origin:   
[2025-06-08 07:50:11] local.INFO: Request Origin:   
[2025-06-08 07:50:13] local.INFO: Request Origin:   
[2025-06-08 07:50:13] local.INFO: Request Origin:   
[2025-06-08 07:50:14] local.INFO: Request Origin:   
[2025-06-08 07:50:14] local.INFO: Request Origin:   
[2025-06-08 07:50:14] local.INFO: Request Origin:   
[2025-06-08 07:50:14] local.INFO: Request Origin:   
[2025-06-08 07:50:14] local.INFO: Request Origin:   
[2025-06-08 07:50:14] local.INFO: Request Origin:   
[2025-06-08 07:50:15] local.INFO: Request Origin:   
[2025-06-08 07:50:15] local.INFO: Request Origin:   
[2025-06-08 07:50:15] local.INFO: Request Origin:   
[2025-06-08 07:50:15] local.INFO: Request Origin:   
[2025-06-08 07:50:15] local.INFO: Request Origin:   
[2025-06-08 07:50:15] local.INFO: Request Origin:   
[2025-06-08 07:50:15] local.INFO: Request Origin:   
[2025-06-08 07:50:16] local.INFO: Request Origin:   
[2025-06-08 07:50:23] local.INFO: Request Origin:   
[2025-06-08 07:50:25] local.INFO: Request Origin:   
[2025-06-08 07:50:26] local.INFO: Request Origin:   
[2025-06-08 07:50:26] local.INFO: Request Origin:   
[2025-06-08 07:50:26] local.INFO: Request Origin:   
[2025-06-08 07:50:26] local.INFO: Request Origin:   
[2025-06-08 07:50:26] local.INFO: Request Origin:   
[2025-06-08 07:50:26] local.INFO: Request Origin:   
[2025-06-08 07:50:26] local.INFO: Request Origin:   
[2025-06-08 07:50:27] local.INFO: Request Origin:   
[2025-06-08 07:50:27] local.INFO: Request Origin:   
[2025-06-08 07:50:27] local.INFO: Request Origin:   
[2025-06-08 07:50:27] local.INFO: Request Origin:   
[2025-06-08 07:50:27] local.INFO: Request Origin:   
[2025-06-08 07:50:27] local.INFO: Request Origin:   
[2025-06-08 07:50:28] local.INFO: Request Origin:   
[2025-06-08 07:50:28] local.INFO: Request Origin:   
[2025-06-08 07:50:28] local.INFO: Request Origin:   
[2025-06-08 07:50:28] local.INFO: Request Origin:   
[2025-06-08 07:50:28] local.INFO: Request Origin:   
[2025-06-08 07:50:28] local.INFO: Request Origin:   
[2025-06-08 07:50:28] local.INFO: Request Origin:   
[2025-06-08 07:50:29] local.INFO: Request Origin:   
[2025-06-08 07:50:29] local.INFO: Request Origin:   
[2025-06-08 07:50:29] local.INFO: Request Origin:   
[2025-06-08 07:50:29] local.INFO: Request Origin:   
[2025-06-08 07:50:29] local.INFO: Request Origin:   
[2025-06-08 07:50:29] local.INFO: Request Origin:   
[2025-06-08 07:50:29] local.INFO: Request Origin:   
[2025-06-08 07:50:29] local.INFO: Request Origin:   
[2025-06-08 07:50:29] local.INFO: Request Origin:   
[2025-06-08 07:50:29] local.INFO: Request Origin:   
[2025-06-08 07:50:29] local.INFO: Request Origin:   
[2025-06-08 07:50:30] local.INFO: Request Origin:   
[2025-06-08 07:50:30] local.INFO: Request Origin:   
[2025-06-08 07:50:30] local.INFO: Request Origin:   
[2025-06-08 07:50:30] local.INFO: Request Origin:   
[2025-06-08 07:50:30] local.INFO: Request Origin:   
[2025-06-08 07:50:30] local.INFO: Request Origin:   
[2025-06-08 07:50:30] local.INFO: Request Origin:   
[2025-06-08 07:50:30] local.INFO: Request Origin:   
[2025-06-08 07:50:30] local.INFO: Request Origin:   
[2025-06-08 07:50:31] local.INFO: Request Origin:   
[2025-06-08 07:50:31] local.INFO: Request Origin:   
[2025-06-08 07:50:32] local.INFO: Request Origin:   
[2025-06-08 07:50:32] local.INFO: Request Origin:   
[2025-06-08 07:50:32] local.INFO: Request Origin:   
[2025-06-08 07:50:32] local.INFO: Request Origin:   
[2025-06-08 07:50:32] local.INFO: Request Origin:   
[2025-06-08 07:50:33] local.INFO: Request Origin:   
[2025-06-08 07:50:33] local.INFO: Request Origin:   
[2025-06-08 07:50:33] local.INFO: Request Origin:   
[2025-06-08 07:50:33] local.INFO: Request Origin:   
[2025-06-08 07:50:33] local.INFO: Request Origin:   
[2025-06-08 07:50:34] local.INFO: Request Origin:   
[2025-06-08 07:50:34] local.INFO: Request Origin:   
[2025-06-08 07:50:34] local.INFO: Request Origin:   
[2025-06-08 07:50:46] local.INFO: Request Origin:   
[2025-06-08 07:50:46] local.INFO: Request Origin:   
[2025-06-08 07:50:46] local.INFO: Request Origin:   
[2025-06-08 07:50:46] local.INFO: Request Origin:   
[2025-06-08 07:50:46] local.INFO: Request Origin:   
[2025-06-08 07:50:46] local.INFO: Request Origin:   
[2025-06-08 07:50:46] local.INFO: Request Origin:   
[2025-06-08 07:50:46] local.INFO: Request Origin:   
[2025-06-08 07:50:47] local.INFO: Request Origin:   
[2025-06-08 07:50:47] local.INFO: Request Origin:   
[2025-06-08 07:50:47] local.INFO: Request Origin:   
[2025-06-08 07:50:48] local.INFO: Request Origin:   
[2025-06-08 07:50:48] local.INFO: Request Origin:   
[2025-06-08 07:50:48] local.INFO: Request Origin:   
[2025-06-08 07:50:48] local.INFO: Request Origin:   
[2025-06-08 07:50:48] local.INFO: Request Origin:   
[2025-06-08 07:50:49] local.INFO: Request Origin:   
[2025-06-08 07:50:49] local.INFO: Request Origin:   
[2025-06-08 07:50:49] local.INFO: Request Origin:   
[2025-06-08 07:50:49] local.INFO: Request Origin:   
[2025-06-08 07:50:49] local.INFO: Request Origin:   
[2025-06-08 07:50:49] local.INFO: Request Origin:   
[2025-06-08 07:50:49] local.INFO: Request Origin:   
[2025-06-08 07:50:50] local.INFO: Request Origin:   
[2025-06-08 07:50:50] local.INFO: Request Origin:   
[2025-06-08 07:50:50] local.INFO: Request Origin:   
[2025-06-08 07:50:50] local.INFO: Request Origin:   
[2025-06-08 07:50:51] local.INFO: Request Origin:   
[2025-06-08 07:50:51] local.INFO: Request Origin:   
[2025-06-08 07:50:51] local.INFO: Request Origin:   
[2025-06-08 07:50:51] local.INFO: Request Origin:   
[2025-06-08 07:50:51] local.INFO: Request Origin:   
[2025-06-08 07:51:15] local.INFO: Request Origin:   
[2025-06-08 07:51:15] local.INFO: Request Origin:   
[2025-06-08 07:51:49] local.INFO: Request Origin:   
[2025-06-08 07:51:51] local.INFO: Request Origin:   
[2025-06-08 07:51:51] local.INFO: Request Origin:   
[2025-06-08 07:51:54] local.INFO: Request Origin:   
[2025-06-08 07:51:54] local.INFO: Request Origin:   
[2025-06-08 07:51:54] local.INFO: Request Origin:   
[2025-06-08 07:51:54] local.INFO: Request Origin:   
[2025-06-08 07:51:54] local.INFO: Request Origin:   
[2025-06-08 07:51:54] local.INFO: Request Origin:   
[2025-06-08 07:51:54] local.INFO: Request Origin:   
[2025-06-08 07:51:54] local.INFO: Request Origin:   
[2025-06-08 07:51:57] local.INFO: Request Origin:   
[2025-06-08 07:51:58] local.INFO: Request Origin:   
[2025-06-08 07:51:58] local.INFO: Request Origin:   
[2025-06-08 07:51:58] local.INFO: Request Origin:   
[2025-06-08 07:51:58] local.INFO: Request Origin:   
[2025-06-08 07:51:58] local.INFO: Request Origin:   
[2025-06-08 07:51:58] local.INFO: Request Origin:   
[2025-06-08 07:51:58] local.INFO: Request Origin:   
[2025-06-08 07:51:58] local.INFO: Request Origin:   
[2025-06-08 07:51:58] local.INFO: Request Origin:   
[2025-06-08 07:51:58] local.INFO: Request Origin:   
[2025-06-08 07:51:59] local.INFO: Request Origin:   
[2025-06-08 07:51:59] local.INFO: Request Origin:   
[2025-06-08 07:51:59] local.INFO: Request Origin:   
[2025-06-08 07:51:59] local.INFO: Request Origin:   
[2025-06-08 07:51:59] local.INFO: Request Origin:   
[2025-06-08 07:51:59] local.INFO: Request Origin:   
[2025-06-08 07:52:00] local.INFO: Request Origin:   
[2025-06-08 07:52:00] local.INFO: Request Origin:   
[2025-06-08 07:52:00] local.INFO: Request Origin:   
[2025-06-08 07:52:00] local.INFO: Request Origin:   
[2025-06-08 07:52:00] local.INFO: Request Origin:   
[2025-06-08 07:52:00] local.INFO: Request Origin:   
[2025-06-08 07:52:00] local.INFO: Request Origin:   
[2025-06-08 07:52:00] local.INFO: Request Origin:   
[2025-06-08 07:52:01] local.INFO: Request Origin:   
[2025-06-08 07:52:01] local.INFO: Request Origin:   
[2025-06-08 07:52:01] local.INFO: Request Origin:   
[2025-06-08 07:52:01] local.INFO: Request Origin:   
[2025-06-08 07:52:01] local.INFO: Request Origin:   
[2025-06-08 07:52:01] local.INFO: Request Origin:   
[2025-06-08 07:52:01] local.INFO: Request Origin:   
[2025-06-08 07:52:01] local.INFO: Request Origin:   
[2025-06-08 07:52:02] local.INFO: Request Origin:   
[2025-06-08 07:52:02] local.INFO: Request Origin:   
[2025-06-08 07:52:02] local.INFO: Request Origin:   
[2025-06-08 07:52:02] local.INFO: Request Origin:   
[2025-06-08 07:52:02] local.INFO: Request Origin:   
[2025-06-08 07:52:02] local.INFO: Request Origin:   
[2025-06-08 07:52:02] local.INFO: Request Origin:   
[2025-06-08 07:52:02] local.INFO: Request Origin:   
[2025-06-08 07:52:03] local.INFO: Request Origin:   
[2025-06-08 07:52:03] local.INFO: Request Origin:   
[2025-06-08 07:52:03] local.INFO: Request Origin:   
[2025-06-08 07:52:04] local.INFO: Request Origin:   
[2025-06-08 07:52:04] local.INFO: Request Origin:   
[2025-06-08 07:52:04] local.INFO: Request Origin:   
[2025-06-08 07:52:04] local.INFO: Request Origin:   
[2025-06-08 07:52:04] local.INFO: Request Origin:   
[2025-06-08 07:52:11] local.INFO: Request Origin:   
[2025-06-08 07:52:11] local.INFO: Request Origin:   
[2025-06-08 07:52:12] local.INFO: Request Origin:   
[2025-06-08 07:52:13] local.INFO: Request Origin:   
[2025-06-08 07:52:16] local.INFO: Request Origin:   
[2025-06-08 07:52:16] local.INFO: Request Origin:   
[2025-06-08 07:52:16] local.INFO: Request Origin:   
[2025-06-08 07:52:16] local.INFO: Request Origin:   
[2025-06-08 07:52:16] local.INFO: Request Origin:   
[2025-06-08 07:52:16] local.INFO: Request Origin:   
[2025-06-08 07:52:16] local.INFO: Request Origin:   
[2025-06-08 07:52:17] local.INFO: Request Origin:   
[2025-06-08 07:52:18] local.INFO: Request Origin:   
[2025-06-08 07:52:18] local.INFO: Request Origin:   
[2025-06-08 07:52:18] local.INFO: Request Origin:   
[2025-06-08 07:52:18] local.INFO: Request Origin:   
[2025-06-08 07:52:18] local.INFO: Request Origin:   
[2025-06-08 07:52:18] local.INFO: Request Origin:   
[2025-06-08 07:52:18] local.INFO: Request Origin:   
[2025-06-08 07:52:18] local.INFO: Request Origin:   
[2025-06-08 07:52:18] local.INFO: Request Origin:   
[2025-06-08 07:52:19] local.INFO: Request Origin:   
[2025-06-08 07:52:19] local.INFO: Request Origin:   
[2025-06-08 07:52:19] local.INFO: Request Origin:   
[2025-06-08 07:52:19] local.INFO: Request Origin:   
[2025-06-08 07:52:19] local.INFO: Request Origin:   
[2025-06-08 07:52:19] local.INFO: Request Origin:   
[2025-06-08 07:52:19] local.INFO: Request Origin:   
[2025-06-08 07:52:20] local.INFO: Request Origin:   
[2025-06-08 07:52:20] local.INFO: Request Origin:   
[2025-06-08 07:52:20] local.INFO: Request Origin:   
[2025-06-08 07:52:20] local.INFO: Request Origin:   
[2025-06-08 07:52:20] local.INFO: Request Origin:   
[2025-06-08 07:52:21] local.INFO: Request Origin:   
[2025-06-08 07:52:21] local.INFO: Request Origin:   
[2025-06-08 07:52:21] local.INFO: Request Origin:   
[2025-06-08 07:52:39] local.INFO: Request Origin:   
[2025-06-08 07:52:39] local.INFO: Request Origin:   
[2025-06-08 07:52:39] local.INFO: Request Origin:   
[2025-06-08 07:52:39] local.INFO: Request Origin:   
[2025-06-08 07:52:39] local.INFO: Request Origin:   
[2025-06-08 07:52:39] local.INFO: Request Origin:   
[2025-06-08 07:52:39] local.INFO: Request Origin:   
[2025-06-08 07:52:39] local.INFO: Request Origin:   
[2025-06-08 07:52:40] local.INFO: Request Origin:   
[2025-06-08 07:52:41] local.INFO: Request Origin:   
[2025-06-08 07:52:41] local.INFO: Request Origin:   
[2025-06-08 07:52:41] local.INFO: Request Origin:   
[2025-06-08 07:52:41] local.INFO: Request Origin:   
[2025-06-08 07:52:41] local.INFO: Request Origin:   
[2025-06-08 07:52:41] local.INFO: Request Origin:   
[2025-06-08 07:52:41] local.INFO: Request Origin:   
[2025-06-08 07:52:55] local.INFO: Request Origin:   
[2025-06-08 07:52:55] local.INFO: Request Origin:   
[2025-06-08 07:52:55] local.INFO: Request Origin:   
[2025-06-08 07:52:55] local.INFO: Request Origin:   
[2025-06-08 07:52:55] local.INFO: Request Origin:   
[2025-06-08 07:52:55] local.INFO: Request Origin:   
[2025-06-08 07:52:55] local.INFO: Request Origin:   
[2025-06-08 07:52:56] local.INFO: Request Origin:   
[2025-06-08 07:52:59] local.INFO: Request Origin:   
[2025-06-08 07:52:59] local.INFO: Request Origin:   
[2025-06-08 07:52:59] local.INFO: Request Origin:   
[2025-06-08 07:52:59] local.INFO: Request Origin:   
[2025-06-08 07:52:59] local.INFO: Request Origin:   
[2025-06-08 07:53:00] local.INFO: Request Origin:   
[2025-06-08 07:53:00] local.INFO: Request Origin:   
[2025-06-08 07:53:00] local.INFO: Request Origin:   
[2025-06-08 07:53:00] local.INFO: Request Origin:   
[2025-06-08 07:54:23] local.INFO: Request Origin: http://localhost:3000  
[2025-06-08 07:54:32] local.INFO: Request Origin:   
[2025-06-08 07:54:32] local.INFO: Request Origin:   
[2025-06-08 07:54:32] local.INFO: Request Origin:   
[2025-06-08 07:54:32] local.INFO: Request Origin:   
[2025-06-08 07:54:32] local.INFO: Request Origin:   
[2025-06-08 07:54:32] local.INFO: Request Origin: http://localhost:3000  
[2025-06-08 07:54:33] local.INFO: Request Origin:   
[2025-06-08 07:54:33] local.INFO: Request Origin:   
[2025-06-08 07:54:33] local.INFO: Request Origin:   
[2025-06-08 07:54:35] local.INFO: Request Origin:   
[2025-06-08 07:54:37] local.INFO: Request Origin:   
[2025-06-08 07:54:37] local.INFO: Request Origin:   
[2025-06-08 07:54:39] local.INFO: Request Origin:   
[2025-06-08 07:54:39] local.INFO: Request Origin:   
[2025-06-08 07:54:39] local.INFO: Request Origin:   
[2025-06-08 07:54:39] local.INFO: Request Origin:   
[2025-06-08 07:54:39] local.INFO: Request Origin:   
[2025-06-08 07:54:39] local.INFO: Request Origin:   
[2025-06-08 07:54:39] local.INFO: Request Origin:   
[2025-06-08 07:54:40] local.INFO: Request Origin:   
[2025-06-08 07:54:40] local.INFO: Request Origin:   
[2025-06-08 07:54:40] local.INFO: Request Origin:   
[2025-06-08 07:54:41] local.INFO: Request Origin:   
[2025-06-08 07:54:41] local.INFO: Request Origin:   
[2025-06-08 07:54:41] local.INFO: Request Origin:   
[2025-06-08 07:54:41] local.INFO: Request Origin:   
[2025-06-08 07:54:41] local.INFO: Request Origin:   
[2025-06-08 07:58:36] local.INFO: Request Origin:   
[2025-06-08 07:58:36] local.INFO: Request Origin:   
[2025-06-08 07:58:36] local.INFO: Request Origin:   
[2025-06-08 07:58:36] local.INFO: Request Origin:   
[2025-06-08 07:58:36] local.INFO: Request Origin:   
[2025-06-08 07:58:36] local.INFO: Request Origin:   
[2025-06-08 07:58:36] local.INFO: Request Origin:   
[2025-06-08 07:58:37] local.INFO: Request Origin:   
[2025-06-08 07:58:37] local.INFO: Request Origin:   
[2025-06-08 07:58:37] local.INFO: Request Origin:   
[2025-06-08 07:58:37] local.INFO: Request Origin:   
[2025-06-08 07:58:37] local.INFO: Request Origin:   
[2025-06-08 07:58:37] local.INFO: Request Origin:   
[2025-06-08 07:58:38] local.INFO: Request Origin:   
[2025-06-08 07:58:38] local.INFO: Request Origin:   
[2025-06-08 07:58:55] local.INFO: Request Origin:   
[2025-06-08 07:58:55] local.INFO: Request Origin:   
[2025-06-08 07:59:00] local.INFO: Request Origin:   
[2025-06-08 07:59:00] local.INFO: Request Origin:   
[2025-06-08 07:59:00] local.INFO: Request Origin:   
[2025-06-08 07:59:00] local.INFO: Request Origin:   
[2025-06-08 07:59:17] local.INFO: Request Origin: http://localhost:3000  
[2025-06-08 07:59:32] local.INFO: Request Origin: http://localhost:3000  
[2025-06-08 07:59:45] local.INFO: Request Origin:   
[2025-06-08 07:59:48] local.INFO: Request Origin:   
[2025-06-08 07:59:48] local.INFO: Request Origin:   
[2025-06-08 07:59:48] local.INFO: Request Origin:   
[2025-06-08 07:59:48] local.INFO: Request Origin:   
[2025-06-08 07:59:48] local.INFO: Request Origin:   
[2025-06-08 07:59:48] local.INFO: Request Origin:   
[2025-06-08 07:59:49] local.INFO: Request Origin:   
[2025-06-08 07:59:49] local.INFO: Request Origin:   
[2025-06-08 07:59:56] local.INFO: Request Origin: http://localhost:3000  
[2025-06-08 07:59:57] local.INFO: Request Origin:   
[2025-06-08 07:59:57] local.INFO: Request Origin:   
[2025-06-08 07:59:57] local.INFO: Request Origin:   
[2025-06-08 07:59:57] local.INFO: Request Origin:   
[2025-06-08 07:59:57] local.INFO: Request Origin:   
[2025-06-08 07:59:57] local.INFO: Request Origin:   
[2025-06-08 07:59:58] local.INFO: Request Origin:   
[2025-06-08 07:59:58] local.INFO: Request Origin:   
[2025-06-08 08:00:01] local.INFO: Request Origin:   
[2025-06-08 08:00:01] local.INFO: Request Origin:   
[2025-06-08 08:00:01] local.INFO: Request Origin:   
[2025-06-08 08:00:01] local.INFO: Request Origin:   
[2025-06-08 08:00:01] local.INFO: Request Origin:   
[2025-06-08 08:00:01] local.INFO: Request Origin:   
[2025-06-08 08:00:02] local.INFO: Request Origin:   
[2025-06-08 08:00:02] local.INFO: Request Origin:   
[2025-06-08 08:00:03] local.INFO: Request Origin:   
[2025-06-08 08:00:03] local.INFO: Request Origin:   
[2025-06-08 08:00:03] local.INFO: Request Origin:   
[2025-06-08 08:00:03] local.INFO: Request Origin:   
[2025-06-08 08:00:04] local.INFO: Request Origin:   
[2025-06-08 08:00:04] local.INFO: Request Origin:   
[2025-06-08 08:00:04] local.INFO: Request Origin:   
[2025-06-08 08:00:04] local.INFO: Request Origin:   
[2025-06-08 08:04:07] local.INFO: Request Origin: http://localhost:3000  
[2025-06-08 08:04:08] local.INFO: Request Origin:   
[2025-06-08 08:04:08] local.INFO: Request Origin:   
[2025-06-08 08:04:08] local.INFO: Request Origin:   
[2025-06-08 08:04:08] local.INFO: Request Origin:   
[2025-06-08 08:04:08] local.INFO: Request Origin:   
[2025-06-08 08:04:08] local.INFO: Request Origin:   
[2025-06-08 08:04:09] local.INFO: Request Origin:   
[2025-06-08 08:04:09] local.INFO: Request Origin:   
[2025-06-08 08:04:10] local.INFO: Request Origin:   
[2025-06-08 08:04:10] local.INFO: Request Origin:   
[2025-06-08 08:04:10] local.INFO: Request Origin:   
[2025-06-08 08:04:10] local.INFO: Request Origin:   
[2025-06-08 08:04:10] local.INFO: Request Origin:   
[2025-06-08 08:04:10] local.INFO: Request Origin:   
[2025-06-08 08:04:10] local.INFO: Request Origin:   
[2025-06-08 08:04:11] local.INFO: Request Origin:   
[2025-06-08 08:05:30] local.INFO: Request Origin:   
[2025-06-08 08:06:04] local.INFO: Request Origin:   
[2025-06-08 08:06:04] local.INFO: Request Origin:   
[2025-06-08 08:06:04] local.INFO: Request Origin:   
[2025-06-08 08:06:04] local.INFO: Request Origin:   
[2025-06-08 08:06:04] local.INFO: Request Origin:   
[2025-06-08 08:06:04] local.INFO: Request Origin:   
[2025-06-08 08:06:04] local.INFO: Request Origin:   
[2025-06-08 08:06:05] local.INFO: Request Origin:   
[2025-06-08 08:06:05] local.INFO: Request Origin:   
[2025-06-08 08:06:08] local.INFO: Request Origin:   
[2025-06-08 08:06:09] local.INFO: Request Origin:   
[2025-06-08 08:06:09] local.INFO: Request Origin:   
[2025-06-08 08:06:09] local.INFO: Request Origin:   
[2025-06-08 08:06:09] local.INFO: Request Origin:   
[2025-06-08 08:06:09] local.INFO: Request Origin:   
[2025-06-08 08:06:09] local.INFO: Request Origin:   
[2025-06-08 08:06:09] local.INFO: Request Origin:   
[2025-06-08 08:06:09] local.INFO: Request Origin:   
[2025-06-08 08:13:59] local.INFO: Request Origin:   
[2025-06-08 08:13:59] local.INFO: Request Origin:   
[2025-06-08 10:17:06] local.INFO: Request Origin:   
[2025-06-08 10:17:07] local.INFO: Request Origin:   
[2025-06-08 10:17:08] local.INFO: Request Origin:   
[2025-06-08 10:17:08] local.INFO: Request Origin:   
[2025-06-08 10:17:08] local.INFO: Request Origin:   
[2025-06-08 10:17:08] local.INFO: Request Origin:   
[2025-06-08 10:17:09] local.INFO: Request Origin:   
[2025-06-08 10:17:09] local.INFO: Request Origin:   
[2025-06-08 10:17:09] local.INFO: Request Origin:   
[2025-06-08 10:17:33] local.INFO: Request Origin:   
[2025-06-08 10:17:55] local.INFO: Request Origin: http://localhost:3000  
[2025-06-08 10:17:58] local.INFO: Request Origin:   
[2025-06-08 10:18:09] local.INFO: Request Origin:   
[2025-06-08 10:18:11] local.INFO: Request Origin:   
[2025-06-08 10:18:11] local.INFO: Request Origin:   
[2025-06-08 10:18:12] local.INFO: Request Origin:   
[2025-06-08 10:18:12] local.INFO: Request Origin:   
[2025-06-08 10:18:12] local.INFO: Request Origin:   
[2025-06-08 10:19:40] local.INFO: Request Origin:   
[2025-06-08 10:19:40] local.INFO: Request Origin:   
[2025-06-08 12:33:52] local.INFO: Request Origin:   
[2025-06-08 12:33:53] local.INFO: Request Origin:   
[2025-06-08 12:33:54] local.INFO: Request Origin:   
[2025-06-08 12:33:54] local.INFO: Request Origin:   
[2025-06-08 12:33:54] local.INFO: Request Origin:   
[2025-06-08 12:33:54] local.INFO: Request Origin:   
[2025-06-08 12:33:59] local.INFO: Request Origin:   
[2025-06-08 12:34:00] local.INFO: Request Origin:   
[2025-06-08 12:34:19] local.INFO: Request Origin:   
[2025-06-08 12:34:32] local.INFO: Request Origin: http://localhost:3000  
[2025-06-08 12:34:36] local.INFO: Request Origin:   
[2025-06-08 12:34:38] local.INFO: Request Origin:   
[2025-06-08 12:34:38] local.INFO: Request Origin:   
[2025-06-08 12:34:39] local.INFO: Request Origin:   
[2025-06-08 12:34:39] local.INFO: Request Origin:   
[2025-06-08 12:34:39] local.INFO: Request Origin:   
[2025-06-08 12:34:39] local.INFO: Request Origin:   
[2025-06-08 12:35:08] local.INFO: Request Origin:   
[2025-06-08 12:35:08] local.INFO: Request Origin:   
[2025-06-08 12:35:09] local.INFO: Request Origin: http://localhost:3000  
[2025-06-09 07:35:16] local.INFO: Request Origin:   
[2025-06-09 07:35:17] local.INFO: Request Origin:   
[2025-06-09 07:35:17] local.INFO: Request Origin:   
[2025-06-09 07:35:18] local.INFO: Request Origin:   
[2025-06-09 07:35:18] local.INFO: Request Origin:   
[2025-06-09 07:35:18] local.INFO: Request Origin:   
[2025-06-09 07:35:18] local.INFO: Request Origin:   
[2025-06-09 07:35:24] local.INFO: Request Origin:   
[2025-06-09 07:35:24] local.INFO: Request Origin:   
[2025-06-09 07:35:50] local.INFO: Request Origin:   
[2025-06-09 07:36:01] local.INFO: Request Origin: http://localhost:3000  
[2025-06-09 07:36:04] local.INFO: Request Origin:   
[2025-06-09 07:36:06] local.INFO: Request Origin:   
[2025-06-09 07:36:06] local.INFO: Request Origin:   
[2025-06-09 07:36:07] local.INFO: Request Origin:   
[2025-06-09 07:36:07] local.INFO: Request Origin:   
[2025-06-09 07:36:07] local.INFO: Request Origin:   
[2025-06-09 07:36:07] local.INFO: Request Origin:   
[2025-06-09 07:41:00] local.INFO: Request Origin:   
[2025-06-09 07:41:00] local.INFO: Request Origin:   
[2025-06-09 07:41:02] local.INFO: Request Origin:   
[2025-06-09 07:41:02] local.INFO: Request Origin:   
[2025-06-09 07:41:02] local.INFO: Request Origin:   
[2025-06-09 07:41:03] local.INFO: Request Origin:   
[2025-06-09 07:41:04] local.INFO: Request Origin:   
[2025-06-09 07:41:04] local.INFO: Request Origin:   
[2025-06-09 07:41:05] local.INFO: Request Origin:   
[2025-06-09 07:41:05] local.INFO: Request Origin:   
[2025-06-09 07:41:05] local.INFO: Request Origin:   
[2025-06-09 07:41:05] local.INFO: Request Origin:   
[2025-06-09 07:41:09] local.INFO: Request Origin:   
[2025-06-09 07:41:09] local.INFO: Request Origin:   
[2025-06-09 07:41:09] local.INFO: Request Origin:   
[2025-06-09 07:41:10] local.INFO: Request Origin:   
[2025-06-09 07:41:11] local.INFO: Request Origin:   
[2025-06-09 07:41:11] local.INFO: Request Origin:   
[2025-06-09 07:41:12] local.INFO: Request Origin:   
[2025-06-09 07:41:12] local.INFO: Request Origin:   
[2025-06-09 07:41:14] local.INFO: Request Origin:   
[2025-06-09 07:41:14] local.INFO: Request Origin:   
[2025-06-09 07:41:15] local.INFO: Request Origin:   
[2025-06-09 07:41:16] local.INFO: Request Origin:   
[2025-06-09 07:41:17] local.INFO: Request Origin:   
[2025-06-09 07:41:17] local.INFO: Request Origin:   
[2025-06-09 07:41:23] local.INFO: Request Origin:   
[2025-06-09 07:41:25] local.INFO: Request Origin:   
[2025-06-09 07:41:25] local.INFO: Request Origin:   
[2025-06-09 07:41:25] local.INFO: Request Origin:   
[2025-06-09 07:41:25] local.INFO: Request Origin:   
[2025-06-09 07:41:26] local.INFO: Request Origin:   
[2025-06-09 07:41:26] local.INFO: Request Origin:   
[2025-06-09 07:41:26] local.INFO: Request Origin:   
[2025-06-09 07:44:18] local.INFO: Request Origin:   
[2025-06-09 07:44:18] local.INFO: Request Origin:   
[2025-06-09 07:44:18] local.INFO: Request Origin:   
[2025-06-09 07:44:18] local.INFO: Request Origin:   
[2025-06-09 07:44:20] local.INFO: Request Origin: http://localhost:3000  
[2025-06-09 07:45:35] local.INFO: Request Origin: http://localhost:3000  
[2025-06-09 07:46:21] local.INFO: Request Origin: http://localhost:3000  
[2025-06-09 07:52:24] local.INFO: Request Origin:   
[2025-06-09 07:52:26] local.INFO: Request Origin: http://localhost:3000  
[2025-06-09 07:52:31] local.INFO: Request Origin:   
[2025-06-09 07:52:38] local.INFO: Request Origin: http://localhost:3000  
[2025-06-09 07:54:41] local.INFO: Request Origin: http://localhost:3000  
[2025-06-09 07:54:45] local.INFO: Request Origin:   
[2025-06-09 07:54:45] local.INFO: Request Origin:   
[2025-06-09 07:54:46] local.INFO: Request Origin:   
[2025-06-09 07:54:49] local.INFO: Request Origin: http://localhost:3000  
[2025-06-09 08:00:39] local.INFO: Request Origin:   
[2025-06-11 07:57:10] local.INFO: Request Origin:   
[2025-06-11 07:57:13] local.INFO: Request Origin:   
[2025-06-11 07:57:14] local.INFO: Request Origin:   
[2025-06-11 07:57:14] local.INFO: Request Origin:   
[2025-06-11 07:57:14] local.INFO: Request Origin:   
[2025-06-11 07:57:14] local.INFO: Request Origin:   
[2025-06-11 07:57:14] local.INFO: Request Origin:   
[2025-06-11 07:57:15] local.INFO: Request Origin:   
[2025-06-11 07:57:15] local.INFO: Request Origin:   
[2025-06-11 07:57:21] local.INFO: Request Origin:   
[2025-06-11 07:57:21] local.INFO: Request Origin:   
[2025-06-11 07:58:02] local.INFO: Request Origin:   
[2025-06-11 07:58:05] local.INFO: Request Origin:   
[2025-06-11 07:58:06] local.INFO: Request Origin: http://localhost:3000  
[2025-06-11 07:58:06] local.INFO: Request Origin:   
[2025-06-11 07:58:28] local.INFO: Request Origin:   
[2025-06-11 07:58:51] local.INFO: Request Origin:   
[2025-06-11 07:59:09] local.INFO: Request Origin:   
[2025-06-11 07:59:16] local.INFO: Request Origin:   
[2025-06-11 08:03:38] local.INFO: Request Origin:   
[2025-06-11 08:03:48] local.INFO: Request Origin:   
[2025-06-11 08:05:01] local.INFO: Request Origin:   
[2025-06-11 08:12:52] local.INFO: Request Origin:   
[2025-06-11 08:13:16] local.INFO: Request Origin: http://localhost:3000  
[2025-06-11 08:15:01] local.INFO: Request Origin: http://localhost:3000  
[2025-06-11 08:15:27] local.INFO: Request Origin: http://localhost:3000  
[2025-06-11 08:15:39] local.INFO: Request Origin: http://localhost:3000  
[2025-06-11 08:15:43] local.INFO: Request Origin: http://localhost:3000  
[2025-06-11 16:52:11] local.INFO: Request Origin:   
[2025-06-11 16:52:11] local.INFO: Request Origin:   
[2025-06-11 16:52:12] local.INFO: Request Origin:   
[2025-06-11 16:52:12] local.INFO: Request Origin:   
[2025-06-11 16:52:12] local.INFO: Request Origin:   
[2025-06-11 16:52:12] local.INFO: Request Origin:   
[2025-06-11 16:52:12] local.INFO: Request Origin:   
[2025-06-11 16:52:12] local.INFO: Request Origin:   
[2025-06-11 16:52:12] local.INFO: Request Origin:   
[2025-06-11 16:52:16] local.INFO: Request Origin:   
[2025-06-11 16:52:16] local.INFO: Request Origin:   
[2025-06-11 16:52:30] local.INFO: Request Origin:   
[2025-06-11 16:52:30] local.INFO: Request Origin:   
[2025-06-11 16:52:31] local.INFO: Request Origin: http://localhost:3000  
[2025-06-11 16:52:58] local.INFO: Request Origin:   
[2025-06-11 16:52:58] local.INFO: Request Origin:   
[2025-06-11 17:13:17] local.INFO: Request Origin:   
[2025-06-11 17:13:37] local.INFO: Request Origin:   
[2025-06-11 17:13:59] local.INFO: Request Origin: http://localhost:3000  
[2025-06-11 17:14:10] local.INFO: Request Origin: http://localhost:3000  
[2025-06-11 17:14:10] local.INFO: Request Origin: http://localhost:3000  
[2025-06-11 17:14:24] local.INFO: Request Origin:   
[2025-06-11 17:14:25] local.INFO: Request Origin: http://localhost:3000  
[2025-06-11 17:14:29] local.INFO: Request Origin: http://localhost:3000  
[2025-06-11 17:14:31] local.INFO: Request Origin:   
[2025-06-11 17:14:32] local.INFO: Request Origin:   
[2025-06-11 17:14:36] local.INFO: Request Origin: http://localhost:3000  
[2025-06-11 17:14:36] local.INFO: Request Origin: http://localhost:3000  
[2025-06-11 17:14:46] local.INFO: Request Origin:   
[2025-06-11 17:14:49] local.INFO: Request Origin:   
[2025-06-11 17:14:50] local.INFO: Request Origin:   
[2025-06-11 17:14:55] local.INFO: Request Origin: http://localhost:3000  
[2025-06-11 17:15:00] local.INFO: Request Origin: http://localhost:3000  
[2025-06-11 17:15:00] local.INFO: Request Origin:   
[2025-06-11 17:15:01] local.INFO: Request Origin:   
[2025-06-11 17:15:01] local.INFO: Request Origin:   
[2025-06-11 17:15:01] local.INFO: Request Origin:   
[2025-06-11 17:15:01] local.INFO: Request Origin:   
[2025-06-11 17:15:01] local.INFO: Request Origin:   
[2025-06-11 17:15:01] local.INFO: Request Origin:   
[2025-06-11 17:15:01] local.INFO: Request Origin:   
[2025-06-11 17:15:01] local.INFO: Request Origin:   
[2025-06-11 17:15:38] local.INFO: Request Origin:   
[2025-06-11 17:16:30] local.INFO: Request Origin: http://localhost:3000  
[2025-06-11 17:16:43] local.INFO: Request Origin:   
[2025-06-11 17:16:48] local.INFO: Request Origin: http://localhost:3000  
[2025-06-11 17:16:48] local.INFO: Request Origin: http://localhost:3000  
[2025-06-11 17:16:53] local.INFO: Request Origin:   
[2025-06-11 17:16:54] local.INFO: Request Origin: http://localhost:3000  
[2025-06-11 17:16:56] local.INFO: Request Origin:   
[2025-06-11 17:17:05] local.INFO: Request Origin: http://localhost:3000  
[2025-06-11 17:17:05] local.INFO: Request Origin: http://localhost:3000  
[2025-06-11 17:17:12] local.INFO: Request Origin:   
[2025-06-11 17:17:12] local.INFO: Request Origin: http://localhost:3000  
[2025-06-11 17:17:15] local.INFO: Request Origin:   
[2025-06-11 17:17:16] local.INFO: Request Origin:   
[2025-06-11 17:20:09] local.INFO: Request Origin: http://localhost:3000  
[2025-06-11 17:20:10] local.INFO: Request Origin: http://localhost:3000  
[2025-06-11 17:20:23] local.INFO: Request Origin:   
[2025-06-11 17:20:23] local.INFO: Request Origin: http://localhost:3000  
[2025-06-11 17:20:27] local.INFO: Request Origin:   
[2025-06-11 17:20:37] local.INFO: Request Origin: http://localhost:3000  
[2025-06-11 17:20:37] local.INFO: Request Origin: http://localhost:3000  
[2025-06-11 17:20:42] local.INFO: Request Origin:   
[2025-06-11 17:20:43] local.INFO: Request Origin: http://localhost:3000  
[2025-06-11 17:20:44] local.INFO: Request Origin:   
[2025-06-11 17:21:51] local.INFO: Request Origin: http://localhost:3000  
[2025-06-11 17:21:51] local.INFO: Request Origin: http://localhost:3000  
[2025-06-11 17:21:59] local.INFO: Request Origin:   
[2025-06-11 17:22:01] local.INFO: Request Origin: http://localhost:3000  
[2025-06-11 17:22:02] local.INFO: Request Origin:   
[2025-06-11 17:22:05] local.INFO: Request Origin:   
[2025-06-11 17:22:09] local.INFO: Request Origin: http://localhost:3000  
[2025-06-11 17:22:10] local.INFO: Request Origin: http://localhost:3000  
[2025-06-11 17:22:14] local.INFO: Request Origin:   
[2025-06-11 17:22:15] local.INFO: Request Origin: http://localhost:3000  
[2025-06-11 17:22:16] local.INFO: Request Origin:   
[2025-06-11 17:22:17] local.INFO: Request Origin:   
[2025-06-11 17:22:18] local.INFO: Request Origin:   
[2025-06-11 17:23:23] local.INFO: Request Origin: http://localhost:3000  
[2025-06-11 17:23:23] local.INFO: Request Origin: http://localhost:3000  
[2025-06-11 17:24:06] local.INFO: Request Origin: http://localhost:3000  
[2025-06-11 17:24:06] local.INFO: Request Origin: http://localhost:3000  
[2025-06-11 17:24:26] local.INFO: Request Origin: http://localhost:3000  
[2025-06-11 17:24:26] local.INFO: Request Origin: http://localhost:3000  
[2025-06-11 17:24:41] local.INFO: Request Origin:   
[2025-06-11 17:24:42] local.INFO: Request Origin: http://localhost:3000  
[2025-06-11 17:24:54] local.INFO: Request Origin: http://localhost:3000  
[2025-06-11 17:24:54] local.INFO: Request Origin: http://localhost:3000  
[2025-06-11 17:25:02] local.INFO: Request Origin:   
[2025-06-11 17:25:03] local.INFO: Request Origin: http://localhost:3000  
[2025-06-11 17:25:05] local.INFO: Request Origin:   
[2025-06-11 17:25:08] local.INFO: Request Origin:   
[2025-06-11 17:25:10] local.INFO: Request Origin:   
[2025-06-11 22:50:32] local.INFO: Request Origin:   
[2025-06-11 22:50:33] local.INFO: Request Origin:   
[2025-06-11 22:50:33] local.INFO: Request Origin:   
[2025-06-11 22:50:33] local.INFO: Request Origin:   
[2025-06-11 22:50:35] local.INFO: Request Origin:   
[2025-06-11 22:50:35] local.INFO: Request Origin:   
[2025-06-11 22:50:35] local.INFO: Request Origin:   
[2025-06-11 22:50:35] local.INFO: Request Origin:   
[2025-06-11 22:50:35] local.INFO: Request Origin:   
[2025-06-11 22:50:38] local.INFO: Request Origin:   
[2025-06-11 22:50:38] local.INFO: Request Origin:   
[2025-06-11 22:51:19] local.INFO: Request Origin:   
[2025-06-11 22:51:19] local.INFO: Request Origin:   
[2025-06-11 22:51:19] local.INFO: Request Origin: http://localhost:3000  
[2025-06-11 22:56:04] local.INFO: Request Origin:   
[2025-06-11 22:56:27] local.INFO: Request Origin: http://localhost:3000  
[2025-06-11 22:57:31] local.INFO: Request Origin:   
[2025-06-11 22:57:38] local.INFO: Request Origin:   
[2025-06-11 22:57:45] local.INFO: Request Origin:   
[2025-06-11 22:59:28] local.INFO: Request Origin: http://localhost:3000  
[2025-06-11 23:01:56] local.INFO: Request Origin:   
[2025-06-11 23:02:16] local.INFO: Request Origin:   
[2025-06-11 23:04:34] local.INFO: Request Origin:   
[2025-06-11 23:04:37] local.INFO: Request Origin:   
[2025-06-11 23:06:33] local.INFO: Request Origin:   
[2025-06-11 23:06:52] local.INFO: Request Origin:   
[2025-06-11 23:07:06] local.INFO: Request Origin: http://localhost:3000  
[2025-06-11 23:07:41] local.INFO: Request Origin: http://localhost:3000  
[2025-06-11 23:10:35] local.INFO: Request Origin:   
[2025-06-11 23:10:40] local.INFO: Request Origin:   
[2025-06-11 23:10:43] local.INFO: Request Origin:   
[2025-06-11 23:10:44] local.INFO: Request Origin:   
[2025-06-11 23:10:46] local.INFO: Request Origin:   
[2025-06-11 23:10:49] local.INFO: Request Origin:   
[2025-06-11 23:10:51] local.INFO: Request Origin:   
[2025-06-11 23:10:53] local.INFO: Request Origin:   
[2025-06-11 23:10:55] local.INFO: Request Origin:   
[2025-06-11 23:10:58] local.INFO: Request Origin:   
[2025-06-11 23:11:03] local.INFO: Request Origin: http://localhost:3000  
[2025-06-11 23:11:20] local.INFO: Request Origin: http://localhost:3000  
[2025-06-11 23:11:20] local.INFO: Request Origin: http://localhost:3000  
[2025-06-11 23:12:05] local.INFO: Request Origin: http://localhost:3000  
[2025-06-11 23:12:47] local.INFO: Request Origin: http://localhost:3000  
[2025-06-11 23:12:59] local.INFO: Request Origin: http://localhost:3000  
[2025-06-11 23:13:03] local.INFO: Request Origin: http://localhost:3000  
[2025-06-11 23:13:03] local.INFO: Request Origin: http://localhost:3000  
[2025-06-11 23:13:12] local.INFO: Request Origin:   
[2025-06-11 23:13:13] local.INFO: Request Origin: http://localhost:3000  
[2025-06-11 23:13:16] local.INFO: Request Origin: http://localhost:3000  
[2025-06-11 23:13:16] local.INFO: Request Origin: http://localhost:3000  
[2025-06-11 23:13:25] local.INFO: Request Origin:   
[2025-06-11 23:13:26] local.INFO: Request Origin: http://localhost:3000  
[2025-06-12 01:10:12] local.INFO: Request Origin:   
[2025-06-12 01:10:13] local.INFO: Request Origin:   
[2025-06-12 01:10:13] local.INFO: Request Origin:   
[2025-06-12 01:10:13] local.INFO: Request Origin:   
[2025-06-12 01:10:13] local.INFO: Request Origin:   
[2025-06-12 01:10:14] local.INFO: Request Origin:   
[2025-06-12 01:10:14] local.INFO: Request Origin:   
[2025-06-12 01:10:14] local.INFO: Request Origin:   
[2025-06-12 01:10:14] local.INFO: Request Origin:   
[2025-06-12 01:10:17] local.INFO: Request Origin:   
[2025-06-12 01:10:17] local.INFO: Request Origin:   
[2025-06-12 01:12:07] local.INFO: Request Origin:   
[2025-06-12 01:12:07] local.INFO: Request Origin:   
[2025-06-12 01:12:07] local.INFO: Request Origin:   
[2025-06-12 01:12:07] local.INFO: Request Origin:   
[2025-06-12 01:12:07] local.INFO: Request Origin:   
[2025-06-12 01:12:07] local.INFO: Request Origin:   
[2025-06-12 01:12:07] local.INFO: Request Origin:   
[2025-06-12 01:12:07] local.INFO: Request Origin:   
[2025-06-12 01:12:08] local.INFO: Request Origin:   
[2025-06-12 01:12:08] local.INFO: Request Origin:   
[2025-06-12 01:12:08] local.INFO: Request Origin:   
[2025-06-12 01:12:08] local.INFO: Request Origin:   
[2025-06-12 01:12:09] local.INFO: Request Origin:   
[2025-06-12 01:12:09] local.INFO: Request Origin:   
[2025-06-12 01:12:09] local.INFO: Request Origin:   
[2025-06-12 01:12:09] local.INFO: Request Origin:   
[2025-06-12 01:12:09] local.INFO: Request Origin:   
[2025-06-12 01:12:26] local.INFO: Request Origin: http://localhost:3000  
[2025-06-12 01:12:40] local.INFO: Request Origin: http://localhost:3000  
[2025-06-12 01:12:41] local.INFO: Request Origin: http://localhost:3000  
[2025-06-12 01:12:59] local.INFO: Request Origin: http://localhost:3000  
[2025-06-12 01:12:59] local.INFO: Request Origin: http://localhost:3000  
[2025-06-12 01:13:08] local.INFO: Request Origin:   
[2025-06-12 01:13:09] local.INFO: Request Origin: http://localhost:3000  
[2025-06-12 01:14:01] local.INFO: Request Origin: http://localhost:3000  
[2025-06-12 01:14:01] local.INFO: Request Origin: http://localhost:3000  
[2025-06-12 01:14:10] local.INFO: Request Origin:   
[2025-06-12 01:14:14] local.INFO: Request Origin:   
[2025-06-12 01:14:15] local.INFO: Request Origin: http://localhost:3000  
[2025-06-12 01:14:25] local.INFO: Request Origin:   
[2025-06-12 01:14:26] local.INFO: Request Origin:   
[2025-06-12 01:14:29] local.INFO: Request Origin:   
[2025-06-12 01:14:31] local.INFO: Request Origin:   
[2025-06-12 01:14:33] local.INFO: Request Origin: http://localhost:3000  
[2025-06-12 01:14:33] local.INFO: Request Origin: http://localhost:3000  
[2025-06-12 01:14:47] local.INFO: Request Origin: http://localhost:3000  
[2025-06-12 01:14:47] local.INFO: Request Origin: http://localhost:3000  
[2025-06-12 01:14:55] local.INFO: Request Origin: http://localhost:3000  
[2025-06-12 01:14:55] local.INFO: Request Origin: http://localhost:3000  
[2025-06-12 01:15:41] local.INFO: Request Origin: http://localhost:3000  
[2025-06-12 01:15:41] local.INFO: Request Origin: http://localhost:3000  
[2025-06-12 01:15:45] local.INFO: Request Origin: http://localhost:3000  
[2025-06-12 01:15:45] local.INFO: Request Origin: http://localhost:3000  
[2025-06-12 01:15:53] local.INFO: Request Origin:   
[2025-06-12 01:15:53] local.INFO: Request Origin: http://localhost:3000  
[2025-06-12 01:15:56] local.INFO: Request Origin: http://localhost:3000  
[2025-06-12 01:15:57] local.INFO: Request Origin: http://localhost:3000  
[2025-06-12 01:16:06] local.INFO: Request Origin:   
[2025-06-12 01:16:06] local.INFO: Request Origin: http://localhost:3000  
[2025-06-12 01:16:12] local.INFO: Request Origin: http://localhost:3000  
[2025-06-12 01:16:12] local.INFO: Request Origin: http://localhost:3000  
[2025-06-12 01:16:19] local.INFO: Request Origin:   
[2025-06-12 01:16:20] local.INFO: Request Origin: http://localhost:3000  
[2025-06-12 01:21:21] local.INFO: Request Origin: http://localhost:3000  
[2025-06-12 01:21:21] local.INFO: Request Origin: http://localhost:3000  
[2025-06-12 01:21:50] local.INFO: Request Origin: http://localhost:3000  
[2025-06-12 01:21:50] local.INFO: Request Origin: http://localhost:3000  
[2025-06-12 01:22:21] local.INFO: Request Origin: http://localhost:3000  
[2025-06-12 01:22:21] local.INFO: Request Origin: http://localhost:3000  
[2025-06-12 01:24:09] local.INFO: Request Origin: http://localhost:3000  
[2025-06-12 01:24:10] local.INFO: Request Origin: http://localhost:3000  
[2025-06-12 01:24:16] local.INFO: Request Origin: http://localhost:3000  
[2025-06-12 01:24:16] local.INFO: Request Origin: http://localhost:3000  
[2025-06-12 01:24:37] local.INFO: Request Origin:   
[2025-06-12 01:24:38] local.INFO: Request Origin: http://localhost:3000  
[2025-06-12 01:24:41] local.INFO: Request Origin: http://localhost:3000  
[2025-06-12 01:24:42] local.INFO: Request Origin: http://localhost:3000  
[2025-06-12 01:24:52] local.INFO: Request Origin:   
[2025-06-12 01:24:53] local.INFO: Request Origin: http://localhost:3000  
[2025-06-12 01:25:48] local.INFO: Request Origin: http://localhost:3000  
[2025-06-12 01:25:48] local.INFO: Request Origin: http://localhost:3000  
[2025-06-12 01:29:49] local.INFO: Request Origin: http://localhost:3000  
[2025-06-12 01:29:50] local.INFO: Request Origin: http://localhost:3000  
[2025-06-12 01:30:08] local.INFO: Request Origin:   
[2025-06-12 01:30:08] local.INFO: Request Origin: http://localhost:3000  
[2025-06-12 01:30:12] local.INFO: Request Origin: http://localhost:3000  
[2025-06-12 01:30:12] local.INFO: Request Origin: http://localhost:3000  
[2025-06-12 01:30:20] local.INFO: Request Origin:   
[2025-06-12 01:30:20] local.INFO: Request Origin: http://localhost:3000  
[2025-06-12 01:31:16] local.INFO: Request Origin: http://localhost:3000  
[2025-06-12 01:31:16] local.INFO: Request Origin: http://localhost:3000  
[2025-06-12 01:31:23] local.INFO: Request Origin:   
[2025-06-12 01:31:24] local.INFO: Request Origin: http://localhost:3000  
[2025-06-12 01:50:01] local.INFO: Request Origin: http://localhost:3000  
[2025-06-12 01:50:19] local.INFO: Request Origin:   
[2025-06-12 01:50:22] local.INFO: Request Origin:   
[2025-06-12 01:50:24] local.INFO: Request Origin:   
[2025-06-12 01:50:26] local.INFO: Request Origin:   
[2025-06-12 01:50:27] local.INFO: Request Origin:   
[2025-06-12 01:50:29] local.INFO: Request Origin:   
[2025-06-12 01:50:30] local.INFO: Request Origin:   
[2025-06-12 01:50:32] local.INFO: Request Origin:   
[2025-06-12 01:50:41] local.INFO: Request Origin: http://localhost:3000  
[2025-06-12 01:50:41] local.INFO: Request Origin: http://localhost:3000  
[2025-06-12 01:50:53] local.INFO: Request Origin:   
[2025-06-12 01:50:53] local.INFO: Request Origin: http://localhost:3000  
[2025-06-12 01:50:56] local.INFO: Request Origin: http://localhost:3000  
[2025-06-12 01:50:56] local.INFO: Request Origin: http://localhost:3000  
[2025-06-12 01:51:41] local.INFO: Request Origin:   
[2025-06-12 01:51:42] local.INFO: Request Origin: http://localhost:3000  
[2025-06-12 01:51:51] local.INFO: Request Origin:   
[2025-06-12 01:54:23] local.INFO: Request Origin:   
[2025-06-12 01:54:45] local.INFO: Request Origin:   
[2025-06-12 01:54:48] local.INFO: Request Origin:   
[2025-06-12 01:54:52] local.INFO: Request Origin:   
[2025-06-12 01:54:52] local.INFO: Request Origin:   
[2025-06-12 01:54:52] local.INFO: Request Origin:   
[2025-06-12 01:54:52] local.INFO: Request Origin:   
[2025-06-12 01:54:53] local.INFO: Request Origin:   
[2025-06-12 01:54:53] local.INFO: Request Origin:   
[2025-06-12 01:54:53] local.INFO: Request Origin:   
[2025-06-12 01:55:00] local.INFO: Request Origin: http://localhost:3000  
[2025-06-12 01:55:04] local.INFO: Request Origin:   
[2025-06-12 01:55:15] local.INFO: Request Origin:   
[2025-06-12 01:55:18] local.INFO: Request Origin: http://localhost:3000  
[2025-06-12 01:55:18] local.INFO: Request Origin: http://localhost:3000  
[2025-06-12 01:55:19] local.INFO: Request Origin: http://localhost:3000  
[2025-06-12 01:55:21] local.INFO: Request Origin: http://localhost:3000  
[2025-06-12 01:55:23] local.INFO: Request Origin:   
[2025-06-12 01:55:26] local.INFO: Request Origin:   
[2025-06-12 01:55:28] local.INFO: Request Origin: http://localhost:3000  
[2025-06-12 01:55:28] local.INFO: Request Origin: http://localhost:3000  
[2025-06-12 01:55:34] local.INFO: Request Origin:   
[2025-06-12 01:55:35] local.INFO: Request Origin: http://localhost:3000  
[2025-06-12 01:55:41] local.INFO: Request Origin: http://localhost:3000  
[2025-06-12 01:55:41] local.INFO: Request Origin: http://localhost:3000  
[2025-06-12 01:55:49] local.INFO: Request Origin:   
[2025-06-12 01:55:50] local.INFO: Request Origin: http://localhost:3000  
[2025-06-12 01:55:53] local.INFO: Request Origin: http://localhost:3000  
[2025-06-12 01:55:53] local.INFO: Request Origin: http://localhost:3000  
[2025-06-12 01:55:58] local.INFO: Request Origin:   
[2025-06-12 01:55:59] local.INFO: Request Origin: http://localhost:3000  
[2025-06-12 01:56:28] local.INFO: Request Origin:   
[2025-06-12 01:57:21] local.INFO: Request Origin:   
[2025-06-12 01:57:23] local.INFO: Request Origin:   
[2025-06-12 01:57:26] local.INFO: Request Origin:   
[2025-06-12 01:57:28] local.INFO: Request Origin: http://localhost:3000  
[2025-06-12 01:57:28] local.INFO: Request Origin: http://localhost:3000  
[2025-06-12 01:57:40] local.INFO: Request Origin:   
[2025-06-12 01:57:40] local.INFO: Request Origin: http://localhost:3000  
[2025-06-12 01:57:50] local.INFO: Request Origin: http://localhost:3000  
[2025-06-12 01:57:50] local.INFO: Request Origin: http://localhost:3000  
[2025-06-12 01:57:57] local.INFO: Request Origin:   
[2025-06-12 01:57:58] local.INFO: Request Origin: http://localhost:3000  
[2025-06-12 01:58:00] local.INFO: Request Origin:   
[2025-06-12 01:59:21] local.INFO: Request Origin: http://localhost:3000  
[2025-06-12 01:59:21] local.INFO: Request Origin: http://localhost:3000  
[2025-06-12 01:59:26] local.INFO: Request Origin:   
[2025-06-12 01:59:27] local.INFO: Request Origin: http://localhost:3000  
[2025-06-12 01:59:30] local.INFO: Request Origin:   
[2025-06-12 01:59:33] local.INFO: Request Origin: http://localhost:3000  
[2025-06-12 01:59:34] local.INFO: Request Origin: http://localhost:3000  
[2025-06-12 01:59:37] local.INFO: Request Origin:   
[2025-06-12 01:59:40] local.INFO: Request Origin:   
[2025-06-12 01:59:41] local.INFO: Request Origin: http://localhost:3000  
[2025-06-12 01:59:43] local.INFO: Request Origin:   
[2025-06-12 02:02:15] local.INFO: Request Origin:   
[2025-06-12 02:02:17] local.INFO: Request Origin:   
[2025-06-12 02:02:20] local.INFO: Request Origin:   
[2025-06-12 02:02:21] local.INFO: Request Origin:   
[2025-06-12 02:02:22] local.INFO: Request Origin: http://localhost:3000  
[2025-06-12 02:02:23] local.INFO: Request Origin: http://localhost:3000  
[2025-06-12 02:02:30] local.INFO: Request Origin:   
[2025-06-12 02:02:31] local.INFO: Request Origin: http://localhost:3000  
[2025-06-12 02:02:33] local.INFO: Request Origin: http://localhost:3000  
[2025-06-12 02:02:33] local.INFO: Request Origin: http://localhost:3000  
[2025-06-12 02:02:39] local.INFO: Request Origin:   
[2025-06-12 02:02:40] local.INFO: Request Origin: http://localhost:3000  
[2025-06-12 02:02:47] local.INFO: Request Origin:   
[2025-06-12 02:02:47] local.INFO: Request Origin:   
[2025-06-12 02:02:47] local.INFO: Request Origin:   
[2025-06-12 02:02:47] local.INFO: Request Origin:   
[2025-06-12 02:02:47] local.INFO: Request Origin:   
[2025-06-12 02:02:47] local.INFO: Request Origin:   
[2025-06-12 02:02:47] local.INFO: Request Origin:   
[2025-06-12 02:04:48] local.INFO: Request Origin: http://localhost:3000  
[2025-06-12 02:04:48] local.INFO: Request Origin: http://localhost:3000  
[2025-06-12 02:04:48] local.INFO: Request Origin: http://localhost:3000  
[2025-06-12 02:05:28] local.INFO: Request Origin:   
[2025-06-12 02:05:28] local.INFO: Request Origin: http://localhost:3000  
[2025-06-12 02:05:34] local.INFO: Request Origin:   
[2025-06-12 02:05:34] local.INFO: Request Origin:   
[2025-06-12 02:05:34] local.INFO: Request Origin:   
[2025-06-12 02:05:34] local.INFO: Request Origin:   
[2025-06-12 02:05:34] local.INFO: Request Origin:   
[2025-06-12 02:05:34] local.INFO: Request Origin:   
[2025-06-12 02:05:34] local.INFO: Request Origin:   
[2025-06-12 02:05:38] local.INFO: Request Origin: http://localhost:3000  
[2025-06-12 02:05:38] local.INFO: Request Origin: http://localhost:3000  
[2025-06-12 02:05:38] local.INFO: Request Origin: http://localhost:3000  
[2025-06-12 02:05:41] local.INFO: Request Origin:   
[2025-06-12 02:05:42] local.INFO: Request Origin: http://localhost:3000  
[2025-06-12 02:05:44] local.INFO: Request Origin: http://localhost:3000  
[2025-06-12 02:05:44] local.INFO: Request Origin: http://localhost:3000  
[2025-06-12 02:05:44] local.INFO: Request Origin: http://localhost:3000  
[2025-06-12 02:05:46] local.INFO: Request Origin:   
[2025-06-12 02:05:47] local.INFO: Request Origin: http://localhost:3000  
[2025-06-12 02:05:48] local.INFO: Request Origin:   
[2025-06-12 02:05:49] local.INFO: Request Origin:   
[2025-06-12 02:05:49] local.INFO: Request Origin:   
[2025-06-12 02:05:49] local.INFO: Request Origin:   
[2025-06-12 02:05:49] local.INFO: Request Origin:   
[2025-06-12 02:05:49] local.INFO: Request Origin:   
[2025-06-12 02:05:49] local.INFO: Request Origin:   
[2025-06-12 02:06:17] local.INFO: Request Origin:   
[2025-06-12 02:06:19] local.INFO: Request Origin:   
[2025-06-12 04:22:50] local.INFO: Request Origin:   
[2025-06-12 04:22:51] local.INFO: Request Origin:   
[2025-06-12 04:22:51] local.INFO: Request Origin:   
[2025-06-12 04:22:51] local.INFO: Request Origin:   
[2025-06-12 04:22:52] local.INFO: Request Origin:   
[2025-06-12 04:22:52] local.INFO: Request Origin:   
[2025-06-12 04:22:52] local.INFO: Request Origin:   
[2025-06-12 04:22:52] local.INFO: Request Origin:   
[2025-06-12 04:22:53] local.INFO: Request Origin:   
[2025-06-12 04:28:10] local.ERROR: could not find driver (Connection: pgsql, SQL: select exists (select 1 from pg_class c, pg_namespace n where n.nspname = 'public' and c.relname = 'migrations' and c.relkind in ('r', 'p') and n.oid = c.relnamespace)) {"exception":"[object] (Illuminate\\Database\\QueryException(code: 0): could not find driver (Connection: pgsql, SQL: select exists (select 1 from pg_class c, pg_namespace n where n.nspname = 'public' and c.relname = 'migrations' and c.relkind in ('r', 'p') and n.oid = c.relnamespace)) at /home/winston/Documents/projects/laravel-article-cms-Rest-API/vendor/laravel/framework/src/Illuminate/Database/Connection.php:825)
[stacktrace]
#0 /home/winston/Documents/projects/laravel-article-cms-Rest-API/vendor/laravel/framework/src/Illuminate/Database/Connection.php(779): Illuminate\\Database\\Connection->runQueryCallback()
#1 /home/winston/Documents/projects/laravel-article-cms-Rest-API/vendor/laravel/framework/src/Illuminate/Database/Connection.php(398): Illuminate\\Database\\Connection->run()
#2 /home/winston/Documents/projects/laravel-article-cms-Rest-API/vendor/laravel/framework/src/Illuminate/Database/Connection.php(344): Illuminate\\Database\\Connection->select()
#3 /home/winston/Documents/projects/laravel-article-cms-Rest-API/vendor/laravel/framework/src/Illuminate/Database/Connection.php(361): Illuminate\\Database\\Connection->selectOne()
#4 /home/winston/Documents/projects/laravel-article-cms-Rest-API/vendor/laravel/framework/src/Illuminate/Database/Schema/PostgresBuilder.php(52): Illuminate\\Database\\Connection->scalar()
#5 /home/winston/Documents/projects/laravel-article-cms-Rest-API/vendor/laravel/framework/src/Illuminate/Database/Migrations/DatabaseMigrationRepository.php(184): Illuminate\\Database\\Schema\\PostgresBuilder->hasTable()
#6 /home/winston/Documents/projects/laravel-article-cms-Rest-API/vendor/laravel/framework/src/Illuminate/Database/Migrations/Migrator.php(742): Illuminate\\Database\\Migrations\\DatabaseMigrationRepository->repositoryExists()
#7 /home/winston/Documents/projects/laravel-article-cms-Rest-API/vendor/laravel/framework/src/Illuminate/Database/Console/Migrations/FreshCommand.php(68): Illuminate\\Database\\Migrations\\Migrator->repositoryExists()
#8 /home/winston/Documents/projects/laravel-article-cms-Rest-API/vendor/laravel/framework/src/Illuminate/Database/Migrations/Migrator.php(658): Illuminate\\Database\\Console\\Migrations\\FreshCommand->{closure:Illuminate\\Database\\Console\\Migrations\\FreshCommand::handle():67}()
#9 /home/winston/Documents/projects/laravel-article-cms-Rest-API/vendor/laravel/framework/src/Illuminate/Database/Console/Migrations/FreshCommand.php(67): Illuminate\\Database\\Migrations\\Migrator->usingConnection()
#10 /home/winston/Documents/projects/laravel-article-cms-Rest-API/vendor/laravel/framework/src/Illuminate/Container/BoundMethod.php(36): Illuminate\\Database\\Console\\Migrations\\FreshCommand->handle()
#11 /home/winston/Documents/projects/laravel-article-cms-Rest-API/vendor/laravel/framework/src/Illuminate/Container/Util.php(43): Illuminate\\Container\\BoundMethod::{closure:Illuminate\\Container\\BoundMethod::call():35}()
#12 /home/winston/Documents/projects/laravel-article-cms-Rest-API/vendor/laravel/framework/src/Illuminate/Container/BoundMethod.php(95): Illuminate\\Container\\Util::unwrapIfClosure()
#13 /home/winston/Documents/projects/laravel-article-cms-Rest-API/vendor/laravel/framework/src/Illuminate/Container/BoundMethod.php(35): Illuminate\\Container\\BoundMethod::callBoundMethod()
#14 /home/winston/Documents/projects/laravel-article-cms-Rest-API/vendor/laravel/framework/src/Illuminate/Container/Container.php(696): Illuminate\\Container\\BoundMethod::call()
#15 /home/winston/Documents/projects/laravel-article-cms-Rest-API/vendor/laravel/framework/src/Illuminate/Console/Command.php(213): Illuminate\\Container\\Container->call()
#16 /home/winston/Documents/projects/laravel-article-cms-Rest-API/vendor/symfony/console/Command/Command.php(318): Illuminate\\Console\\Command->execute()
#17 /home/winston/Documents/projects/laravel-article-cms-Rest-API/vendor/laravel/framework/src/Illuminate/Console/Command.php(182): Symfony\\Component\\Console\\Command\\Command->run()
#18 /home/winston/Documents/projects/laravel-article-cms-Rest-API/vendor/symfony/console/Application.php(1092): Illuminate\\Console\\Command->run()
#19 /home/winston/Documents/projects/laravel-article-cms-Rest-API/vendor/symfony/console/Application.php(341): Symfony\\Component\\Console\\Application->doRunCommand()
#20 /home/winston/Documents/projects/laravel-article-cms-Rest-API/vendor/symfony/console/Application.php(192): Symfony\\Component\\Console\\Application->doRun()
#21 /home/winston/Documents/projects/laravel-article-cms-Rest-API/vendor/laravel/framework/src/Illuminate/Foundation/Console/Kernel.php(198): Symfony\\Component\\Console\\Application->run()
#22 /home/winston/Documents/projects/laravel-article-cms-Rest-API/vendor/laravel/framework/src/Illuminate/Foundation/Application.php(1235): Illuminate\\Foundation\\Console\\Kernel->handle()
#23 /home/winston/Documents/projects/laravel-article-cms-Rest-API/artisan(13): Illuminate\\Foundation\\Application->handleCommand()
#24 {main}

[previous exception] [object] (PDOException(code: 0): could not find driver at /home/winston/Documents/projects/laravel-article-cms-Rest-API/vendor/laravel/framework/src/Illuminate/Database/Connectors/Connector.php:67)
[stacktrace]
#0 /home/winston/Documents/projects/laravel-article-cms-Rest-API/vendor/laravel/framework/src/Illuminate/Database/Connectors/Connector.php(67): PDO::connect()
#1 /home/winston/Documents/projects/laravel-article-cms-Rest-API/vendor/laravel/framework/src/Illuminate/Database/Connectors/Connector.php(44): Illuminate\\Database\\Connectors\\Connector->createPdoConnection()
#2 /home/winston/Documents/projects/laravel-article-cms-Rest-API/vendor/laravel/framework/src/Illuminate/Database/Connectors/PostgresConnector.php(35): Illuminate\\Database\\Connectors\\Connector->createConnection()
#3 /home/winston/Documents/projects/laravel-article-cms-Rest-API/vendor/laravel/framework/src/Illuminate/Database/Connectors/ConnectionFactory.php(185): Illuminate\\Database\\Connectors\\PostgresConnector->connect()
#4 [internal function]: Illuminate\\Database\\Connectors\\ConnectionFactory->{closure:Illuminate\\Database\\Connectors\\ConnectionFactory::createPdoResolverWithHosts():180}()
#5 /home/winston/Documents/projects/laravel-article-cms-Rest-API/vendor/laravel/framework/src/Illuminate/Database/Connection.php(1231): call_user_func()
#6 /home/winston/Documents/projects/laravel-article-cms-Rest-API/vendor/laravel/framework/src/Illuminate/Database/Connection.php(1267): Illuminate\\Database\\Connection->getPdo()
#7 /home/winston/Documents/projects/laravel-article-cms-Rest-API/vendor/laravel/framework/src/Illuminate/Database/Connection.php(512): Illuminate\\Database\\Connection->getReadPdo()
#8 /home/winston/Documents/projects/laravel-article-cms-Rest-API/vendor/laravel/framework/src/Illuminate/Database/Connection.php(407): Illuminate\\Database\\Connection->getPdoForSelect()
#9 /home/winston/Documents/projects/laravel-article-cms-Rest-API/vendor/laravel/framework/src/Illuminate/Database/Connection.php(812): Illuminate\\Database\\Connection->{closure:Illuminate\\Database\\Connection::select():398}()
#10 /home/winston/Documents/projects/laravel-article-cms-Rest-API/vendor/laravel/framework/src/Illuminate/Database/Connection.php(779): Illuminate\\Database\\Connection->runQueryCallback()
#11 /home/winston/Documents/projects/laravel-article-cms-Rest-API/vendor/laravel/framework/src/Illuminate/Database/Connection.php(398): Illuminate\\Database\\Connection->run()
#12 /home/winston/Documents/projects/laravel-article-cms-Rest-API/vendor/laravel/framework/src/Illuminate/Database/Connection.php(344): Illuminate\\Database\\Connection->select()
#13 /home/winston/Documents/projects/laravel-article-cms-Rest-API/vendor/laravel/framework/src/Illuminate/Database/Connection.php(361): Illuminate\\Database\\Connection->selectOne()
#14 /home/winston/Documents/projects/laravel-article-cms-Rest-API/vendor/laravel/framework/src/Illuminate/Database/Schema/PostgresBuilder.php(52): Illuminate\\Database\\Connection->scalar()
#15 /home/winston/Documents/projects/laravel-article-cms-Rest-API/vendor/laravel/framework/src/Illuminate/Database/Migrations/DatabaseMigrationRepository.php(184): Illuminate\\Database\\Schema\\PostgresBuilder->hasTable()
#16 /home/winston/Documents/projects/laravel-article-cms-Rest-API/vendor/laravel/framework/src/Illuminate/Database/Migrations/Migrator.php(742): Illuminate\\Database\\Migrations\\DatabaseMigrationRepository->repositoryExists()
#17 /home/winston/Documents/projects/laravel-article-cms-Rest-API/vendor/laravel/framework/src/Illuminate/Database/Console/Migrations/FreshCommand.php(68): Illuminate\\Database\\Migrations\\Migrator->repositoryExists()
#18 /home/winston/Documents/projects/laravel-article-cms-Rest-API/vendor/laravel/framework/src/Illuminate/Database/Migrations/Migrator.php(658): Illuminate\\Database\\Console\\Migrations\\FreshCommand->{closure:Illuminate\\Database\\Console\\Migrations\\FreshCommand::handle():67}()
#19 /home/winston/Documents/projects/laravel-article-cms-Rest-API/vendor/laravel/framework/src/Illuminate/Database/Console/Migrations/FreshCommand.php(67): Illuminate\\Database\\Migrations\\Migrator->usingConnection()
#20 /home/winston/Documents/projects/laravel-article-cms-Rest-API/vendor/laravel/framework/src/Illuminate/Container/BoundMethod.php(36): Illuminate\\Database\\Console\\Migrations\\FreshCommand->handle()
#21 /home/winston/Documents/projects/laravel-article-cms-Rest-API/vendor/laravel/framework/src/Illuminate/Container/Util.php(43): Illuminate\\Container\\BoundMethod::{closure:Illuminate\\Container\\BoundMethod::call():35}()
#22 /home/winston/Documents/projects/laravel-article-cms-Rest-API/vendor/laravel/framework/src/Illuminate/Container/BoundMethod.php(95): Illuminate\\Container\\Util::unwrapIfClosure()
#23 /home/winston/Documents/projects/laravel-article-cms-Rest-API/vendor/laravel/framework/src/Illuminate/Container/BoundMethod.php(35): Illuminate\\Container\\BoundMethod::callBoundMethod()
#24 /home/winston/Documents/projects/laravel-article-cms-Rest-API/vendor/laravel/framework/src/Illuminate/Container/Container.php(696): Illuminate\\Container\\BoundMethod::call()
#25 /home/winston/Documents/projects/laravel-article-cms-Rest-API/vendor/laravel/framework/src/Illuminate/Console/Command.php(213): Illuminate\\Container\\Container->call()
#26 /home/winston/Documents/projects/laravel-article-cms-Rest-API/vendor/symfony/console/Command/Command.php(318): Illuminate\\Console\\Command->execute()
#27 /home/winston/Documents/projects/laravel-article-cms-Rest-API/vendor/laravel/framework/src/Illuminate/Console/Command.php(182): Symfony\\Component\\Console\\Command\\Command->run()
#28 /home/winston/Documents/projects/laravel-article-cms-Rest-API/vendor/symfony/console/Application.php(1092): Illuminate\\Console\\Command->run()
#29 /home/winston/Documents/projects/laravel-article-cms-Rest-API/vendor/symfony/console/Application.php(341): Symfony\\Component\\Console\\Application->doRunCommand()
#30 /home/winston/Documents/projects/laravel-article-cms-Rest-API/vendor/symfony/console/Application.php(192): Symfony\\Component\\Console\\Application->doRun()
#31 /home/winston/Documents/projects/laravel-article-cms-Rest-API/vendor/laravel/framework/src/Illuminate/Foundation/Console/Kernel.php(198): Symfony\\Component\\Console\\Application->run()
#32 /home/winston/Documents/projects/laravel-article-cms-Rest-API/vendor/laravel/framework/src/Illuminate/Foundation/Application.php(1235): Illuminate\\Foundation\\Console\\Kernel->handle()
#33 /home/winston/Documents/projects/laravel-article-cms-Rest-API/artisan(13): Illuminate\\Foundation\\Application->handleCommand()
#34 {main}
"} 
[2025-06-12 04:30:07] local.ERROR: could not find driver (Connection: pgsql, SQL: select exists (select 1 from pg_class c, pg_namespace n where n.nspname = 'public' and c.relname = 'migrations' and c.relkind in ('r', 'p') and n.oid = c.relnamespace)) {"exception":"[object] (Illuminate\\Database\\QueryException(code: 0): could not find driver (Connection: pgsql, SQL: select exists (select 1 from pg_class c, pg_namespace n where n.nspname = 'public' and c.relname = 'migrations' and c.relkind in ('r', 'p') and n.oid = c.relnamespace)) at /home/winston/Documents/projects/laravel-article-cms-Rest-API/vendor/laravel/framework/src/Illuminate/Database/Connection.php:825)
[stacktrace]
#0 /home/winston/Documents/projects/laravel-article-cms-Rest-API/vendor/laravel/framework/src/Illuminate/Database/Connection.php(779): Illuminate\\Database\\Connection->runQueryCallback()
#1 /home/winston/Documents/projects/laravel-article-cms-Rest-API/vendor/laravel/framework/src/Illuminate/Database/Connection.php(398): Illuminate\\Database\\Connection->run()
#2 /home/winston/Documents/projects/laravel-article-cms-Rest-API/vendor/laravel/framework/src/Illuminate/Database/Connection.php(344): Illuminate\\Database\\Connection->select()
#3 /home/winston/Documents/projects/laravel-article-cms-Rest-API/vendor/laravel/framework/src/Illuminate/Database/Connection.php(361): Illuminate\\Database\\Connection->selectOne()
#4 /home/winston/Documents/projects/laravel-article-cms-Rest-API/vendor/laravel/framework/src/Illuminate/Database/Schema/PostgresBuilder.php(52): Illuminate\\Database\\Connection->scalar()
#5 /home/winston/Documents/projects/laravel-article-cms-Rest-API/vendor/laravel/framework/src/Illuminate/Database/Migrations/DatabaseMigrationRepository.php(184): Illuminate\\Database\\Schema\\PostgresBuilder->hasTable()
#6 /home/winston/Documents/projects/laravel-article-cms-Rest-API/vendor/laravel/framework/src/Illuminate/Database/Migrations/Migrator.php(742): Illuminate\\Database\\Migrations\\DatabaseMigrationRepository->repositoryExists()
#7 /home/winston/Documents/projects/laravel-article-cms-Rest-API/vendor/laravel/framework/src/Illuminate/Database/Console/Migrations/FreshCommand.php(68): Illuminate\\Database\\Migrations\\Migrator->repositoryExists()
#8 /home/winston/Documents/projects/laravel-article-cms-Rest-API/vendor/laravel/framework/src/Illuminate/Database/Migrations/Migrator.php(658): Illuminate\\Database\\Console\\Migrations\\FreshCommand->{closure:Illuminate\\Database\\Console\\Migrations\\FreshCommand::handle():67}()
#9 /home/winston/Documents/projects/laravel-article-cms-Rest-API/vendor/laravel/framework/src/Illuminate/Database/Console/Migrations/FreshCommand.php(67): Illuminate\\Database\\Migrations\\Migrator->usingConnection()
#10 /home/winston/Documents/projects/laravel-article-cms-Rest-API/vendor/laravel/framework/src/Illuminate/Container/BoundMethod.php(36): Illuminate\\Database\\Console\\Migrations\\FreshCommand->handle()
#11 /home/winston/Documents/projects/laravel-article-cms-Rest-API/vendor/laravel/framework/src/Illuminate/Container/Util.php(43): Illuminate\\Container\\BoundMethod::{closure:Illuminate\\Container\\BoundMethod::call():35}()
#12 /home/winston/Documents/projects/laravel-article-cms-Rest-API/vendor/laravel/framework/src/Illuminate/Container/BoundMethod.php(95): Illuminate\\Container\\Util::unwrapIfClosure()
#13 /home/winston/Documents/projects/laravel-article-cms-Rest-API/vendor/laravel/framework/src/Illuminate/Container/BoundMethod.php(35): Illuminate\\Container\\BoundMethod::callBoundMethod()
#14 /home/winston/Documents/projects/laravel-article-cms-Rest-API/vendor/laravel/framework/src/Illuminate/Container/Container.php(696): Illuminate\\Container\\BoundMethod::call()
#15 /home/winston/Documents/projects/laravel-article-cms-Rest-API/vendor/laravel/framework/src/Illuminate/Console/Command.php(213): Illuminate\\Container\\Container->call()
#16 /home/winston/Documents/projects/laravel-article-cms-Rest-API/vendor/symfony/console/Command/Command.php(318): Illuminate\\Console\\Command->execute()
#17 /home/winston/Documents/projects/laravel-article-cms-Rest-API/vendor/laravel/framework/src/Illuminate/Console/Command.php(182): Symfony\\Component\\Console\\Command\\Command->run()
#18 /home/winston/Documents/projects/laravel-article-cms-Rest-API/vendor/symfony/console/Application.php(1092): Illuminate\\Console\\Command->run()
#19 /home/winston/Documents/projects/laravel-article-cms-Rest-API/vendor/symfony/console/Application.php(341): Symfony\\Component\\Console\\Application->doRunCommand()
#20 /home/winston/Documents/projects/laravel-article-cms-Rest-API/vendor/symfony/console/Application.php(192): Symfony\\Component\\Console\\Application->doRun()
#21 /home/winston/Documents/projects/laravel-article-cms-Rest-API/vendor/laravel/framework/src/Illuminate/Foundation/Console/Kernel.php(198): Symfony\\Component\\Console\\Application->run()
#22 /home/winston/Documents/projects/laravel-article-cms-Rest-API/vendor/laravel/framework/src/Illuminate/Foundation/Application.php(1235): Illuminate\\Foundation\\Console\\Kernel->handle()
#23 /home/winston/Documents/projects/laravel-article-cms-Rest-API/artisan(13): Illuminate\\Foundation\\Application->handleCommand()
#24 {main}

[previous exception] [object] (PDOException(code: 0): could not find driver at /home/winston/Documents/projects/laravel-article-cms-Rest-API/vendor/laravel/framework/src/Illuminate/Database/Connectors/Connector.php:67)
[stacktrace]
#0 /home/winston/Documents/projects/laravel-article-cms-Rest-API/vendor/laravel/framework/src/Illuminate/Database/Connectors/Connector.php(67): PDO::connect()
#1 /home/winston/Documents/projects/laravel-article-cms-Rest-API/vendor/laravel/framework/src/Illuminate/Database/Connectors/Connector.php(44): Illuminate\\Database\\Connectors\\Connector->createPdoConnection()
#2 /home/winston/Documents/projects/laravel-article-cms-Rest-API/vendor/laravel/framework/src/Illuminate/Database/Connectors/PostgresConnector.php(35): Illuminate\\Database\\Connectors\\Connector->createConnection()
#3 /home/winston/Documents/projects/laravel-article-cms-Rest-API/vendor/laravel/framework/src/Illuminate/Database/Connectors/ConnectionFactory.php(185): Illuminate\\Database\\Connectors\\PostgresConnector->connect()
#4 [internal function]: Illuminate\\Database\\Connectors\\ConnectionFactory->{closure:Illuminate\\Database\\Connectors\\ConnectionFactory::createPdoResolverWithHosts():180}()
#5 /home/winston/Documents/projects/laravel-article-cms-Rest-API/vendor/laravel/framework/src/Illuminate/Database/Connection.php(1231): call_user_func()
#6 /home/winston/Documents/projects/laravel-article-cms-Rest-API/vendor/laravel/framework/src/Illuminate/Database/Connection.php(1267): Illuminate\\Database\\Connection->getPdo()
#7 /home/winston/Documents/projects/laravel-article-cms-Rest-API/vendor/laravel/framework/src/Illuminate/Database/Connection.php(512): Illuminate\\Database\\Connection->getReadPdo()
#8 /home/winston/Documents/projects/laravel-article-cms-Rest-API/vendor/laravel/framework/src/Illuminate/Database/Connection.php(407): Illuminate\\Database\\Connection->getPdoForSelect()
#9 /home/winston/Documents/projects/laravel-article-cms-Rest-API/vendor/laravel/framework/src/Illuminate/Database/Connection.php(812): Illuminate\\Database\\Connection->{closure:Illuminate\\Database\\Connection::select():398}()
#10 /home/winston/Documents/projects/laravel-article-cms-Rest-API/vendor/laravel/framework/src/Illuminate/Database/Connection.php(779): Illuminate\\Database\\Connection->runQueryCallback()
#11 /home/winston/Documents/projects/laravel-article-cms-Rest-API/vendor/laravel/framework/src/Illuminate/Database/Connection.php(398): Illuminate\\Database\\Connection->run()
#12 /home/winston/Documents/projects/laravel-article-cms-Rest-API/vendor/laravel/framework/src/Illuminate/Database/Connection.php(344): Illuminate\\Database\\Connection->select()
#13 /home/winston/Documents/projects/laravel-article-cms-Rest-API/vendor/laravel/framework/src/Illuminate/Database/Connection.php(361): Illuminate\\Database\\Connection->selectOne()
#14 /home/winston/Documents/projects/laravel-article-cms-Rest-API/vendor/laravel/framework/src/Illuminate/Database/Schema/PostgresBuilder.php(52): Illuminate\\Database\\Connection->scalar()
#15 /home/winston/Documents/projects/laravel-article-cms-Rest-API/vendor/laravel/framework/src/Illuminate/Database/Migrations/DatabaseMigrationRepository.php(184): Illuminate\\Database\\Schema\\PostgresBuilder->hasTable()
#16 /home/winston/Documents/projects/laravel-article-cms-Rest-API/vendor/laravel/framework/src/Illuminate/Database/Migrations/Migrator.php(742): Illuminate\\Database\\Migrations\\DatabaseMigrationRepository->repositoryExists()
#17 /home/winston/Documents/projects/laravel-article-cms-Rest-API/vendor/laravel/framework/src/Illuminate/Database/Console/Migrations/FreshCommand.php(68): Illuminate\\Database\\Migrations\\Migrator->repositoryExists()
#18 /home/winston/Documents/projects/laravel-article-cms-Rest-API/vendor/laravel/framework/src/Illuminate/Database/Migrations/Migrator.php(658): Illuminate\\Database\\Console\\Migrations\\FreshCommand->{closure:Illuminate\\Database\\Console\\Migrations\\FreshCommand::handle():67}()
#19 /home/winston/Documents/projects/laravel-article-cms-Rest-API/vendor/laravel/framework/src/Illuminate/Database/Console/Migrations/FreshCommand.php(67): Illuminate\\Database\\Migrations\\Migrator->usingConnection()
#20 /home/winston/Documents/projects/laravel-article-cms-Rest-API/vendor/laravel/framework/src/Illuminate/Container/BoundMethod.php(36): Illuminate\\Database\\Console\\Migrations\\FreshCommand->handle()
#21 /home/winston/Documents/projects/laravel-article-cms-Rest-API/vendor/laravel/framework/src/Illuminate/Container/Util.php(43): Illuminate\\Container\\BoundMethod::{closure:Illuminate\\Container\\BoundMethod::call():35}()
#22 /home/winston/Documents/projects/laravel-article-cms-Rest-API/vendor/laravel/framework/src/Illuminate/Container/BoundMethod.php(95): Illuminate\\Container\\Util::unwrapIfClosure()
#23 /home/winston/Documents/projects/laravel-article-cms-Rest-API/vendor/laravel/framework/src/Illuminate/Container/BoundMethod.php(35): Illuminate\\Container\\BoundMethod::callBoundMethod()
#24 /home/winston/Documents/projects/laravel-article-cms-Rest-API/vendor/laravel/framework/src/Illuminate/Container/Container.php(696): Illuminate\\Container\\BoundMethod::call()
#25 /home/winston/Documents/projects/laravel-article-cms-Rest-API/vendor/laravel/framework/src/Illuminate/Console/Command.php(213): Illuminate\\Container\\Container->call()
#26 /home/winston/Documents/projects/laravel-article-cms-Rest-API/vendor/symfony/console/Command/Command.php(318): Illuminate\\Console\\Command->execute()
#27 /home/winston/Documents/projects/laravel-article-cms-Rest-API/vendor/laravel/framework/src/Illuminate/Console/Command.php(182): Symfony\\Component\\Console\\Command\\Command->run()
#28 /home/winston/Documents/projects/laravel-article-cms-Rest-API/vendor/symfony/console/Application.php(1092): Illuminate\\Console\\Command->run()
#29 /home/winston/Documents/projects/laravel-article-cms-Rest-API/vendor/symfony/console/Application.php(341): Symfony\\Component\\Console\\Application->doRunCommand()
#30 /home/winston/Documents/projects/laravel-article-cms-Rest-API/vendor/symfony/console/Application.php(192): Symfony\\Component\\Console\\Application->doRun()
#31 /home/winston/Documents/projects/laravel-article-cms-Rest-API/vendor/laravel/framework/src/Illuminate/Foundation/Console/Kernel.php(198): Symfony\\Component\\Console\\Application->run()
#32 /home/winston/Documents/projects/laravel-article-cms-Rest-API/vendor/laravel/framework/src/Illuminate/Foundation/Application.php(1235): Illuminate\\Foundation\\Console\\Kernel->handle()
#33 /home/winston/Documents/projects/laravel-article-cms-Rest-API/artisan(13): Illuminate\\Foundation\\Application->handleCommand()
#34 {main}
"} 
[2025-06-12 04:30:09] local.ERROR: could not find driver (Connection: pgsql, SQL: select exists (select 1 from pg_class c, pg_namespace n where n.nspname = 'public' and c.relname = 'migrations' and c.relkind in ('r', 'p') and n.oid = c.relnamespace)) {"exception":"[object] (Illuminate\\Database\\QueryException(code: 0): could not find driver (Connection: pgsql, SQL: select exists (select 1 from pg_class c, pg_namespace n where n.nspname = 'public' and c.relname = 'migrations' and c.relkind in ('r', 'p') and n.oid = c.relnamespace)) at /home/winston/Documents/projects/laravel-article-cms-Rest-API/vendor/laravel/framework/src/Illuminate/Database/Connection.php:825)
[stacktrace]
#0 /home/winston/Documents/projects/laravel-article-cms-Rest-API/vendor/laravel/framework/src/Illuminate/Database/Connection.php(779): Illuminate\\Database\\Connection->runQueryCallback()
#1 /home/winston/Documents/projects/laravel-article-cms-Rest-API/vendor/laravel/framework/src/Illuminate/Database/Connection.php(398): Illuminate\\Database\\Connection->run()
#2 /home/winston/Documents/projects/laravel-article-cms-Rest-API/vendor/laravel/framework/src/Illuminate/Database/Connection.php(344): Illuminate\\Database\\Connection->select()
#3 /home/winston/Documents/projects/laravel-article-cms-Rest-API/vendor/laravel/framework/src/Illuminate/Database/Connection.php(361): Illuminate\\Database\\Connection->selectOne()
#4 /home/winston/Documents/projects/laravel-article-cms-Rest-API/vendor/laravel/framework/src/Illuminate/Database/Schema/PostgresBuilder.php(52): Illuminate\\Database\\Connection->scalar()
#5 /home/winston/Documents/projects/laravel-article-cms-Rest-API/vendor/laravel/framework/src/Illuminate/Database/Migrations/DatabaseMigrationRepository.php(184): Illuminate\\Database\\Schema\\PostgresBuilder->hasTable()
#6 /home/winston/Documents/projects/laravel-article-cms-Rest-API/vendor/laravel/framework/src/Illuminate/Database/Migrations/Migrator.php(742): Illuminate\\Database\\Migrations\\DatabaseMigrationRepository->repositoryExists()
#7 /home/winston/Documents/projects/laravel-article-cms-Rest-API/vendor/laravel/framework/src/Illuminate/Database/Console/Migrations/FreshCommand.php(68): Illuminate\\Database\\Migrations\\Migrator->repositoryExists()
#8 /home/winston/Documents/projects/laravel-article-cms-Rest-API/vendor/laravel/framework/src/Illuminate/Database/Migrations/Migrator.php(658): Illuminate\\Database\\Console\\Migrations\\FreshCommand->{closure:Illuminate\\Database\\Console\\Migrations\\FreshCommand::handle():67}()
#9 /home/winston/Documents/projects/laravel-article-cms-Rest-API/vendor/laravel/framework/src/Illuminate/Database/Console/Migrations/FreshCommand.php(67): Illuminate\\Database\\Migrations\\Migrator->usingConnection()
#10 /home/winston/Documents/projects/laravel-article-cms-Rest-API/vendor/laravel/framework/src/Illuminate/Container/BoundMethod.php(36): Illuminate\\Database\\Console\\Migrations\\FreshCommand->handle()
#11 /home/winston/Documents/projects/laravel-article-cms-Rest-API/vendor/laravel/framework/src/Illuminate/Container/Util.php(43): Illuminate\\Container\\BoundMethod::{closure:Illuminate\\Container\\BoundMethod::call():35}()
#12 /home/winston/Documents/projects/laravel-article-cms-Rest-API/vendor/laravel/framework/src/Illuminate/Container/BoundMethod.php(95): Illuminate\\Container\\Util::unwrapIfClosure()
#13 /home/winston/Documents/projects/laravel-article-cms-Rest-API/vendor/laravel/framework/src/Illuminate/Container/BoundMethod.php(35): Illuminate\\Container\\BoundMethod::callBoundMethod()
#14 /home/winston/Documents/projects/laravel-article-cms-Rest-API/vendor/laravel/framework/src/Illuminate/Container/Container.php(696): Illuminate\\Container\\BoundMethod::call()
#15 /home/winston/Documents/projects/laravel-article-cms-Rest-API/vendor/laravel/framework/src/Illuminate/Console/Command.php(213): Illuminate\\Container\\Container->call()
#16 /home/winston/Documents/projects/laravel-article-cms-Rest-API/vendor/symfony/console/Command/Command.php(318): Illuminate\\Console\\Command->execute()
#17 /home/winston/Documents/projects/laravel-article-cms-Rest-API/vendor/laravel/framework/src/Illuminate/Console/Command.php(182): Symfony\\Component\\Console\\Command\\Command->run()
#18 /home/winston/Documents/projects/laravel-article-cms-Rest-API/vendor/symfony/console/Application.php(1092): Illuminate\\Console\\Command->run()
#19 /home/winston/Documents/projects/laravel-article-cms-Rest-API/vendor/symfony/console/Application.php(341): Symfony\\Component\\Console\\Application->doRunCommand()
#20 /home/winston/Documents/projects/laravel-article-cms-Rest-API/vendor/symfony/console/Application.php(192): Symfony\\Component\\Console\\Application->doRun()
#21 /home/winston/Documents/projects/laravel-article-cms-Rest-API/vendor/laravel/framework/src/Illuminate/Foundation/Console/Kernel.php(198): Symfony\\Component\\Console\\Application->run()
#22 /home/winston/Documents/projects/laravel-article-cms-Rest-API/vendor/laravel/framework/src/Illuminate/Foundation/Application.php(1235): Illuminate\\Foundation\\Console\\Kernel->handle()
#23 /home/winston/Documents/projects/laravel-article-cms-Rest-API/artisan(13): Illuminate\\Foundation\\Application->handleCommand()
#24 {main}

[previous exception] [object] (PDOException(code: 0): could not find driver at /home/winston/Documents/projects/laravel-article-cms-Rest-API/vendor/laravel/framework/src/Illuminate/Database/Connectors/Connector.php:67)
[stacktrace]
#0 /home/winston/Documents/projects/laravel-article-cms-Rest-API/vendor/laravel/framework/src/Illuminate/Database/Connectors/Connector.php(67): PDO::connect()
#1 /home/winston/Documents/projects/laravel-article-cms-Rest-API/vendor/laravel/framework/src/Illuminate/Database/Connectors/Connector.php(44): Illuminate\\Database\\Connectors\\Connector->createPdoConnection()
#2 /home/winston/Documents/projects/laravel-article-cms-Rest-API/vendor/laravel/framework/src/Illuminate/Database/Connectors/PostgresConnector.php(35): Illuminate\\Database\\Connectors\\Connector->createConnection()
#3 /home/winston/Documents/projects/laravel-article-cms-Rest-API/vendor/laravel/framework/src/Illuminate/Database/Connectors/ConnectionFactory.php(185): Illuminate\\Database\\Connectors\\PostgresConnector->connect()
#4 [internal function]: Illuminate\\Database\\Connectors\\ConnectionFactory->{closure:Illuminate\\Database\\Connectors\\ConnectionFactory::createPdoResolverWithHosts():180}()
#5 /home/winston/Documents/projects/laravel-article-cms-Rest-API/vendor/laravel/framework/src/Illuminate/Database/Connection.php(1231): call_user_func()
#6 /home/winston/Documents/projects/laravel-article-cms-Rest-API/vendor/laravel/framework/src/Illuminate/Database/Connection.php(1267): Illuminate\\Database\\Connection->getPdo()
#7 /home/winston/Documents/projects/laravel-article-cms-Rest-API/vendor/laravel/framework/src/Illuminate/Database/Connection.php(512): Illuminate\\Database\\Connection->getReadPdo()
#8 /home/winston/Documents/projects/laravel-article-cms-Rest-API/vendor/laravel/framework/src/Illuminate/Database/Connection.php(407): Illuminate\\Database\\Connection->getPdoForSelect()
#9 /home/winston/Documents/projects/laravel-article-cms-Rest-API/vendor/laravel/framework/src/Illuminate/Database/Connection.php(812): Illuminate\\Database\\Connection->{closure:Illuminate\\Database\\Connection::select():398}()
#10 /home/winston/Documents/projects/laravel-article-cms-Rest-API/vendor/laravel/framework/src/Illuminate/Database/Connection.php(779): Illuminate\\Database\\Connection->runQueryCallback()
#11 /home/winston/Documents/projects/laravel-article-cms-Rest-API/vendor/laravel/framework/src/Illuminate/Database/Connection.php(398): Illuminate\\Database\\Connection->run()
#12 /home/winston/Documents/projects/laravel-article-cms-Rest-API/vendor/laravel/framework/src/Illuminate/Database/Connection.php(344): Illuminate\\Database\\Connection->select()
#13 /home/winston/Documents/projects/laravel-article-cms-Rest-API/vendor/laravel/framework/src/Illuminate/Database/Connection.php(361): Illuminate\\Database\\Connection->selectOne()
#14 /home/winston/Documents/projects/laravel-article-cms-Rest-API/vendor/laravel/framework/src/Illuminate/Database/Schema/PostgresBuilder.php(52): Illuminate\\Database\\Connection->scalar()
#15 /home/winston/Documents/projects/laravel-article-cms-Rest-API/vendor/laravel/framework/src/Illuminate/Database/Migrations/DatabaseMigrationRepository.php(184): Illuminate\\Database\\Schema\\PostgresBuilder->hasTable()
#16 /home/winston/Documents/projects/laravel-article-cms-Rest-API/vendor/laravel/framework/src/Illuminate/Database/Migrations/Migrator.php(742): Illuminate\\Database\\Migrations\\DatabaseMigrationRepository->repositoryExists()
#17 /home/winston/Documents/projects/laravel-article-cms-Rest-API/vendor/laravel/framework/src/Illuminate/Database/Console/Migrations/FreshCommand.php(68): Illuminate\\Database\\Migrations\\Migrator->repositoryExists()
#18 /home/winston/Documents/projects/laravel-article-cms-Rest-API/vendor/laravel/framework/src/Illuminate/Database/Migrations/Migrator.php(658): Illuminate\\Database\\Console\\Migrations\\FreshCommand->{closure:Illuminate\\Database\\Console\\Migrations\\FreshCommand::handle():67}()
#19 /home/winston/Documents/projects/laravel-article-cms-Rest-API/vendor/laravel/framework/src/Illuminate/Database/Console/Migrations/FreshCommand.php(67): Illuminate\\Database\\Migrations\\Migrator->usingConnection()
#20 /home/winston/Documents/projects/laravel-article-cms-Rest-API/vendor/laravel/framework/src/Illuminate/Container/BoundMethod.php(36): Illuminate\\Database\\Console\\Migrations\\FreshCommand->handle()
#21 /home/winston/Documents/projects/laravel-article-cms-Rest-API/vendor/laravel/framework/src/Illuminate/Container/Util.php(43): Illuminate\\Container\\BoundMethod::{closure:Illuminate\\Container\\BoundMethod::call():35}()
#22 /home/winston/Documents/projects/laravel-article-cms-Rest-API/vendor/laravel/framework/src/Illuminate/Container/BoundMethod.php(95): Illuminate\\Container\\Util::unwrapIfClosure()
#23 /home/winston/Documents/projects/laravel-article-cms-Rest-API/vendor/laravel/framework/src/Illuminate/Container/BoundMethod.php(35): Illuminate\\Container\\BoundMethod::callBoundMethod()
#24 /home/winston/Documents/projects/laravel-article-cms-Rest-API/vendor/laravel/framework/src/Illuminate/Container/Container.php(696): Illuminate\\Container\\BoundMethod::call()
#25 /home/winston/Documents/projects/laravel-article-cms-Rest-API/vendor/laravel/framework/src/Illuminate/Console/Command.php(213): Illuminate\\Container\\Container->call()
#26 /home/winston/Documents/projects/laravel-article-cms-Rest-API/vendor/symfony/console/Command/Command.php(318): Illuminate\\Console\\Command->execute()
#27 /home/winston/Documents/projects/laravel-article-cms-Rest-API/vendor/laravel/framework/src/Illuminate/Console/Command.php(182): Symfony\\Component\\Console\\Command\\Command->run()
#28 /home/winston/Documents/projects/laravel-article-cms-Rest-API/vendor/symfony/console/Application.php(1092): Illuminate\\Console\\Command->run()
#29 /home/winston/Documents/projects/laravel-article-cms-Rest-API/vendor/symfony/console/Application.php(341): Symfony\\Component\\Console\\Application->doRunCommand()
#30 /home/winston/Documents/projects/laravel-article-cms-Rest-API/vendor/symfony/console/Application.php(192): Symfony\\Component\\Console\\Application->doRun()
#31 /home/winston/Documents/projects/laravel-article-cms-Rest-API/vendor/laravel/framework/src/Illuminate/Foundation/Console/Kernel.php(198): Symfony\\Component\\Console\\Application->run()
#32 /home/winston/Documents/projects/laravel-article-cms-Rest-API/vendor/laravel/framework/src/Illuminate/Foundation/Application.php(1235): Illuminate\\Foundation\\Console\\Kernel->handle()
#33 /home/winston/Documents/projects/laravel-article-cms-Rest-API/artisan(13): Illuminate\\Foundation\\Application->handleCommand()
#34 {main}
"} 
[2025-06-12 04:30:54] local.INFO: Request Origin:   
[2025-06-12 04:30:54] local.ERROR: could not find driver (Connection: pgsql, SQL: select * from "sessions" where "id" = hP69ONgPOeIgllLuGE6GdkRB0ousxTQ9QvnGHkzq limit 1) {"exception":"[object] (Illuminate\\Database\\QueryException(code: 0): could not find driver (Connection: pgsql, SQL: select * from \"sessions\" where \"id\" = hP69ONgPOeIgllLuGE6GdkRB0ousxTQ9QvnGHkzq limit 1) at /home/winston/Documents/projects/laravel-article-cms-Rest-API/vendor/laravel/framework/src/Illuminate/Database/Connection.php:825)
[stacktrace]
#0 /home/winston/Documents/projects/laravel-article-cms-Rest-API/vendor/laravel/framework/src/Illuminate/Database/Connection.php(779): Illuminate\\Database\\Connection->runQueryCallback()
#1 /home/winston/Documents/projects/laravel-article-cms-Rest-API/vendor/laravel/framework/src/Illuminate/Database/Connection.php(398): Illuminate\\Database\\Connection->run()
#2 /home/winston/Documents/projects/laravel-article-cms-Rest-API/vendor/laravel/framework/src/Illuminate/Database/Query/Builder.php(3106): Illuminate\\Database\\Connection->select()
#3 /home/winston/Documents/projects/laravel-article-cms-Rest-API/vendor/laravel/framework/src/Illuminate/Database/Query/Builder.php(3091): Illuminate\\Database\\Query\\Builder->runSelect()
#4 /home/winston/Documents/projects/laravel-article-cms-Rest-API/vendor/laravel/framework/src/Illuminate/Database/Query/Builder.php(3676): Illuminate\\Database\\Query\\Builder->{closure:Illuminate\\Database\\Query\\Builder::get():3090}()
#5 /home/winston/Documents/projects/laravel-article-cms-Rest-API/vendor/laravel/framework/src/Illuminate/Database/Query/Builder.php(3090): Illuminate\\Database\\Query\\Builder->onceWithColumns()
#6 /home/winston/Documents/projects/laravel-article-cms-Rest-API/vendor/laravel/framework/src/Illuminate/Database/Concerns/BuildsQueries.php(343): Illuminate\\Database\\Query\\Builder->get()
#7 /home/winston/Documents/projects/laravel-article-cms-Rest-API/vendor/laravel/framework/src/Illuminate/Database/Query/Builder.php(3013): Illuminate\\Database\\Query\\Builder->first()
#8 /home/winston/Documents/projects/laravel-article-cms-Rest-API/vendor/laravel/framework/src/Illuminate/Session/DatabaseSessionHandler.php(97): Illuminate\\Database\\Query\\Builder->find()
#9 /home/winston/Documents/projects/laravel-article-cms-Rest-API/vendor/laravel/framework/src/Illuminate/Session/Store.php(117): Illuminate\\Session\\DatabaseSessionHandler->read()
#10 /home/winston/Documents/projects/laravel-article-cms-Rest-API/vendor/laravel/framework/src/Illuminate/Session/Store.php(105): Illuminate\\Session\\Store->readFromHandler()
#11 /home/winston/Documents/projects/laravel-article-cms-Rest-API/vendor/laravel/framework/src/Illuminate/Session/Store.php(89): Illuminate\\Session\\Store->loadSession()
#12 /home/winston/Documents/projects/laravel-article-cms-Rest-API/vendor/laravel/framework/src/Illuminate/Session/Middleware/StartSession.php(147): Illuminate\\Session\\Store->start()
#13 /home/winston/Documents/projects/laravel-article-cms-Rest-API/vendor/laravel/framework/src/Illuminate/Support/helpers.php(399): Illuminate\\Session\\Middleware\\StartSession->{closure:Illuminate\\Session\\Middleware\\StartSession::startSession():144}()
#14 /home/winston/Documents/projects/laravel-article-cms-Rest-API/vendor/laravel/framework/src/Illuminate/Session/Middleware/StartSession.php(144): tap()
#15 /home/winston/Documents/projects/laravel-article-cms-Rest-API/vendor/laravel/framework/src/Illuminate/Session/Middleware/StartSession.php(116): Illuminate\\Session\\Middleware\\StartSession->startSession()
#16 /home/winston/Documents/projects/laravel-article-cms-Rest-API/vendor/laravel/framework/src/Illuminate/Session/Middleware/StartSession.php(64): Illuminate\\Session\\Middleware\\StartSession->handleStatefulRequest()
#17 /home/winston/Documents/projects/laravel-article-cms-Rest-API/vendor/laravel/framework/src/Illuminate/Pipeline/Pipeline.php(209): Illuminate\\Session\\Middleware\\StartSession->handle()
#18 /home/winston/Documents/projects/laravel-article-cms-Rest-API/vendor/laravel/framework/src/Illuminate/Cookie/Middleware/AddQueuedCookiesToResponse.php(37): Illuminate\\Pipeline\\Pipeline->{closure:{closure:Illuminate\\Pipeline\\Pipeline::carry():184}:185}()
#19 /home/winston/Documents/projects/laravel-article-cms-Rest-API/vendor/laravel/framework/src/Illuminate/Pipeline/Pipeline.php(209): Illuminate\\Cookie\\Middleware\\AddQueuedCookiesToResponse->handle()
#20 /home/winston/Documents/projects/laravel-article-cms-Rest-API/vendor/laravel/framework/src/Illuminate/Cookie/Middleware/EncryptCookies.php(75): Illuminate\\Pipeline\\Pipeline->{closure:{closure:Illuminate\\Pipeline\\Pipeline::carry():184}:185}()
#21 /home/winston/Documents/projects/laravel-article-cms-Rest-API/vendor/laravel/framework/src/Illuminate/Pipeline/Pipeline.php(209): Illuminate\\Cookie\\Middleware\\EncryptCookies->handle()
#22 /home/winston/Documents/projects/laravel-article-cms-Rest-API/vendor/laravel/framework/src/Illuminate/Pipeline/Pipeline.php(127): Illuminate\\Pipeline\\Pipeline->{closure:{closure:Illuminate\\Pipeline\\Pipeline::carry():184}:185}()
#23 /home/winston/Documents/projects/laravel-article-cms-Rest-API/vendor/laravel/framework/src/Illuminate/Routing/Router.php(807): Illuminate\\Pipeline\\Pipeline->then()
#24 /home/winston/Documents/projects/laravel-article-cms-Rest-API/vendor/laravel/framework/src/Illuminate/Routing/Router.php(786): Illuminate\\Routing\\Router->runRouteWithinStack()
#25 /home/winston/Documents/projects/laravel-article-cms-Rest-API/vendor/laravel/framework/src/Illuminate/Routing/Router.php(750): Illuminate\\Routing\\Router->runRoute()
#26 /home/winston/Documents/projects/laravel-article-cms-Rest-API/vendor/laravel/framework/src/Illuminate/Routing/Router.php(739): Illuminate\\Routing\\Router->dispatchToRoute()
#27 /home/winston/Documents/projects/laravel-article-cms-Rest-API/vendor/laravel/framework/src/Illuminate/Foundation/Http/Kernel.php(201): Illuminate\\Routing\\Router->dispatch()
#28 /home/winston/Documents/projects/laravel-article-cms-Rest-API/vendor/laravel/framework/src/Illuminate/Pipeline/Pipeline.php(170): Illuminate\\Foundation\\Http\\Kernel->{closure:Illuminate\\Foundation\\Http\\Kernel::dispatchToRouter():198}()
#29 /home/winston/Documents/projects/laravel-article-cms-Rest-API/app/Http/Middleware/CorsMiddleware.php(26): Illuminate\\Pipeline\\Pipeline->{closure:Illuminate\\Pipeline\\Pipeline::prepareDestination():168}()
#30 /home/winston/Documents/projects/laravel-article-cms-Rest-API/vendor/laravel/framework/src/Illuminate/Pipeline/Pipeline.php(209): App\\Http\\Middleware\\CorsMiddleware->handle()
#31 /home/winston/Documents/projects/laravel-article-cms-Rest-API/vendor/laravel/framework/src/Illuminate/Foundation/Http/Middleware/TransformsRequest.php(21): Illuminate\\Pipeline\\Pipeline->{closure:{closure:Illuminate\\Pipeline\\Pipeline::carry():184}:185}()
#32 /home/winston/Documents/projects/laravel-article-cms-Rest-API/vendor/laravel/framework/src/Illuminate/Foundation/Http/Middleware/ConvertEmptyStringsToNull.php(31): Illuminate\\Foundation\\Http\\Middleware\\TransformsRequest->handle()
#33 /home/winston/Documents/projects/laravel-article-cms-Rest-API/vendor/laravel/framework/src/Illuminate/Pipeline/Pipeline.php(209): Illuminate\\Foundation\\Http\\Middleware\\ConvertEmptyStringsToNull->handle()
#34 /home/winston/Documents/projects/laravel-article-cms-Rest-API/vendor/laravel/framework/src/Illuminate/Foundation/Http/Middleware/TransformsRequest.php(21): Illuminate\\Pipeline\\Pipeline->{closure:{closure:Illuminate\\Pipeline\\Pipeline::carry():184}:185}()
#35 /home/winston/Documents/projects/laravel-article-cms-Rest-API/vendor/laravel/framework/src/Illuminate/Foundation/Http/Middleware/TrimStrings.php(51): Illuminate\\Foundation\\Http\\Middleware\\TransformsRequest->handle()
#36 /home/winston/Documents/projects/laravel-article-cms-Rest-API/vendor/laravel/framework/src/Illuminate/Pipeline/Pipeline.php(209): Illuminate\\Foundation\\Http\\Middleware\\TrimStrings->handle()
#37 /home/winston/Documents/projects/laravel-article-cms-Rest-API/vendor/laravel/framework/src/Illuminate/Http/Middleware/ValidatePostSize.php(27): Illuminate\\Pipeline\\Pipeline->{closure:{closure:Illuminate\\Pipeline\\Pipeline::carry():184}:185}()
#38 /home/winston/Documents/projects/laravel-article-cms-Rest-API/vendor/laravel/framework/src/Illuminate/Pipeline/Pipeline.php(209): Illuminate\\Http\\Middleware\\ValidatePostSize->handle()
#39 /home/winston/Documents/projects/laravel-article-cms-Rest-API/vendor/laravel/framework/src/Illuminate/Foundation/Http/Middleware/PreventRequestsDuringMaintenance.php(110): Illuminate\\Pipeline\\Pipeline->{closure:{closure:Illuminate\\Pipeline\\Pipeline::carry():184}:185}()
#40 /home/winston/Documents/projects/laravel-article-cms-Rest-API/vendor/laravel/framework/src/Illuminate/Pipeline/Pipeline.php(209): Illuminate\\Foundation\\Http\\Middleware\\PreventRequestsDuringMaintenance->handle()
#41 /home/winston/Documents/projects/laravel-article-cms-Rest-API/vendor/laravel/framework/src/Illuminate/Http/Middleware/HandleCors.php(49): Illuminate\\Pipeline\\Pipeline->{closure:{closure:Illuminate\\Pipeline\\Pipeline::carry():184}:185}()
#42 /home/winston/Documents/projects/laravel-article-cms-Rest-API/vendor/laravel/framework/src/Illuminate/Pipeline/Pipeline.php(209): Illuminate\\Http\\Middleware\\HandleCors->handle()
#43 /home/winston/Documents/projects/laravel-article-cms-Rest-API/vendor/laravel/framework/src/Illuminate/Http/Middleware/TrustProxies.php(58): Illuminate\\Pipeline\\Pipeline->{closure:{closure:Illuminate\\Pipeline\\Pipeline::carry():184}:185}()
#44 /home/winston/Documents/projects/laravel-article-cms-Rest-API/vendor/laravel/framework/src/Illuminate/Pipeline/Pipeline.php(209): Illuminate\\Http\\Middleware\\TrustProxies->handle()
#45 /home/winston/Documents/projects/laravel-article-cms-Rest-API/vendor/laravel/framework/src/Illuminate/Foundation/Http/Middleware/InvokeDeferredCallbacks.php(22): Illuminate\\Pipeline\\Pipeline->{closure:{closure:Illuminate\\Pipeline\\Pipeline::carry():184}:185}()
#46 /home/winston/Documents/projects/laravel-article-cms-Rest-API/vendor/laravel/framework/src/Illuminate/Pipeline/Pipeline.php(209): Illuminate\\Foundation\\Http\\Middleware\\InvokeDeferredCallbacks->handle()
#47 /home/winston/Documents/projects/laravel-article-cms-Rest-API/vendor/laravel/framework/src/Illuminate/Pipeline/Pipeline.php(127): Illuminate\\Pipeline\\Pipeline->{closure:{closure:Illuminate\\Pipeline\\Pipeline::carry():184}:185}()
#48 /home/winston/Documents/projects/laravel-article-cms-Rest-API/vendor/laravel/framework/src/Illuminate/Foundation/Http/Kernel.php(176): Illuminate\\Pipeline\\Pipeline->then()
#49 /home/winston/Documents/projects/laravel-article-cms-Rest-API/vendor/laravel/framework/src/Illuminate/Foundation/Http/Kernel.php(145): Illuminate\\Foundation\\Http\\Kernel->sendRequestThroughRouter()
#50 /home/winston/Documents/projects/laravel-article-cms-Rest-API/public/index.php(21): Illuminate\\Foundation\\Http\\Kernel->handle()
#51 /home/winston/Documents/projects/laravel-article-cms-Rest-API/vendor/laravel/framework/src/Illuminate/Foundation/resources/server.php(23): require_once('...')
#52 {main}

[previous exception] [object] (PDOException(code: 0): could not find driver at /home/winston/Documents/projects/laravel-article-cms-Rest-API/vendor/laravel/framework/src/Illuminate/Database/Connectors/Connector.php:67)
[stacktrace]
#0 /home/winston/Documents/projects/laravel-article-cms-Rest-API/vendor/laravel/framework/src/Illuminate/Database/Connectors/Connector.php(67): PDO::connect()
#1 /home/winston/Documents/projects/laravel-article-cms-Rest-API/vendor/laravel/framework/src/Illuminate/Database/Connectors/Connector.php(44): Illuminate\\Database\\Connectors\\Connector->createPdoConnection()
#2 /home/winston/Documents/projects/laravel-article-cms-Rest-API/vendor/laravel/framework/src/Illuminate/Database/Connectors/PostgresConnector.php(35): Illuminate\\Database\\Connectors\\Connector->createConnection()
#3 /home/winston/Documents/projects/laravel-article-cms-Rest-API/vendor/laravel/framework/src/Illuminate/Database/Connectors/ConnectionFactory.php(185): Illuminate\\Database\\Connectors\\PostgresConnector->connect()
#4 [internal function]: Illuminate\\Database\\Connectors\\ConnectionFactory->{closure:Illuminate\\Database\\Connectors\\ConnectionFactory::createPdoResolverWithHosts():180}()
#5 /home/winston/Documents/projects/laravel-article-cms-Rest-API/vendor/laravel/framework/src/Illuminate/Database/Connection.php(1231): call_user_func()
#6 /home/winston/Documents/projects/laravel-article-cms-Rest-API/vendor/laravel/framework/src/Illuminate/Database/Connection.php(512): Illuminate\\Database\\Connection->getPdo()
#7 /home/winston/Documents/projects/laravel-article-cms-Rest-API/vendor/laravel/framework/src/Illuminate/Database/Connection.php(407): Illuminate\\Database\\Connection->getPdoForSelect()
#8 /home/winston/Documents/projects/laravel-article-cms-Rest-API/vendor/laravel/framework/src/Illuminate/Database/Connection.php(812): Illuminate\\Database\\Connection->{closure:Illuminate\\Database\\Connection::select():398}()
#9 /home/winston/Documents/projects/laravel-article-cms-Rest-API/vendor/laravel/framework/src/Illuminate/Database/Connection.php(779): Illuminate\\Database\\Connection->runQueryCallback()
#10 /home/winston/Documents/projects/laravel-article-cms-Rest-API/vendor/laravel/framework/src/Illuminate/Database/Connection.php(398): Illuminate\\Database\\Connection->run()
#11 /home/winston/Documents/projects/laravel-article-cms-Rest-API/vendor/laravel/framework/src/Illuminate/Database/Query/Builder.php(3106): Illuminate\\Database\\Connection->select()
#12 /home/winston/Documents/projects/laravel-article-cms-Rest-API/vendor/laravel/framework/src/Illuminate/Database/Query/Builder.php(3091): Illuminate\\Database\\Query\\Builder->runSelect()
#13 /home/winston/Documents/projects/laravel-article-cms-Rest-API/vendor/laravel/framework/src/Illuminate/Database/Query/Builder.php(3676): Illuminate\\Database\\Query\\Builder->{closure:Illuminate\\Database\\Query\\Builder::get():3090}()
#14 /home/winston/Documents/projects/laravel-article-cms-Rest-API/vendor/laravel/framework/src/Illuminate/Database/Query/Builder.php(3090): Illuminate\\Database\\Query\\Builder->onceWithColumns()
#15 /home/winston/Documents/projects/laravel-article-cms-Rest-API/vendor/laravel/framework/src/Illuminate/Database/Concerns/BuildsQueries.php(343): Illuminate\\Database\\Query\\Builder->get()
#16 /home/winston/Documents/projects/laravel-article-cms-Rest-API/vendor/laravel/framework/src/Illuminate/Database/Query/Builder.php(3013): Illuminate\\Database\\Query\\Builder->first()
#17 /home/winston/Documents/projects/laravel-article-cms-Rest-API/vendor/laravel/framework/src/Illuminate/Session/DatabaseSessionHandler.php(97): Illuminate\\Database\\Query\\Builder->find()
#18 /home/winston/Documents/projects/laravel-article-cms-Rest-API/vendor/laravel/framework/src/Illuminate/Session/Store.php(117): Illuminate\\Session\\DatabaseSessionHandler->read()
#19 /home/winston/Documents/projects/laravel-article-cms-Rest-API/vendor/laravel/framework/src/Illuminate/Session/Store.php(105): Illuminate\\Session\\Store->readFromHandler()
#20 /home/winston/Documents/projects/laravel-article-cms-Rest-API/vendor/laravel/framework/src/Illuminate/Session/Store.php(89): Illuminate\\Session\\Store->loadSession()
#21 /home/winston/Documents/projects/laravel-article-cms-Rest-API/vendor/laravel/framework/src/Illuminate/Session/Middleware/StartSession.php(147): Illuminate\\Session\\Store->start()
#22 /home/winston/Documents/projects/laravel-article-cms-Rest-API/vendor/laravel/framework/src/Illuminate/Support/helpers.php(399): Illuminate\\Session\\Middleware\\StartSession->{closure:Illuminate\\Session\\Middleware\\StartSession::startSession():144}()
#23 /home/winston/Documents/projects/laravel-article-cms-Rest-API/vendor/laravel/framework/src/Illuminate/Session/Middleware/StartSession.php(144): tap()
#24 /home/winston/Documents/projects/laravel-article-cms-Rest-API/vendor/laravel/framework/src/Illuminate/Session/Middleware/StartSession.php(116): Illuminate\\Session\\Middleware\\StartSession->startSession()
#25 /home/winston/Documents/projects/laravel-article-cms-Rest-API/vendor/laravel/framework/src/Illuminate/Session/Middleware/StartSession.php(64): Illuminate\\Session\\Middleware\\StartSession->handleStatefulRequest()
#26 /home/winston/Documents/projects/laravel-article-cms-Rest-API/vendor/laravel/framework/src/Illuminate/Pipeline/Pipeline.php(209): Illuminate\\Session\\Middleware\\StartSession->handle()
#27 /home/winston/Documents/projects/laravel-article-cms-Rest-API/vendor/laravel/framework/src/Illuminate/Cookie/Middleware/AddQueuedCookiesToResponse.php(37): Illuminate\\Pipeline\\Pipeline->{closure:{closure:Illuminate\\Pipeline\\Pipeline::carry():184}:185}()
#28 /home/winston/Documents/projects/laravel-article-cms-Rest-API/vendor/laravel/framework/src/Illuminate/Pipeline/Pipeline.php(209): Illuminate\\Cookie\\Middleware\\AddQueuedCookiesToResponse->handle()
#29 /home/winston/Documents/projects/laravel-article-cms-Rest-API/vendor/laravel/framework/src/Illuminate/Cookie/Middleware/EncryptCookies.php(75): Illuminate\\Pipeline\\Pipeline->{closure:{closure:Illuminate\\Pipeline\\Pipeline::carry():184}:185}()
#30 /home/winston/Documents/projects/laravel-article-cms-Rest-API/vendor/laravel/framework/src/Illuminate/Pipeline/Pipeline.php(209): Illuminate\\Cookie\\Middleware\\EncryptCookies->handle()
#31 /home/winston/Documents/projects/laravel-article-cms-Rest-API/vendor/laravel/framework/src/Illuminate/Pipeline/Pipeline.php(127): Illuminate\\Pipeline\\Pipeline->{closure:{closure:Illuminate\\Pipeline\\Pipeline::carry():184}:185}()
#32 /home/winston/Documents/projects/laravel-article-cms-Rest-API/vendor/laravel/framework/src/Illuminate/Routing/Router.php(807): Illuminate\\Pipeline\\Pipeline->then()
#33 /home/winston/Documents/projects/laravel-article-cms-Rest-API/vendor/laravel/framework/src/Illuminate/Routing/Router.php(786): Illuminate\\Routing\\Router->runRouteWithinStack()
#34 /home/winston/Documents/projects/laravel-article-cms-Rest-API/vendor/laravel/framework/src/Illuminate/Routing/Router.php(750): Illuminate\\Routing\\Router->runRoute()
#35 /home/winston/Documents/projects/laravel-article-cms-Rest-API/vendor/laravel/framework/src/Illuminate/Routing/Router.php(739): Illuminate\\Routing\\Router->dispatchToRoute()
#36 /home/winston/Documents/projects/laravel-article-cms-Rest-API/vendor/laravel/framework/src/Illuminate/Foundation/Http/Kernel.php(201): Illuminate\\Routing\\Router->dispatch()
#37 /home/winston/Documents/projects/laravel-article-cms-Rest-API/vendor/laravel/framework/src/Illuminate/Pipeline/Pipeline.php(170): Illuminate\\Foundation\\Http\\Kernel->{closure:Illuminate\\Foundation\\Http\\Kernel::dispatchToRouter():198}()
#38 /home/winston/Documents/projects/laravel-article-cms-Rest-API/app/Http/Middleware/CorsMiddleware.php(26): Illuminate\\Pipeline\\Pipeline->{closure:Illuminate\\Pipeline\\Pipeline::prepareDestination():168}()
#39 /home/winston/Documents/projects/laravel-article-cms-Rest-API/vendor/laravel/framework/src/Illuminate/Pipeline/Pipeline.php(209): App\\Http\\Middleware\\CorsMiddleware->handle()
#40 /home/winston/Documents/projects/laravel-article-cms-Rest-API/vendor/laravel/framework/src/Illuminate/Foundation/Http/Middleware/TransformsRequest.php(21): Illuminate\\Pipeline\\Pipeline->{closure:{closure:Illuminate\\Pipeline\\Pipeline::carry():184}:185}()
#41 /home/winston/Documents/projects/laravel-article-cms-Rest-API/vendor/laravel/framework/src/Illuminate/Foundation/Http/Middleware/ConvertEmptyStringsToNull.php(31): Illuminate\\Foundation\\Http\\Middleware\\TransformsRequest->handle()
#42 /home/winston/Documents/projects/laravel-article-cms-Rest-API/vendor/laravel/framework/src/Illuminate/Pipeline/Pipeline.php(209): Illuminate\\Foundation\\Http\\Middleware\\ConvertEmptyStringsToNull->handle()
#43 /home/winston/Documents/projects/laravel-article-cms-Rest-API/vendor/laravel/framework/src/Illuminate/Foundation/Http/Middleware/TransformsRequest.php(21): Illuminate\\Pipeline\\Pipeline->{closure:{closure:Illuminate\\Pipeline\\Pipeline::carry():184}:185}()
#44 /home/winston/Documents/projects/laravel-article-cms-Rest-API/vendor/laravel/framework/src/Illuminate/Foundation/Http/Middleware/TrimStrings.php(51): Illuminate\\Foundation\\Http\\Middleware\\TransformsRequest->handle()
#45 /home/winston/Documents/projects/laravel-article-cms-Rest-API/vendor/laravel/framework/src/Illuminate/Pipeline/Pipeline.php(209): Illuminate\\Foundation\\Http\\Middleware\\TrimStrings->handle()
#46 /home/winston/Documents/projects/laravel-article-cms-Rest-API/vendor/laravel/framework/src/Illuminate/Http/Middleware/ValidatePostSize.php(27): Illuminate\\Pipeline\\Pipeline->{closure:{closure:Illuminate\\Pipeline\\Pipeline::carry():184}:185}()
#47 /home/winston/Documents/projects/laravel-article-cms-Rest-API/vendor/laravel/framework/src/Illuminate/Pipeline/Pipeline.php(209): Illuminate\\Http\\Middleware\\ValidatePostSize->handle()
#48 /home/winston/Documents/projects/laravel-article-cms-Rest-API/vendor/laravel/framework/src/Illuminate/Foundation/Http/Middleware/PreventRequestsDuringMaintenance.php(110): Illuminate\\Pipeline\\Pipeline->{closure:{closure:Illuminate\\Pipeline\\Pipeline::carry():184}:185}()
#49 /home/winston/Documents/projects/laravel-article-cms-Rest-API/vendor/laravel/framework/src/Illuminate/Pipeline/Pipeline.php(209): Illuminate\\Foundation\\Http\\Middleware\\PreventRequestsDuringMaintenance->handle()
#50 /home/winston/Documents/projects/laravel-article-cms-Rest-API/vendor/laravel/framework/src/Illuminate/Http/Middleware/HandleCors.php(49): Illuminate\\Pipeline\\Pipeline->{closure:{closure:Illuminate\\Pipeline\\Pipeline::carry():184}:185}()
#51 /home/winston/Documents/projects/laravel-article-cms-Rest-API/vendor/laravel/framework/src/Illuminate/Pipeline/Pipeline.php(209): Illuminate\\Http\\Middleware\\HandleCors->handle()
#52 /home/winston/Documents/projects/laravel-article-cms-Rest-API/vendor/laravel/framework/src/Illuminate/Http/Middleware/TrustProxies.php(58): Illuminate\\Pipeline\\Pipeline->{closure:{closure:Illuminate\\Pipeline\\Pipeline::carry():184}:185}()
#53 /home/winston/Documents/projects/laravel-article-cms-Rest-API/vendor/laravel/framework/src/Illuminate/Pipeline/Pipeline.php(209): Illuminate\\Http\\Middleware\\TrustProxies->handle()
#54 /home/winston/Documents/projects/laravel-article-cms-Rest-API/vendor/laravel/framework/src/Illuminate/Foundation/Http/Middleware/InvokeDeferredCallbacks.php(22): Illuminate\\Pipeline\\Pipeline->{closure:{closure:Illuminate\\Pipeline\\Pipeline::carry():184}:185}()
#55 /home/winston/Documents/projects/laravel-article-cms-Rest-API/vendor/laravel/framework/src/Illuminate/Pipeline/Pipeline.php(209): Illuminate\\Foundation\\Http\\Middleware\\InvokeDeferredCallbacks->handle()
#56 /home/winston/Documents/projects/laravel-article-cms-Rest-API/vendor/laravel/framework/src/Illuminate/Pipeline/Pipeline.php(127): Illuminate\\Pipeline\\Pipeline->{closure:{closure:Illuminate\\Pipeline\\Pipeline::carry():184}:185}()
#57 /home/winston/Documents/projects/laravel-article-cms-Rest-API/vendor/laravel/framework/src/Illuminate/Foundation/Http/Kernel.php(176): Illuminate\\Pipeline\\Pipeline->then()
#58 /home/winston/Documents/projects/laravel-article-cms-Rest-API/vendor/laravel/framework/src/Illuminate/Foundation/Http/Kernel.php(145): Illuminate\\Foundation\\Http\\Kernel->sendRequestThroughRouter()
#59 /home/winston/Documents/projects/laravel-article-cms-Rest-API/public/index.php(21): Illuminate\\Foundation\\Http\\Kernel->handle()
#60 /home/winston/Documents/projects/laravel-article-cms-Rest-API/vendor/laravel/framework/src/Illuminate/Foundation/resources/server.php(23): require_once('...')
#61 {main}
"} 
[2025-06-12 04:31:41] local.INFO: Request Origin:   
[2025-06-12 04:31:41] local.ERROR: could not find driver (Connection: pgsql, SQL: select * from "sessions" where "id" = 928d6NpHDnok0ggZrLgdPuu4OTTWP6Ulg9Fn6efZ limit 1) {"exception":"[object] (Illuminate\\Database\\QueryException(code: 0): could not find driver (Connection: pgsql, SQL: select * from \"sessions\" where \"id\" = 928d6NpHDnok0ggZrLgdPuu4OTTWP6Ulg9Fn6efZ limit 1) at /home/winston/Documents/projects/laravel-article-cms-Rest-API/vendor/laravel/framework/src/Illuminate/Database/Connection.php:825)
[stacktrace]
#0 /home/winston/Documents/projects/laravel-article-cms-Rest-API/vendor/laravel/framework/src/Illuminate/Database/Connection.php(779): Illuminate\\Database\\Connection->runQueryCallback()
#1 /home/winston/Documents/projects/laravel-article-cms-Rest-API/vendor/laravel/framework/src/Illuminate/Database/Connection.php(398): Illuminate\\Database\\Connection->run()
#2 /home/winston/Documents/projects/laravel-article-cms-Rest-API/vendor/laravel/framework/src/Illuminate/Database/Query/Builder.php(3106): Illuminate\\Database\\Connection->select()
#3 /home/winston/Documents/projects/laravel-article-cms-Rest-API/vendor/laravel/framework/src/Illuminate/Database/Query/Builder.php(3091): Illuminate\\Database\\Query\\Builder->runSelect()
#4 /home/winston/Documents/projects/laravel-article-cms-Rest-API/vendor/laravel/framework/src/Illuminate/Database/Query/Builder.php(3676): Illuminate\\Database\\Query\\Builder->{closure:Illuminate\\Database\\Query\\Builder::get():3090}()
#5 /home/winston/Documents/projects/laravel-article-cms-Rest-API/vendor/laravel/framework/src/Illuminate/Database/Query/Builder.php(3090): Illuminate\\Database\\Query\\Builder->onceWithColumns()
#6 /home/winston/Documents/projects/laravel-article-cms-Rest-API/vendor/laravel/framework/src/Illuminate/Database/Concerns/BuildsQueries.php(343): Illuminate\\Database\\Query\\Builder->get()
#7 /home/winston/Documents/projects/laravel-article-cms-Rest-API/vendor/laravel/framework/src/Illuminate/Database/Query/Builder.php(3013): Illuminate\\Database\\Query\\Builder->first()
#8 /home/winston/Documents/projects/laravel-article-cms-Rest-API/vendor/laravel/framework/src/Illuminate/Session/DatabaseSessionHandler.php(97): Illuminate\\Database\\Query\\Builder->find()
#9 /home/winston/Documents/projects/laravel-article-cms-Rest-API/vendor/laravel/framework/src/Illuminate/Session/Store.php(117): Illuminate\\Session\\DatabaseSessionHandler->read()
#10 /home/winston/Documents/projects/laravel-article-cms-Rest-API/vendor/laravel/framework/src/Illuminate/Session/Store.php(105): Illuminate\\Session\\Store->readFromHandler()
#11 /home/winston/Documents/projects/laravel-article-cms-Rest-API/vendor/laravel/framework/src/Illuminate/Session/Store.php(89): Illuminate\\Session\\Store->loadSession()
#12 /home/winston/Documents/projects/laravel-article-cms-Rest-API/vendor/laravel/framework/src/Illuminate/Session/Middleware/StartSession.php(147): Illuminate\\Session\\Store->start()
#13 /home/winston/Documents/projects/laravel-article-cms-Rest-API/vendor/laravel/framework/src/Illuminate/Support/helpers.php(399): Illuminate\\Session\\Middleware\\StartSession->{closure:Illuminate\\Session\\Middleware\\StartSession::startSession():144}()
#14 /home/winston/Documents/projects/laravel-article-cms-Rest-API/vendor/laravel/framework/src/Illuminate/Session/Middleware/StartSession.php(144): tap()
#15 /home/winston/Documents/projects/laravel-article-cms-Rest-API/vendor/laravel/framework/src/Illuminate/Session/Middleware/StartSession.php(116): Illuminate\\Session\\Middleware\\StartSession->startSession()
#16 /home/winston/Documents/projects/laravel-article-cms-Rest-API/vendor/laravel/framework/src/Illuminate/Session/Middleware/StartSession.php(64): Illuminate\\Session\\Middleware\\StartSession->handleStatefulRequest()
#17 /home/winston/Documents/projects/laravel-article-cms-Rest-API/vendor/laravel/framework/src/Illuminate/Pipeline/Pipeline.php(209): Illuminate\\Session\\Middleware\\StartSession->handle()
#18 /home/winston/Documents/projects/laravel-article-cms-Rest-API/vendor/laravel/framework/src/Illuminate/Cookie/Middleware/AddQueuedCookiesToResponse.php(37): Illuminate\\Pipeline\\Pipeline->{closure:{closure:Illuminate\\Pipeline\\Pipeline::carry():184}:185}()
#19 /home/winston/Documents/projects/laravel-article-cms-Rest-API/vendor/laravel/framework/src/Illuminate/Pipeline/Pipeline.php(209): Illuminate\\Cookie\\Middleware\\AddQueuedCookiesToResponse->handle()
#20 /home/winston/Documents/projects/laravel-article-cms-Rest-API/vendor/laravel/framework/src/Illuminate/Cookie/Middleware/EncryptCookies.php(75): Illuminate\\Pipeline\\Pipeline->{closure:{closure:Illuminate\\Pipeline\\Pipeline::carry():184}:185}()
#21 /home/winston/Documents/projects/laravel-article-cms-Rest-API/vendor/laravel/framework/src/Illuminate/Pipeline/Pipeline.php(209): Illuminate\\Cookie\\Middleware\\EncryptCookies->handle()
#22 /home/winston/Documents/projects/laravel-article-cms-Rest-API/vendor/laravel/framework/src/Illuminate/Pipeline/Pipeline.php(127): Illuminate\\Pipeline\\Pipeline->{closure:{closure:Illuminate\\Pipeline\\Pipeline::carry():184}:185}()
#23 /home/winston/Documents/projects/laravel-article-cms-Rest-API/vendor/laravel/framework/src/Illuminate/Routing/Router.php(807): Illuminate\\Pipeline\\Pipeline->then()
#24 /home/winston/Documents/projects/laravel-article-cms-Rest-API/vendor/laravel/framework/src/Illuminate/Routing/Router.php(786): Illuminate\\Routing\\Router->runRouteWithinStack()
#25 /home/winston/Documents/projects/laravel-article-cms-Rest-API/vendor/laravel/framework/src/Illuminate/Routing/Router.php(750): Illuminate\\Routing\\Router->runRoute()
#26 /home/winston/Documents/projects/laravel-article-cms-Rest-API/vendor/laravel/framework/src/Illuminate/Routing/Router.php(739): Illuminate\\Routing\\Router->dispatchToRoute()
#27 /home/winston/Documents/projects/laravel-article-cms-Rest-API/vendor/laravel/framework/src/Illuminate/Foundation/Http/Kernel.php(201): Illuminate\\Routing\\Router->dispatch()
#28 /home/winston/Documents/projects/laravel-article-cms-Rest-API/vendor/laravel/framework/src/Illuminate/Pipeline/Pipeline.php(170): Illuminate\\Foundation\\Http\\Kernel->{closure:Illuminate\\Foundation\\Http\\Kernel::dispatchToRouter():198}()
#29 /home/winston/Documents/projects/laravel-article-cms-Rest-API/app/Http/Middleware/CorsMiddleware.php(26): Illuminate\\Pipeline\\Pipeline->{closure:Illuminate\\Pipeline\\Pipeline::prepareDestination():168}()
#30 /home/winston/Documents/projects/laravel-article-cms-Rest-API/vendor/laravel/framework/src/Illuminate/Pipeline/Pipeline.php(209): App\\Http\\Middleware\\CorsMiddleware->handle()
#31 /home/winston/Documents/projects/laravel-article-cms-Rest-API/vendor/laravel/framework/src/Illuminate/Foundation/Http/Middleware/TransformsRequest.php(21): Illuminate\\Pipeline\\Pipeline->{closure:{closure:Illuminate\\Pipeline\\Pipeline::carry():184}:185}()
#32 /home/winston/Documents/projects/laravel-article-cms-Rest-API/vendor/laravel/framework/src/Illuminate/Foundation/Http/Middleware/ConvertEmptyStringsToNull.php(31): Illuminate\\Foundation\\Http\\Middleware\\TransformsRequest->handle()
#33 /home/winston/Documents/projects/laravel-article-cms-Rest-API/vendor/laravel/framework/src/Illuminate/Pipeline/Pipeline.php(209): Illuminate\\Foundation\\Http\\Middleware\\ConvertEmptyStringsToNull->handle()
#34 /home/winston/Documents/projects/laravel-article-cms-Rest-API/vendor/laravel/framework/src/Illuminate/Foundation/Http/Middleware/TransformsRequest.php(21): Illuminate\\Pipeline\\Pipeline->{closure:{closure:Illuminate\\Pipeline\\Pipeline::carry():184}:185}()
#35 /home/winston/Documents/projects/laravel-article-cms-Rest-API/vendor/laravel/framework/src/Illuminate/Foundation/Http/Middleware/TrimStrings.php(51): Illuminate\\Foundation\\Http\\Middleware\\TransformsRequest->handle()
#36 /home/winston/Documents/projects/laravel-article-cms-Rest-API/vendor/laravel/framework/src/Illuminate/Pipeline/Pipeline.php(209): Illuminate\\Foundation\\Http\\Middleware\\TrimStrings->handle()
#37 /home/winston/Documents/projects/laravel-article-cms-Rest-API/vendor/laravel/framework/src/Illuminate/Http/Middleware/ValidatePostSize.php(27): Illuminate\\Pipeline\\Pipeline->{closure:{closure:Illuminate\\Pipeline\\Pipeline::carry():184}:185}()
#38 /home/winston/Documents/projects/laravel-article-cms-Rest-API/vendor/laravel/framework/src/Illuminate/Pipeline/Pipeline.php(209): Illuminate\\Http\\Middleware\\ValidatePostSize->handle()
#39 /home/winston/Documents/projects/laravel-article-cms-Rest-API/vendor/laravel/framework/src/Illuminate/Foundation/Http/Middleware/PreventRequestsDuringMaintenance.php(110): Illuminate\\Pipeline\\Pipeline->{closure:{closure:Illuminate\\Pipeline\\Pipeline::carry():184}:185}()
#40 /home/winston/Documents/projects/laravel-article-cms-Rest-API/vendor/laravel/framework/src/Illuminate/Pipeline/Pipeline.php(209): Illuminate\\Foundation\\Http\\Middleware\\PreventRequestsDuringMaintenance->handle()
#41 /home/winston/Documents/projects/laravel-article-cms-Rest-API/vendor/laravel/framework/src/Illuminate/Http/Middleware/HandleCors.php(49): Illuminate\\Pipeline\\Pipeline->{closure:{closure:Illuminate\\Pipeline\\Pipeline::carry():184}:185}()
#42 /home/winston/Documents/projects/laravel-article-cms-Rest-API/vendor/laravel/framework/src/Illuminate/Pipeline/Pipeline.php(209): Illuminate\\Http\\Middleware\\HandleCors->handle()
#43 /home/winston/Documents/projects/laravel-article-cms-Rest-API/vendor/laravel/framework/src/Illuminate/Http/Middleware/TrustProxies.php(58): Illuminate\\Pipeline\\Pipeline->{closure:{closure:Illuminate\\Pipeline\\Pipeline::carry():184}:185}()
#44 /home/winston/Documents/projects/laravel-article-cms-Rest-API/vendor/laravel/framework/src/Illuminate/Pipeline/Pipeline.php(209): Illuminate\\Http\\Middleware\\TrustProxies->handle()
#45 /home/winston/Documents/projects/laravel-article-cms-Rest-API/vendor/laravel/framework/src/Illuminate/Foundation/Http/Middleware/InvokeDeferredCallbacks.php(22): Illuminate\\Pipeline\\Pipeline->{closure:{closure:Illuminate\\Pipeline\\Pipeline::carry():184}:185}()
#46 /home/winston/Documents/projects/laravel-article-cms-Rest-API/vendor/laravel/framework/src/Illuminate/Pipeline/Pipeline.php(209): Illuminate\\Foundation\\Http\\Middleware\\InvokeDeferredCallbacks->handle()
#47 /home/winston/Documents/projects/laravel-article-cms-Rest-API/vendor/laravel/framework/src/Illuminate/Pipeline/Pipeline.php(127): Illuminate\\Pipeline\\Pipeline->{closure:{closure:Illuminate\\Pipeline\\Pipeline::carry():184}:185}()
#48 /home/winston/Documents/projects/laravel-article-cms-Rest-API/vendor/laravel/framework/src/Illuminate/Foundation/Http/Kernel.php(176): Illuminate\\Pipeline\\Pipeline->then()
#49 /home/winston/Documents/projects/laravel-article-cms-Rest-API/vendor/laravel/framework/src/Illuminate/Foundation/Http/Kernel.php(145): Illuminate\\Foundation\\Http\\Kernel->sendRequestThroughRouter()
#50 /home/winston/Documents/projects/laravel-article-cms-Rest-API/public/index.php(21): Illuminate\\Foundation\\Http\\Kernel->handle()
#51 /home/winston/Documents/projects/laravel-article-cms-Rest-API/vendor/laravel/framework/src/Illuminate/Foundation/resources/server.php(23): require_once('...')
#52 {main}

[previous exception] [object] (PDOException(code: 0): could not find driver at /home/winston/Documents/projects/laravel-article-cms-Rest-API/vendor/laravel/framework/src/Illuminate/Database/Connectors/Connector.php:67)
[stacktrace]
#0 /home/winston/Documents/projects/laravel-article-cms-Rest-API/vendor/laravel/framework/src/Illuminate/Database/Connectors/Connector.php(67): PDO::connect()
#1 /home/winston/Documents/projects/laravel-article-cms-Rest-API/vendor/laravel/framework/src/Illuminate/Database/Connectors/Connector.php(44): Illuminate\\Database\\Connectors\\Connector->createPdoConnection()
#2 /home/winston/Documents/projects/laravel-article-cms-Rest-API/vendor/laravel/framework/src/Illuminate/Database/Connectors/PostgresConnector.php(35): Illuminate\\Database\\Connectors\\Connector->createConnection()
#3 /home/winston/Documents/projects/laravel-article-cms-Rest-API/vendor/laravel/framework/src/Illuminate/Database/Connectors/ConnectionFactory.php(185): Illuminate\\Database\\Connectors\\PostgresConnector->connect()
#4 [internal function]: Illuminate\\Database\\Connectors\\ConnectionFactory->{closure:Illuminate\\Database\\Connectors\\ConnectionFactory::createPdoResolverWithHosts():180}()
#5 /home/winston/Documents/projects/laravel-article-cms-Rest-API/vendor/laravel/framework/src/Illuminate/Database/Connection.php(1231): call_user_func()
#6 /home/winston/Documents/projects/laravel-article-cms-Rest-API/vendor/laravel/framework/src/Illuminate/Database/Connection.php(512): Illuminate\\Database\\Connection->getPdo()
#7 /home/winston/Documents/projects/laravel-article-cms-Rest-API/vendor/laravel/framework/src/Illuminate/Database/Connection.php(407): Illuminate\\Database\\Connection->getPdoForSelect()
#8 /home/winston/Documents/projects/laravel-article-cms-Rest-API/vendor/laravel/framework/src/Illuminate/Database/Connection.php(812): Illuminate\\Database\\Connection->{closure:Illuminate\\Database\\Connection::select():398}()
#9 /home/winston/Documents/projects/laravel-article-cms-Rest-API/vendor/laravel/framework/src/Illuminate/Database/Connection.php(779): Illuminate\\Database\\Connection->runQueryCallback()
#10 /home/winston/Documents/projects/laravel-article-cms-Rest-API/vendor/laravel/framework/src/Illuminate/Database/Connection.php(398): Illuminate\\Database\\Connection->run()
#11 /home/winston/Documents/projects/laravel-article-cms-Rest-API/vendor/laravel/framework/src/Illuminate/Database/Query/Builder.php(3106): Illuminate\\Database\\Connection->select()
#12 /home/winston/Documents/projects/laravel-article-cms-Rest-API/vendor/laravel/framework/src/Illuminate/Database/Query/Builder.php(3091): Illuminate\\Database\\Query\\Builder->runSelect()
#13 /home/winston/Documents/projects/laravel-article-cms-Rest-API/vendor/laravel/framework/src/Illuminate/Database/Query/Builder.php(3676): Illuminate\\Database\\Query\\Builder->{closure:Illuminate\\Database\\Query\\Builder::get():3090}()
#14 /home/winston/Documents/projects/laravel-article-cms-Rest-API/vendor/laravel/framework/src/Illuminate/Database/Query/Builder.php(3090): Illuminate\\Database\\Query\\Builder->onceWithColumns()
#15 /home/winston/Documents/projects/laravel-article-cms-Rest-API/vendor/laravel/framework/src/Illuminate/Database/Concerns/BuildsQueries.php(343): Illuminate\\Database\\Query\\Builder->get()
#16 /home/winston/Documents/projects/laravel-article-cms-Rest-API/vendor/laravel/framework/src/Illuminate/Database/Query/Builder.php(3013): Illuminate\\Database\\Query\\Builder->first()
#17 /home/winston/Documents/projects/laravel-article-cms-Rest-API/vendor/laravel/framework/src/Illuminate/Session/DatabaseSessionHandler.php(97): Illuminate\\Database\\Query\\Builder->find()
#18 /home/winston/Documents/projects/laravel-article-cms-Rest-API/vendor/laravel/framework/src/Illuminate/Session/Store.php(117): Illuminate\\Session\\DatabaseSessionHandler->read()
#19 /home/winston/Documents/projects/laravel-article-cms-Rest-API/vendor/laravel/framework/src/Illuminate/Session/Store.php(105): Illuminate\\Session\\Store->readFromHandler()
#20 /home/winston/Documents/projects/laravel-article-cms-Rest-API/vendor/laravel/framework/src/Illuminate/Session/Store.php(89): Illuminate\\Session\\Store->loadSession()
#21 /home/winston/Documents/projects/laravel-article-cms-Rest-API/vendor/laravel/framework/src/Illuminate/Session/Middleware/StartSession.php(147): Illuminate\\Session\\Store->start()
#22 /home/winston/Documents/projects/laravel-article-cms-Rest-API/vendor/laravel/framework/src/Illuminate/Support/helpers.php(399): Illuminate\\Session\\Middleware\\StartSession->{closure:Illuminate\\Session\\Middleware\\StartSession::startSession():144}()
#23 /home/winston/Documents/projects/laravel-article-cms-Rest-API/vendor/laravel/framework/src/Illuminate/Session/Middleware/StartSession.php(144): tap()
#24 /home/winston/Documents/projects/laravel-article-cms-Rest-API/vendor/laravel/framework/src/Illuminate/Session/Middleware/StartSession.php(116): Illuminate\\Session\\Middleware\\StartSession->startSession()
#25 /home/winston/Documents/projects/laravel-article-cms-Rest-API/vendor/laravel/framework/src/Illuminate/Session/Middleware/StartSession.php(64): Illuminate\\Session\\Middleware\\StartSession->handleStatefulRequest()
#26 /home/winston/Documents/projects/laravel-article-cms-Rest-API/vendor/laravel/framework/src/Illuminate/Pipeline/Pipeline.php(209): Illuminate\\Session\\Middleware\\StartSession->handle()
#27 /home/winston/Documents/projects/laravel-article-cms-Rest-API/vendor/laravel/framework/src/Illuminate/Cookie/Middleware/AddQueuedCookiesToResponse.php(37): Illuminate\\Pipeline\\Pipeline->{closure:{closure:Illuminate\\Pipeline\\Pipeline::carry():184}:185}()
#28 /home/winston/Documents/projects/laravel-article-cms-Rest-API/vendor/laravel/framework/src/Illuminate/Pipeline/Pipeline.php(209): Illuminate\\Cookie\\Middleware\\AddQueuedCookiesToResponse->handle()
#29 /home/winston/Documents/projects/laravel-article-cms-Rest-API/vendor/laravel/framework/src/Illuminate/Cookie/Middleware/EncryptCookies.php(75): Illuminate\\Pipeline\\Pipeline->{closure:{closure:Illuminate\\Pipeline\\Pipeline::carry():184}:185}()
#30 /home/winston/Documents/projects/laravel-article-cms-Rest-API/vendor/laravel/framework/src/Illuminate/Pipeline/Pipeline.php(209): Illuminate\\Cookie\\Middleware\\EncryptCookies->handle()
#31 /home/winston/Documents/projects/laravel-article-cms-Rest-API/vendor/laravel/framework/src/Illuminate/Pipeline/Pipeline.php(127): Illuminate\\Pipeline\\Pipeline->{closure:{closure:Illuminate\\Pipeline\\Pipeline::carry():184}:185}()
#32 /home/winston/Documents/projects/laravel-article-cms-Rest-API/vendor/laravel/framework/src/Illuminate/Routing/Router.php(807): Illuminate\\Pipeline\\Pipeline->then()
#33 /home/winston/Documents/projects/laravel-article-cms-Rest-API/vendor/laravel/framework/src/Illuminate/Routing/Router.php(786): Illuminate\\Routing\\Router->runRouteWithinStack()
#34 /home/winston/Documents/projects/laravel-article-cms-Rest-API/vendor/laravel/framework/src/Illuminate/Routing/Router.php(750): Illuminate\\Routing\\Router->runRoute()
#35 /home/winston/Documents/projects/laravel-article-cms-Rest-API/vendor/laravel/framework/src/Illuminate/Routing/Router.php(739): Illuminate\\Routing\\Router->dispatchToRoute()
#36 /home/winston/Documents/projects/laravel-article-cms-Rest-API/vendor/laravel/framework/src/Illuminate/Foundation/Http/Kernel.php(201): Illuminate\\Routing\\Router->dispatch()
#37 /home/winston/Documents/projects/laravel-article-cms-Rest-API/vendor/laravel/framework/src/Illuminate/Pipeline/Pipeline.php(170): Illuminate\\Foundation\\Http\\Kernel->{closure:Illuminate\\Foundation\\Http\\Kernel::dispatchToRouter():198}()
#38 /home/winston/Documents/projects/laravel-article-cms-Rest-API/app/Http/Middleware/CorsMiddleware.php(26): Illuminate\\Pipeline\\Pipeline->{closure:Illuminate\\Pipeline\\Pipeline::prepareDestination():168}()
#39 /home/winston/Documents/projects/laravel-article-cms-Rest-API/vendor/laravel/framework/src/Illuminate/Pipeline/Pipeline.php(209): App\\Http\\Middleware\\CorsMiddleware->handle()
#40 /home/winston/Documents/projects/laravel-article-cms-Rest-API/vendor/laravel/framework/src/Illuminate/Foundation/Http/Middleware/TransformsRequest.php(21): Illuminate\\Pipeline\\Pipeline->{closure:{closure:Illuminate\\Pipeline\\Pipeline::carry():184}:185}()
#41 /home/winston/Documents/projects/laravel-article-cms-Rest-API/vendor/laravel/framework/src/Illuminate/Foundation/Http/Middleware/ConvertEmptyStringsToNull.php(31): Illuminate\\Foundation\\Http\\Middleware\\TransformsRequest->handle()
#42 /home/winston/Documents/projects/laravel-article-cms-Rest-API/vendor/laravel/framework/src/Illuminate/Pipeline/Pipeline.php(209): Illuminate\\Foundation\\Http\\Middleware\\ConvertEmptyStringsToNull->handle()
#43 /home/winston/Documents/projects/laravel-article-cms-Rest-API/vendor/laravel/framework/src/Illuminate/Foundation/Http/Middleware/TransformsRequest.php(21): Illuminate\\Pipeline\\Pipeline->{closure:{closure:Illuminate\\Pipeline\\Pipeline::carry():184}:185}()
#44 /home/winston/Documents/projects/laravel-article-cms-Rest-API/vendor/laravel/framework/src/Illuminate/Foundation/Http/Middleware/TrimStrings.php(51): Illuminate\\Foundation\\Http\\Middleware\\TransformsRequest->handle()
#45 /home/winston/Documents/projects/laravel-article-cms-Rest-API/vendor/laravel/framework/src/Illuminate/Pipeline/Pipeline.php(209): Illuminate\\Foundation\\Http\\Middleware\\TrimStrings->handle()
#46 /home/winston/Documents/projects/laravel-article-cms-Rest-API/vendor/laravel/framework/src/Illuminate/Http/Middleware/ValidatePostSize.php(27): Illuminate\\Pipeline\\Pipeline->{closure:{closure:Illuminate\\Pipeline\\Pipeline::carry():184}:185}()
#47 /home/winston/Documents/projects/laravel-article-cms-Rest-API/vendor/laravel/framework/src/Illuminate/Pipeline/Pipeline.php(209): Illuminate\\Http\\Middleware\\ValidatePostSize->handle()
#48 /home/winston/Documents/projects/laravel-article-cms-Rest-API/vendor/laravel/framework/src/Illuminate/Foundation/Http/Middleware/PreventRequestsDuringMaintenance.php(110): Illuminate\\Pipeline\\Pipeline->{closure:{closure:Illuminate\\Pipeline\\Pipeline::carry():184}:185}()
#49 /home/winston/Documents/projects/laravel-article-cms-Rest-API/vendor/laravel/framework/src/Illuminate/Pipeline/Pipeline.php(209): Illuminate\\Foundation\\Http\\Middleware\\PreventRequestsDuringMaintenance->handle()
#50 /home/winston/Documents/projects/laravel-article-cms-Rest-API/vendor/laravel/framework/src/Illuminate/Http/Middleware/HandleCors.php(49): Illuminate\\Pipeline\\Pipeline->{closure:{closure:Illuminate\\Pipeline\\Pipeline::carry():184}:185}()
#51 /home/winston/Documents/projects/laravel-article-cms-Rest-API/vendor/laravel/framework/src/Illuminate/Pipeline/Pipeline.php(209): Illuminate\\Http\\Middleware\\HandleCors->handle()
#52 /home/winston/Documents/projects/laravel-article-cms-Rest-API/vendor/laravel/framework/src/Illuminate/Http/Middleware/TrustProxies.php(58): Illuminate\\Pipeline\\Pipeline->{closure:{closure:Illuminate\\Pipeline\\Pipeline::carry():184}:185}()
#53 /home/winston/Documents/projects/laravel-article-cms-Rest-API/vendor/laravel/framework/src/Illuminate/Pipeline/Pipeline.php(209): Illuminate\\Http\\Middleware\\TrustProxies->handle()
#54 /home/winston/Documents/projects/laravel-article-cms-Rest-API/vendor/laravel/framework/src/Illuminate/Foundation/Http/Middleware/InvokeDeferredCallbacks.php(22): Illuminate\\Pipeline\\Pipeline->{closure:{closure:Illuminate\\Pipeline\\Pipeline::carry():184}:185}()
#55 /home/winston/Documents/projects/laravel-article-cms-Rest-API/vendor/laravel/framework/src/Illuminate/Pipeline/Pipeline.php(209): Illuminate\\Foundation\\Http\\Middleware\\InvokeDeferredCallbacks->handle()
#56 /home/winston/Documents/projects/laravel-article-cms-Rest-API/vendor/laravel/framework/src/Illuminate/Pipeline/Pipeline.php(127): Illuminate\\Pipeline\\Pipeline->{closure:{closure:Illuminate\\Pipeline\\Pipeline::carry():184}:185}()
#57 /home/winston/Documents/projects/laravel-article-cms-Rest-API/vendor/laravel/framework/src/Illuminate/Foundation/Http/Kernel.php(176): Illuminate\\Pipeline\\Pipeline->then()
#58 /home/winston/Documents/projects/laravel-article-cms-Rest-API/vendor/laravel/framework/src/Illuminate/Foundation/Http/Kernel.php(145): Illuminate\\Foundation\\Http\\Kernel->sendRequestThroughRouter()
#59 /home/winston/Documents/projects/laravel-article-cms-Rest-API/public/index.php(21): Illuminate\\Foundation\\Http\\Kernel->handle()
#60 /home/winston/Documents/projects/laravel-article-cms-Rest-API/vendor/laravel/framework/src/Illuminate/Foundation/resources/server.php(23): require_once('...')
#61 {main}
"} 
[2025-06-12 04:31:42] local.INFO: Request Origin:   
[2025-06-12 04:31:42] local.ERROR: could not find driver (Connection: pgsql, SQL: select * from "sessions" where "id" = XPkD6PHUUXT1GysAiQsbZ5gpu8KEAI2Cl8rxRyr1 limit 1) {"exception":"[object] (Illuminate\\Database\\QueryException(code: 0): could not find driver (Connection: pgsql, SQL: select * from \"sessions\" where \"id\" = XPkD6PHUUXT1GysAiQsbZ5gpu8KEAI2Cl8rxRyr1 limit 1) at /home/winston/Documents/projects/laravel-article-cms-Rest-API/vendor/laravel/framework/src/Illuminate/Database/Connection.php:825)
[stacktrace]
#0 /home/winston/Documents/projects/laravel-article-cms-Rest-API/vendor/laravel/framework/src/Illuminate/Database/Connection.php(779): Illuminate\\Database\\Connection->runQueryCallback()
#1 /home/winston/Documents/projects/laravel-article-cms-Rest-API/vendor/laravel/framework/src/Illuminate/Database/Connection.php(398): Illuminate\\Database\\Connection->run()
#2 /home/winston/Documents/projects/laravel-article-cms-Rest-API/vendor/laravel/framework/src/Illuminate/Database/Query/Builder.php(3106): Illuminate\\Database\\Connection->select()
#3 /home/winston/Documents/projects/laravel-article-cms-Rest-API/vendor/laravel/framework/src/Illuminate/Database/Query/Builder.php(3091): Illuminate\\Database\\Query\\Builder->runSelect()
#4 /home/winston/Documents/projects/laravel-article-cms-Rest-API/vendor/laravel/framework/src/Illuminate/Database/Query/Builder.php(3676): Illuminate\\Database\\Query\\Builder->{closure:Illuminate\\Database\\Query\\Builder::get():3090}()
#5 /home/winston/Documents/projects/laravel-article-cms-Rest-API/vendor/laravel/framework/src/Illuminate/Database/Query/Builder.php(3090): Illuminate\\Database\\Query\\Builder->onceWithColumns()
#6 /home/winston/Documents/projects/laravel-article-cms-Rest-API/vendor/laravel/framework/src/Illuminate/Database/Concerns/BuildsQueries.php(343): Illuminate\\Database\\Query\\Builder->get()
#7 /home/winston/Documents/projects/laravel-article-cms-Rest-API/vendor/laravel/framework/src/Illuminate/Database/Query/Builder.php(3013): Illuminate\\Database\\Query\\Builder->first()
#8 /home/winston/Documents/projects/laravel-article-cms-Rest-API/vendor/laravel/framework/src/Illuminate/Session/DatabaseSessionHandler.php(97): Illuminate\\Database\\Query\\Builder->find()
#9 /home/winston/Documents/projects/laravel-article-cms-Rest-API/vendor/laravel/framework/src/Illuminate/Session/Store.php(117): Illuminate\\Session\\DatabaseSessionHandler->read()
#10 /home/winston/Documents/projects/laravel-article-cms-Rest-API/vendor/laravel/framework/src/Illuminate/Session/Store.php(105): Illuminate\\Session\\Store->readFromHandler()
#11 /home/winston/Documents/projects/laravel-article-cms-Rest-API/vendor/laravel/framework/src/Illuminate/Session/Store.php(89): Illuminate\\Session\\Store->loadSession()
#12 /home/winston/Documents/projects/laravel-article-cms-Rest-API/vendor/laravel/framework/src/Illuminate/Session/Middleware/StartSession.php(147): Illuminate\\Session\\Store->start()
#13 /home/winston/Documents/projects/laravel-article-cms-Rest-API/vendor/laravel/framework/src/Illuminate/Support/helpers.php(399): Illuminate\\Session\\Middleware\\StartSession->{closure:Illuminate\\Session\\Middleware\\StartSession::startSession():144}()
#14 /home/winston/Documents/projects/laravel-article-cms-Rest-API/vendor/laravel/framework/src/Illuminate/Session/Middleware/StartSession.php(144): tap()
#15 /home/winston/Documents/projects/laravel-article-cms-Rest-API/vendor/laravel/framework/src/Illuminate/Session/Middleware/StartSession.php(116): Illuminate\\Session\\Middleware\\StartSession->startSession()
#16 /home/winston/Documents/projects/laravel-article-cms-Rest-API/vendor/laravel/framework/src/Illuminate/Session/Middleware/StartSession.php(64): Illuminate\\Session\\Middleware\\StartSession->handleStatefulRequest()
#17 /home/winston/Documents/projects/laravel-article-cms-Rest-API/vendor/laravel/framework/src/Illuminate/Pipeline/Pipeline.php(209): Illuminate\\Session\\Middleware\\StartSession->handle()
#18 /home/winston/Documents/projects/laravel-article-cms-Rest-API/vendor/laravel/framework/src/Illuminate/Cookie/Middleware/AddQueuedCookiesToResponse.php(37): Illuminate\\Pipeline\\Pipeline->{closure:{closure:Illuminate\\Pipeline\\Pipeline::carry():184}:185}()
#19 /home/winston/Documents/projects/laravel-article-cms-Rest-API/vendor/laravel/framework/src/Illuminate/Pipeline/Pipeline.php(209): Illuminate\\Cookie\\Middleware\\AddQueuedCookiesToResponse->handle()
#20 /home/winston/Documents/projects/laravel-article-cms-Rest-API/vendor/laravel/framework/src/Illuminate/Cookie/Middleware/EncryptCookies.php(75): Illuminate\\Pipeline\\Pipeline->{closure:{closure:Illuminate\\Pipeline\\Pipeline::carry():184}:185}()
#21 /home/winston/Documents/projects/laravel-article-cms-Rest-API/vendor/laravel/framework/src/Illuminate/Pipeline/Pipeline.php(209): Illuminate\\Cookie\\Middleware\\EncryptCookies->handle()
#22 /home/winston/Documents/projects/laravel-article-cms-Rest-API/vendor/laravel/framework/src/Illuminate/Pipeline/Pipeline.php(127): Illuminate\\Pipeline\\Pipeline->{closure:{closure:Illuminate\\Pipeline\\Pipeline::carry():184}:185}()
#23 /home/winston/Documents/projects/laravel-article-cms-Rest-API/vendor/laravel/framework/src/Illuminate/Routing/Router.php(807): Illuminate\\Pipeline\\Pipeline->then()
#24 /home/winston/Documents/projects/laravel-article-cms-Rest-API/vendor/laravel/framework/src/Illuminate/Routing/Router.php(786): Illuminate\\Routing\\Router->runRouteWithinStack()
#25 /home/winston/Documents/projects/laravel-article-cms-Rest-API/vendor/laravel/framework/src/Illuminate/Routing/Router.php(750): Illuminate\\Routing\\Router->runRoute()
#26 /home/winston/Documents/projects/laravel-article-cms-Rest-API/vendor/laravel/framework/src/Illuminate/Routing/Router.php(739): Illuminate\\Routing\\Router->dispatchToRoute()
#27 /home/winston/Documents/projects/laravel-article-cms-Rest-API/vendor/laravel/framework/src/Illuminate/Foundation/Http/Kernel.php(201): Illuminate\\Routing\\Router->dispatch()
#28 /home/winston/Documents/projects/laravel-article-cms-Rest-API/vendor/laravel/framework/src/Illuminate/Pipeline/Pipeline.php(170): Illuminate\\Foundation\\Http\\Kernel->{closure:Illuminate\\Foundation\\Http\\Kernel::dispatchToRouter():198}()
#29 /home/winston/Documents/projects/laravel-article-cms-Rest-API/app/Http/Middleware/CorsMiddleware.php(26): Illuminate\\Pipeline\\Pipeline->{closure:Illuminate\\Pipeline\\Pipeline::prepareDestination():168}()
#30 /home/winston/Documents/projects/laravel-article-cms-Rest-API/vendor/laravel/framework/src/Illuminate/Pipeline/Pipeline.php(209): App\\Http\\Middleware\\CorsMiddleware->handle()
#31 /home/winston/Documents/projects/laravel-article-cms-Rest-API/vendor/laravel/framework/src/Illuminate/Foundation/Http/Middleware/TransformsRequest.php(21): Illuminate\\Pipeline\\Pipeline->{closure:{closure:Illuminate\\Pipeline\\Pipeline::carry():184}:185}()
#32 /home/winston/Documents/projects/laravel-article-cms-Rest-API/vendor/laravel/framework/src/Illuminate/Foundation/Http/Middleware/ConvertEmptyStringsToNull.php(31): Illuminate\\Foundation\\Http\\Middleware\\TransformsRequest->handle()
#33 /home/winston/Documents/projects/laravel-article-cms-Rest-API/vendor/laravel/framework/src/Illuminate/Pipeline/Pipeline.php(209): Illuminate\\Foundation\\Http\\Middleware\\ConvertEmptyStringsToNull->handle()
#34 /home/winston/Documents/projects/laravel-article-cms-Rest-API/vendor/laravel/framework/src/Illuminate/Foundation/Http/Middleware/TransformsRequest.php(21): Illuminate\\Pipeline\\Pipeline->{closure:{closure:Illuminate\\Pipeline\\Pipeline::carry():184}:185}()
#35 /home/winston/Documents/projects/laravel-article-cms-Rest-API/vendor/laravel/framework/src/Illuminate/Foundation/Http/Middleware/TrimStrings.php(51): Illuminate\\Foundation\\Http\\Middleware\\TransformsRequest->handle()
#36 /home/winston/Documents/projects/laravel-article-cms-Rest-API/vendor/laravel/framework/src/Illuminate/Pipeline/Pipeline.php(209): Illuminate\\Foundation\\Http\\Middleware\\TrimStrings->handle()
#37 /home/winston/Documents/projects/laravel-article-cms-Rest-API/vendor/laravel/framework/src/Illuminate/Http/Middleware/ValidatePostSize.php(27): Illuminate\\Pipeline\\Pipeline->{closure:{closure:Illuminate\\Pipeline\\Pipeline::carry():184}:185}()
#38 /home/winston/Documents/projects/laravel-article-cms-Rest-API/vendor/laravel/framework/src/Illuminate/Pipeline/Pipeline.php(209): Illuminate\\Http\\Middleware\\ValidatePostSize->handle()
#39 /home/winston/Documents/projects/laravel-article-cms-Rest-API/vendor/laravel/framework/src/Illuminate/Foundation/Http/Middleware/PreventRequestsDuringMaintenance.php(110): Illuminate\\Pipeline\\Pipeline->{closure:{closure:Illuminate\\Pipeline\\Pipeline::carry():184}:185}()
#40 /home/winston/Documents/projects/laravel-article-cms-Rest-API/vendor/laravel/framework/src/Illuminate/Pipeline/Pipeline.php(209): Illuminate\\Foundation\\Http\\Middleware\\PreventRequestsDuringMaintenance->handle()
#41 /home/winston/Documents/projects/laravel-article-cms-Rest-API/vendor/laravel/framework/src/Illuminate/Http/Middleware/HandleCors.php(49): Illuminate\\Pipeline\\Pipeline->{closure:{closure:Illuminate\\Pipeline\\Pipeline::carry():184}:185}()
#42 /home/winston/Documents/projects/laravel-article-cms-Rest-API/vendor/laravel/framework/src/Illuminate/Pipeline/Pipeline.php(209): Illuminate\\Http\\Middleware\\HandleCors->handle()
#43 /home/winston/Documents/projects/laravel-article-cms-Rest-API/vendor/laravel/framework/src/Illuminate/Http/Middleware/TrustProxies.php(58): Illuminate\\Pipeline\\Pipeline->{closure:{closure:Illuminate\\Pipeline\\Pipeline::carry():184}:185}()
#44 /home/winston/Documents/projects/laravel-article-cms-Rest-API/vendor/laravel/framework/src/Illuminate/Pipeline/Pipeline.php(209): Illuminate\\Http\\Middleware\\TrustProxies->handle()
#45 /home/winston/Documents/projects/laravel-article-cms-Rest-API/vendor/laravel/framework/src/Illuminate/Foundation/Http/Middleware/InvokeDeferredCallbacks.php(22): Illuminate\\Pipeline\\Pipeline->{closure:{closure:Illuminate\\Pipeline\\Pipeline::carry():184}:185}()
#46 /home/winston/Documents/projects/laravel-article-cms-Rest-API/vendor/laravel/framework/src/Illuminate/Pipeline/Pipeline.php(209): Illuminate\\Foundation\\Http\\Middleware\\InvokeDeferredCallbacks->handle()
#47 /home/winston/Documents/projects/laravel-article-cms-Rest-API/vendor/laravel/framework/src/Illuminate/Pipeline/Pipeline.php(127): Illuminate\\Pipeline\\Pipeline->{closure:{closure:Illuminate\\Pipeline\\Pipeline::carry():184}:185}()
#48 /home/winston/Documents/projects/laravel-article-cms-Rest-API/vendor/laravel/framework/src/Illuminate/Foundation/Http/Kernel.php(176): Illuminate\\Pipeline\\Pipeline->then()
#49 /home/winston/Documents/projects/laravel-article-cms-Rest-API/vendor/laravel/framework/src/Illuminate/Foundation/Http/Kernel.php(145): Illuminate\\Foundation\\Http\\Kernel->sendRequestThroughRouter()
#50 /home/winston/Documents/projects/laravel-article-cms-Rest-API/public/index.php(21): Illuminate\\Foundation\\Http\\Kernel->handle()
#51 /home/winston/Documents/projects/laravel-article-cms-Rest-API/vendor/laravel/framework/src/Illuminate/Foundation/resources/server.php(23): require_once('...')
#52 {main}

[previous exception] [object] (PDOException(code: 0): could not find driver at /home/winston/Documents/projects/laravel-article-cms-Rest-API/vendor/laravel/framework/src/Illuminate/Database/Connectors/Connector.php:67)
[stacktrace]
#0 /home/winston/Documents/projects/laravel-article-cms-Rest-API/vendor/laravel/framework/src/Illuminate/Database/Connectors/Connector.php(67): PDO::connect()
#1 /home/winston/Documents/projects/laravel-article-cms-Rest-API/vendor/laravel/framework/src/Illuminate/Database/Connectors/Connector.php(44): Illuminate\\Database\\Connectors\\Connector->createPdoConnection()
#2 /home/winston/Documents/projects/laravel-article-cms-Rest-API/vendor/laravel/framework/src/Illuminate/Database/Connectors/PostgresConnector.php(35): Illuminate\\Database\\Connectors\\Connector->createConnection()
#3 /home/winston/Documents/projects/laravel-article-cms-Rest-API/vendor/laravel/framework/src/Illuminate/Database/Connectors/ConnectionFactory.php(185): Illuminate\\Database\\Connectors\\PostgresConnector->connect()
#4 [internal function]: Illuminate\\Database\\Connectors\\ConnectionFactory->{closure:Illuminate\\Database\\Connectors\\ConnectionFactory::createPdoResolverWithHosts():180}()
#5 /home/winston/Documents/projects/laravel-article-cms-Rest-API/vendor/laravel/framework/src/Illuminate/Database/Connection.php(1231): call_user_func()
#6 /home/winston/Documents/projects/laravel-article-cms-Rest-API/vendor/laravel/framework/src/Illuminate/Database/Connection.php(512): Illuminate\\Database\\Connection->getPdo()
#7 /home/winston/Documents/projects/laravel-article-cms-Rest-API/vendor/laravel/framework/src/Illuminate/Database/Connection.php(407): Illuminate\\Database\\Connection->getPdoForSelect()
#8 /home/winston/Documents/projects/laravel-article-cms-Rest-API/vendor/laravel/framework/src/Illuminate/Database/Connection.php(812): Illuminate\\Database\\Connection->{closure:Illuminate\\Database\\Connection::select():398}()
#9 /home/winston/Documents/projects/laravel-article-cms-Rest-API/vendor/laravel/framework/src/Illuminate/Database/Connection.php(779): Illuminate\\Database\\Connection->runQueryCallback()
#10 /home/winston/Documents/projects/laravel-article-cms-Rest-API/vendor/laravel/framework/src/Illuminate/Database/Connection.php(398): Illuminate\\Database\\Connection->run()
#11 /home/winston/Documents/projects/laravel-article-cms-Rest-API/vendor/laravel/framework/src/Illuminate/Database/Query/Builder.php(3106): Illuminate\\Database\\Connection->select()
#12 /home/winston/Documents/projects/laravel-article-cms-Rest-API/vendor/laravel/framework/src/Illuminate/Database/Query/Builder.php(3091): Illuminate\\Database\\Query\\Builder->runSelect()
#13 /home/winston/Documents/projects/laravel-article-cms-Rest-API/vendor/laravel/framework/src/Illuminate/Database/Query/Builder.php(3676): Illuminate\\Database\\Query\\Builder->{closure:Illuminate\\Database\\Query\\Builder::get():3090}()
#14 /home/winston/Documents/projects/laravel-article-cms-Rest-API/vendor/laravel/framework/src/Illuminate/Database/Query/Builder.php(3090): Illuminate\\Database\\Query\\Builder->onceWithColumns()
#15 /home/winston/Documents/projects/laravel-article-cms-Rest-API/vendor/laravel/framework/src/Illuminate/Database/Concerns/BuildsQueries.php(343): Illuminate\\Database\\Query\\Builder->get()
#16 /home/winston/Documents/projects/laravel-article-cms-Rest-API/vendor/laravel/framework/src/Illuminate/Database/Query/Builder.php(3013): Illuminate\\Database\\Query\\Builder->first()
#17 /home/winston/Documents/projects/laravel-article-cms-Rest-API/vendor/laravel/framework/src/Illuminate/Session/DatabaseSessionHandler.php(97): Illuminate\\Database\\Query\\Builder->find()
#18 /home/winston/Documents/projects/laravel-article-cms-Rest-API/vendor/laravel/framework/src/Illuminate/Session/Store.php(117): Illuminate\\Session\\DatabaseSessionHandler->read()
#19 /home/winston/Documents/projects/laravel-article-cms-Rest-API/vendor/laravel/framework/src/Illuminate/Session/Store.php(105): Illuminate\\Session\\Store->readFromHandler()
#20 /home/winston/Documents/projects/laravel-article-cms-Rest-API/vendor/laravel/framework/src/Illuminate/Session/Store.php(89): Illuminate\\Session\\Store->loadSession()
#21 /home/winston/Documents/projects/laravel-article-cms-Rest-API/vendor/laravel/framework/src/Illuminate/Session/Middleware/StartSession.php(147): Illuminate\\Session\\Store->start()
#22 /home/winston/Documents/projects/laravel-article-cms-Rest-API/vendor/laravel/framework/src/Illuminate/Support/helpers.php(399): Illuminate\\Session\\Middleware\\StartSession->{closure:Illuminate\\Session\\Middleware\\StartSession::startSession():144}()
#23 /home/winston/Documents/projects/laravel-article-cms-Rest-API/vendor/laravel/framework/src/Illuminate/Session/Middleware/StartSession.php(144): tap()
#24 /home/winston/Documents/projects/laravel-article-cms-Rest-API/vendor/laravel/framework/src/Illuminate/Session/Middleware/StartSession.php(116): Illuminate\\Session\\Middleware\\StartSession->startSession()
#25 /home/winston/Documents/projects/laravel-article-cms-Rest-API/vendor/laravel/framework/src/Illuminate/Session/Middleware/StartSession.php(64): Illuminate\\Session\\Middleware\\StartSession->handleStatefulRequest()
#26 /home/winston/Documents/projects/laravel-article-cms-Rest-API/vendor/laravel/framework/src/Illuminate/Pipeline/Pipeline.php(209): Illuminate\\Session\\Middleware\\StartSession->handle()
#27 /home/winston/Documents/projects/laravel-article-cms-Rest-API/vendor/laravel/framework/src/Illuminate/Cookie/Middleware/AddQueuedCookiesToResponse.php(37): Illuminate\\Pipeline\\Pipeline->{closure:{closure:Illuminate\\Pipeline\\Pipeline::carry():184}:185}()
#28 /home/winston/Documents/projects/laravel-article-cms-Rest-API/vendor/laravel/framework/src/Illuminate/Pipeline/Pipeline.php(209): Illuminate\\Cookie\\Middleware\\AddQueuedCookiesToResponse->handle()
#29 /home/winston/Documents/projects/laravel-article-cms-Rest-API/vendor/laravel/framework/src/Illuminate/Cookie/Middleware/EncryptCookies.php(75): Illuminate\\Pipeline\\Pipeline->{closure:{closure:Illuminate\\Pipeline\\Pipeline::carry():184}:185}()
#30 /home/winston/Documents/projects/laravel-article-cms-Rest-API/vendor/laravel/framework/src/Illuminate/Pipeline/Pipeline.php(209): Illuminate\\Cookie\\Middleware\\EncryptCookies->handle()
#31 /home/winston/Documents/projects/laravel-article-cms-Rest-API/vendor/laravel/framework/src/Illuminate/Pipeline/Pipeline.php(127): Illuminate\\Pipeline\\Pipeline->{closure:{closure:Illuminate\\Pipeline\\Pipeline::carry():184}:185}()
#32 /home/winston/Documents/projects/laravel-article-cms-Rest-API/vendor/laravel/framework/src/Illuminate/Routing/Router.php(807): Illuminate\\Pipeline\\Pipeline->then()
#33 /home/winston/Documents/projects/laravel-article-cms-Rest-API/vendor/laravel/framework/src/Illuminate/Routing/Router.php(786): Illuminate\\Routing\\Router->runRouteWithinStack()
#34 /home/winston/Documents/projects/laravel-article-cms-Rest-API/vendor/laravel/framework/src/Illuminate/Routing/Router.php(750): Illuminate\\Routing\\Router->runRoute()
#35 /home/winston/Documents/projects/laravel-article-cms-Rest-API/vendor/laravel/framework/src/Illuminate/Routing/Router.php(739): Illuminate\\Routing\\Router->dispatchToRoute()
#36 /home/winston/Documents/projects/laravel-article-cms-Rest-API/vendor/laravel/framework/src/Illuminate/Foundation/Http/Kernel.php(201): Illuminate\\Routing\\Router->dispatch()
#37 /home/winston/Documents/projects/laravel-article-cms-Rest-API/vendor/laravel/framework/src/Illuminate/Pipeline/Pipeline.php(170): Illuminate\\Foundation\\Http\\Kernel->{closure:Illuminate\\Foundation\\Http\\Kernel::dispatchToRouter():198}()
#38 /home/winston/Documents/projects/laravel-article-cms-Rest-API/app/Http/Middleware/CorsMiddleware.php(26): Illuminate\\Pipeline\\Pipeline->{closure:Illuminate\\Pipeline\\Pipeline::prepareDestination():168}()
#39 /home/winston/Documents/projects/laravel-article-cms-Rest-API/vendor/laravel/framework/src/Illuminate/Pipeline/Pipeline.php(209): App\\Http\\Middleware\\CorsMiddleware->handle()
#40 /home/winston/Documents/projects/laravel-article-cms-Rest-API/vendor/laravel/framework/src/Illuminate/Foundation/Http/Middleware/TransformsRequest.php(21): Illuminate\\Pipeline\\Pipeline->{closure:{closure:Illuminate\\Pipeline\\Pipeline::carry():184}:185}()
#41 /home/winston/Documents/projects/laravel-article-cms-Rest-API/vendor/laravel/framework/src/Illuminate/Foundation/Http/Middleware/ConvertEmptyStringsToNull.php(31): Illuminate\\Foundation\\Http\\Middleware\\TransformsRequest->handle()
#42 /home/winston/Documents/projects/laravel-article-cms-Rest-API/vendor/laravel/framework/src/Illuminate/Pipeline/Pipeline.php(209): Illuminate\\Foundation\\Http\\Middleware\\ConvertEmptyStringsToNull->handle()
#43 /home/winston/Documents/projects/laravel-article-cms-Rest-API/vendor/laravel/framework/src/Illuminate/Foundation/Http/Middleware/TransformsRequest.php(21): Illuminate\\Pipeline\\Pipeline->{closure:{closure:Illuminate\\Pipeline\\Pipeline::carry():184}:185}()
#44 /home/winston/Documents/projects/laravel-article-cms-Rest-API/vendor/laravel/framework/src/Illuminate/Foundation/Http/Middleware/TrimStrings.php(51): Illuminate\\Foundation\\Http\\Middleware\\TransformsRequest->handle()
#45 /home/winston/Documents/projects/laravel-article-cms-Rest-API/vendor/laravel/framework/src/Illuminate/Pipeline/Pipeline.php(209): Illuminate\\Foundation\\Http\\Middleware\\TrimStrings->handle()
#46 /home/winston/Documents/projects/laravel-article-cms-Rest-API/vendor/laravel/framework/src/Illuminate/Http/Middleware/ValidatePostSize.php(27): Illuminate\\Pipeline\\Pipeline->{closure:{closure:Illuminate\\Pipeline\\Pipeline::carry():184}:185}()
#47 /home/winston/Documents/projects/laravel-article-cms-Rest-API/vendor/laravel/framework/src/Illuminate/Pipeline/Pipeline.php(209): Illuminate\\Http\\Middleware\\ValidatePostSize->handle()
#48 /home/winston/Documents/projects/laravel-article-cms-Rest-API/vendor/laravel/framework/src/Illuminate/Foundation/Http/Middleware/PreventRequestsDuringMaintenance.php(110): Illuminate\\Pipeline\\Pipeline->{closure:{closure:Illuminate\\Pipeline\\Pipeline::carry():184}:185}()
#49 /home/winston/Documents/projects/laravel-article-cms-Rest-API/vendor/laravel/framework/src/Illuminate/Pipeline/Pipeline.php(209): Illuminate\\Foundation\\Http\\Middleware\\PreventRequestsDuringMaintenance->handle()
#50 /home/winston/Documents/projects/laravel-article-cms-Rest-API/vendor/laravel/framework/src/Illuminate/Http/Middleware/HandleCors.php(49): Illuminate\\Pipeline\\Pipeline->{closure:{closure:Illuminate\\Pipeline\\Pipeline::carry():184}:185}()
#51 /home/winston/Documents/projects/laravel-article-cms-Rest-API/vendor/laravel/framework/src/Illuminate/Pipeline/Pipeline.php(209): Illuminate\\Http\\Middleware\\HandleCors->handle()
#52 /home/winston/Documents/projects/laravel-article-cms-Rest-API/vendor/laravel/framework/src/Illuminate/Http/Middleware/TrustProxies.php(58): Illuminate\\Pipeline\\Pipeline->{closure:{closure:Illuminate\\Pipeline\\Pipeline::carry():184}:185}()
#53 /home/winston/Documents/projects/laravel-article-cms-Rest-API/vendor/laravel/framework/src/Illuminate/Pipeline/Pipeline.php(209): Illuminate\\Http\\Middleware\\TrustProxies->handle()
#54 /home/winston/Documents/projects/laravel-article-cms-Rest-API/vendor/laravel/framework/src/Illuminate/Foundation/Http/Middleware/InvokeDeferredCallbacks.php(22): Illuminate\\Pipeline\\Pipeline->{closure:{closure:Illuminate\\Pipeline\\Pipeline::carry():184}:185}()
#55 /home/winston/Documents/projects/laravel-article-cms-Rest-API/vendor/laravel/framework/src/Illuminate/Pipeline/Pipeline.php(209): Illuminate\\Foundation\\Http\\Middleware\\InvokeDeferredCallbacks->handle()
#56 /home/winston/Documents/projects/laravel-article-cms-Rest-API/vendor/laravel/framework/src/Illuminate/Pipeline/Pipeline.php(127): Illuminate\\Pipeline\\Pipeline->{closure:{closure:Illuminate\\Pipeline\\Pipeline::carry():184}:185}()
#57 /home/winston/Documents/projects/laravel-article-cms-Rest-API/vendor/laravel/framework/src/Illuminate/Foundation/Http/Kernel.php(176): Illuminate\\Pipeline\\Pipeline->then()
#58 /home/winston/Documents/projects/laravel-article-cms-Rest-API/vendor/laravel/framework/src/Illuminate/Foundation/Http/Kernel.php(145): Illuminate\\Foundation\\Http\\Kernel->sendRequestThroughRouter()
#59 /home/winston/Documents/projects/laravel-article-cms-Rest-API/public/index.php(21): Illuminate\\Foundation\\Http\\Kernel->handle()
#60 /home/winston/Documents/projects/laravel-article-cms-Rest-API/vendor/laravel/framework/src/Illuminate/Foundation/resources/server.php(23): require_once('...')
#61 {main}
"} 
[2025-06-12 04:33:05] local.INFO: Request Origin:   
[2025-06-12 04:33:05] local.ERROR: SQLSTATE[08006] [7] could not translate host name "db.your_project_id.supabase.co" to address: Name or service not known (Connection: pgsql, SQL: select * from "sessions" where "id" = 50hmC9uWJA4209YWvDMBF2J6zVAZImKHdLu5vAwR limit 1) {"exception":"[object] (Illuminate\\Database\\QueryException(code: 7): SQLSTATE[08006] [7] could not translate host name \"db.your_project_id.supabase.co\" to address: Name or service not known (Connection: pgsql, SQL: select * from \"sessions\" where \"id\" = 50hmC9uWJA4209YWvDMBF2J6zVAZImKHdLu5vAwR limit 1) at /home/winston/Documents/projects/laravel-article-cms-Rest-API/vendor/laravel/framework/src/Illuminate/Database/Connection.php:825)
[stacktrace]
#0 /home/winston/Documents/projects/laravel-article-cms-Rest-API/vendor/laravel/framework/src/Illuminate/Database/Connection.php(979): Illuminate\\Database\\Connection->runQueryCallback()
#1 /home/winston/Documents/projects/laravel-article-cms-Rest-API/vendor/laravel/framework/src/Illuminate/Database/Connection.php(958): Illuminate\\Database\\Connection->tryAgainIfCausedByLostConnection()
#2 /home/winston/Documents/projects/laravel-article-cms-Rest-API/vendor/laravel/framework/src/Illuminate/Database/Connection.php(781): Illuminate\\Database\\Connection->handleQueryException()
#3 /home/winston/Documents/projects/laravel-article-cms-Rest-API/vendor/laravel/framework/src/Illuminate/Database/Connection.php(398): Illuminate\\Database\\Connection->run()
#4 /home/winston/Documents/projects/laravel-article-cms-Rest-API/vendor/laravel/framework/src/Illuminate/Database/Query/Builder.php(3106): Illuminate\\Database\\Connection->select()
#5 /home/winston/Documents/projects/laravel-article-cms-Rest-API/vendor/laravel/framework/src/Illuminate/Database/Query/Builder.php(3091): Illuminate\\Database\\Query\\Builder->runSelect()
#6 /home/winston/Documents/projects/laravel-article-cms-Rest-API/vendor/laravel/framework/src/Illuminate/Database/Query/Builder.php(3676): Illuminate\\Database\\Query\\Builder->{closure:Illuminate\\Database\\Query\\Builder::get():3090}()
#7 /home/winston/Documents/projects/laravel-article-cms-Rest-API/vendor/laravel/framework/src/Illuminate/Database/Query/Builder.php(3090): Illuminate\\Database\\Query\\Builder->onceWithColumns()
#8 /home/winston/Documents/projects/laravel-article-cms-Rest-API/vendor/laravel/framework/src/Illuminate/Database/Concerns/BuildsQueries.php(343): Illuminate\\Database\\Query\\Builder->get()
#9 /home/winston/Documents/projects/laravel-article-cms-Rest-API/vendor/laravel/framework/src/Illuminate/Database/Query/Builder.php(3013): Illuminate\\Database\\Query\\Builder->first()
#10 /home/winston/Documents/projects/laravel-article-cms-Rest-API/vendor/laravel/framework/src/Illuminate/Session/DatabaseSessionHandler.php(97): Illuminate\\Database\\Query\\Builder->find()
#11 /home/winston/Documents/projects/laravel-article-cms-Rest-API/vendor/laravel/framework/src/Illuminate/Session/Store.php(117): Illuminate\\Session\\DatabaseSessionHandler->read()
#12 /home/winston/Documents/projects/laravel-article-cms-Rest-API/vendor/laravel/framework/src/Illuminate/Session/Store.php(105): Illuminate\\Session\\Store->readFromHandler()
#13 /home/winston/Documents/projects/laravel-article-cms-Rest-API/vendor/laravel/framework/src/Illuminate/Session/Store.php(89): Illuminate\\Session\\Store->loadSession()
#14 /home/winston/Documents/projects/laravel-article-cms-Rest-API/vendor/laravel/framework/src/Illuminate/Session/Middleware/StartSession.php(147): Illuminate\\Session\\Store->start()
#15 /home/winston/Documents/projects/laravel-article-cms-Rest-API/vendor/laravel/framework/src/Illuminate/Support/helpers.php(399): Illuminate\\Session\\Middleware\\StartSession->{closure:Illuminate\\Session\\Middleware\\StartSession::startSession():144}()
#16 /home/winston/Documents/projects/laravel-article-cms-Rest-API/vendor/laravel/framework/src/Illuminate/Session/Middleware/StartSession.php(144): tap()
#17 /home/winston/Documents/projects/laravel-article-cms-Rest-API/vendor/laravel/framework/src/Illuminate/Session/Middleware/StartSession.php(116): Illuminate\\Session\\Middleware\\StartSession->startSession()
#18 /home/winston/Documents/projects/laravel-article-cms-Rest-API/vendor/laravel/framework/src/Illuminate/Session/Middleware/StartSession.php(64): Illuminate\\Session\\Middleware\\StartSession->handleStatefulRequest()
#19 /home/winston/Documents/projects/laravel-article-cms-Rest-API/vendor/laravel/framework/src/Illuminate/Pipeline/Pipeline.php(209): Illuminate\\Session\\Middleware\\StartSession->handle()
#20 /home/winston/Documents/projects/laravel-article-cms-Rest-API/vendor/laravel/framework/src/Illuminate/Cookie/Middleware/AddQueuedCookiesToResponse.php(37): Illuminate\\Pipeline\\Pipeline->{closure:{closure:Illuminate\\Pipeline\\Pipeline::carry():184}:185}()
#21 /home/winston/Documents/projects/laravel-article-cms-Rest-API/vendor/laravel/framework/src/Illuminate/Pipeline/Pipeline.php(209): Illuminate\\Cookie\\Middleware\\AddQueuedCookiesToResponse->handle()
#22 /home/winston/Documents/projects/laravel-article-cms-Rest-API/vendor/laravel/framework/src/Illuminate/Cookie/Middleware/EncryptCookies.php(75): Illuminate\\Pipeline\\Pipeline->{closure:{closure:Illuminate\\Pipeline\\Pipeline::carry():184}:185}()
#23 /home/winston/Documents/projects/laravel-article-cms-Rest-API/vendor/laravel/framework/src/Illuminate/Pipeline/Pipeline.php(209): Illuminate\\Cookie\\Middleware\\EncryptCookies->handle()
#24 /home/winston/Documents/projects/laravel-article-cms-Rest-API/vendor/laravel/framework/src/Illuminate/Pipeline/Pipeline.php(127): Illuminate\\Pipeline\\Pipeline->{closure:{closure:Illuminate\\Pipeline\\Pipeline::carry():184}:185}()
#25 /home/winston/Documents/projects/laravel-article-cms-Rest-API/vendor/laravel/framework/src/Illuminate/Routing/Router.php(807): Illuminate\\Pipeline\\Pipeline->then()
#26 /home/winston/Documents/projects/laravel-article-cms-Rest-API/vendor/laravel/framework/src/Illuminate/Routing/Router.php(786): Illuminate\\Routing\\Router->runRouteWithinStack()
#27 /home/winston/Documents/projects/laravel-article-cms-Rest-API/vendor/laravel/framework/src/Illuminate/Routing/Router.php(750): Illuminate\\Routing\\Router->runRoute()
#28 /home/winston/Documents/projects/laravel-article-cms-Rest-API/vendor/laravel/framework/src/Illuminate/Routing/Router.php(739): Illuminate\\Routing\\Router->dispatchToRoute()
#29 /home/winston/Documents/projects/laravel-article-cms-Rest-API/vendor/laravel/framework/src/Illuminate/Foundation/Http/Kernel.php(201): Illuminate\\Routing\\Router->dispatch()
#30 /home/winston/Documents/projects/laravel-article-cms-Rest-API/vendor/laravel/framework/src/Illuminate/Pipeline/Pipeline.php(170): Illuminate\\Foundation\\Http\\Kernel->{closure:Illuminate\\Foundation\\Http\\Kernel::dispatchToRouter():198}()
#31 /home/winston/Documents/projects/laravel-article-cms-Rest-API/app/Http/Middleware/CorsMiddleware.php(26): Illuminate\\Pipeline\\Pipeline->{closure:Illuminate\\Pipeline\\Pipeline::prepareDestination():168}()
#32 /home/winston/Documents/projects/laravel-article-cms-Rest-API/vendor/laravel/framework/src/Illuminate/Pipeline/Pipeline.php(209): App\\Http\\Middleware\\CorsMiddleware->handle()
#33 /home/winston/Documents/projects/laravel-article-cms-Rest-API/vendor/laravel/framework/src/Illuminate/Foundation/Http/Middleware/TransformsRequest.php(21): Illuminate\\Pipeline\\Pipeline->{closure:{closure:Illuminate\\Pipeline\\Pipeline::carry():184}:185}()
#34 /home/winston/Documents/projects/laravel-article-cms-Rest-API/vendor/laravel/framework/src/Illuminate/Foundation/Http/Middleware/ConvertEmptyStringsToNull.php(31): Illuminate\\Foundation\\Http\\Middleware\\TransformsRequest->handle()
#35 /home/winston/Documents/projects/laravel-article-cms-Rest-API/vendor/laravel/framework/src/Illuminate/Pipeline/Pipeline.php(209): Illuminate\\Foundation\\Http\\Middleware\\ConvertEmptyStringsToNull->handle()
#36 /home/winston/Documents/projects/laravel-article-cms-Rest-API/vendor/laravel/framework/src/Illuminate/Foundation/Http/Middleware/TransformsRequest.php(21): Illuminate\\Pipeline\\Pipeline->{closure:{closure:Illuminate\\Pipeline\\Pipeline::carry():184}:185}()
#37 /home/winston/Documents/projects/laravel-article-cms-Rest-API/vendor/laravel/framework/src/Illuminate/Foundation/Http/Middleware/TrimStrings.php(51): Illuminate\\Foundation\\Http\\Middleware\\TransformsRequest->handle()
#38 /home/winston/Documents/projects/laravel-article-cms-Rest-API/vendor/laravel/framework/src/Illuminate/Pipeline/Pipeline.php(209): Illuminate\\Foundation\\Http\\Middleware\\TrimStrings->handle()
#39 /home/winston/Documents/projects/laravel-article-cms-Rest-API/vendor/laravel/framework/src/Illuminate/Http/Middleware/ValidatePostSize.php(27): Illuminate\\Pipeline\\Pipeline->{closure:{closure:Illuminate\\Pipeline\\Pipeline::carry():184}:185}()
#40 /home/winston/Documents/projects/laravel-article-cms-Rest-API/vendor/laravel/framework/src/Illuminate/Pipeline/Pipeline.php(209): Illuminate\\Http\\Middleware\\ValidatePostSize->handle()
#41 /home/winston/Documents/projects/laravel-article-cms-Rest-API/vendor/laravel/framework/src/Illuminate/Foundation/Http/Middleware/PreventRequestsDuringMaintenance.php(110): Illuminate\\Pipeline\\Pipeline->{closure:{closure:Illuminate\\Pipeline\\Pipeline::carry():184}:185}()
#42 /home/winston/Documents/projects/laravel-article-cms-Rest-API/vendor/laravel/framework/src/Illuminate/Pipeline/Pipeline.php(209): Illuminate\\Foundation\\Http\\Middleware\\PreventRequestsDuringMaintenance->handle()
#43 /home/winston/Documents/projects/laravel-article-cms-Rest-API/vendor/laravel/framework/src/Illuminate/Http/Middleware/HandleCors.php(49): Illuminate\\Pipeline\\Pipeline->{closure:{closure:Illuminate\\Pipeline\\Pipeline::carry():184}:185}()
#44 /home/winston/Documents/projects/laravel-article-cms-Rest-API/vendor/laravel/framework/src/Illuminate/Pipeline/Pipeline.php(209): Illuminate\\Http\\Middleware\\HandleCors->handle()
#45 /home/winston/Documents/projects/laravel-article-cms-Rest-API/vendor/laravel/framework/src/Illuminate/Http/Middleware/TrustProxies.php(58): Illuminate\\Pipeline\\Pipeline->{closure:{closure:Illuminate\\Pipeline\\Pipeline::carry():184}:185}()
#46 /home/winston/Documents/projects/laravel-article-cms-Rest-API/vendor/laravel/framework/src/Illuminate/Pipeline/Pipeline.php(209): Illuminate\\Http\\Middleware\\TrustProxies->handle()
#47 /home/winston/Documents/projects/laravel-article-cms-Rest-API/vendor/laravel/framework/src/Illuminate/Foundation/Http/Middleware/InvokeDeferredCallbacks.php(22): Illuminate\\Pipeline\\Pipeline->{closure:{closure:Illuminate\\Pipeline\\Pipeline::carry():184}:185}()
#48 /home/winston/Documents/projects/laravel-article-cms-Rest-API/vendor/laravel/framework/src/Illuminate/Pipeline/Pipeline.php(209): Illuminate\\Foundation\\Http\\Middleware\\InvokeDeferredCallbacks->handle()
#49 /home/winston/Documents/projects/laravel-article-cms-Rest-API/vendor/laravel/framework/src/Illuminate/Pipeline/Pipeline.php(127): Illuminate\\Pipeline\\Pipeline->{closure:{closure:Illuminate\\Pipeline\\Pipeline::carry():184}:185}()
#50 /home/winston/Documents/projects/laravel-article-cms-Rest-API/vendor/laravel/framework/src/Illuminate/Foundation/Http/Kernel.php(176): Illuminate\\Pipeline\\Pipeline->then()
#51 /home/winston/Documents/projects/laravel-article-cms-Rest-API/vendor/laravel/framework/src/Illuminate/Foundation/Http/Kernel.php(145): Illuminate\\Foundation\\Http\\Kernel->sendRequestThroughRouter()
#52 /home/winston/Documents/projects/laravel-article-cms-Rest-API/public/index.php(21): Illuminate\\Foundation\\Http\\Kernel->handle()
#53 /home/winston/Documents/projects/laravel-article-cms-Rest-API/vendor/laravel/framework/src/Illuminate/Foundation/resources/server.php(23): require_once('...')
#54 {main}

[previous exception] [object] (PDOException(code: 7): SQLSTATE[08006] [7] could not translate host name \"db.your_project_id.supabase.co\" to address: Name or service not known at /home/winston/Documents/projects/laravel-article-cms-Rest-API/vendor/laravel/framework/src/Illuminate/Database/Connectors/Connector.php:67)
[stacktrace]
#0 /home/winston/Documents/projects/laravel-article-cms-Rest-API/vendor/laravel/framework/src/Illuminate/Database/Connectors/Connector.php(67): PDO::connect()
#1 /home/winston/Documents/projects/laravel-article-cms-Rest-API/vendor/laravel/framework/src/Illuminate/Database/Connectors/Connector.php(85): Illuminate\\Database\\Connectors\\Connector->createPdoConnection()
#2 /home/winston/Documents/projects/laravel-article-cms-Rest-API/vendor/laravel/framework/src/Illuminate/Database/Connectors/Connector.php(48): Illuminate\\Database\\Connectors\\Connector->tryAgainIfCausedByLostConnection()
#3 /home/winston/Documents/projects/laravel-article-cms-Rest-API/vendor/laravel/framework/src/Illuminate/Database/Connectors/PostgresConnector.php(35): Illuminate\\Database\\Connectors\\Connector->createConnection()
#4 /home/winston/Documents/projects/laravel-article-cms-Rest-API/vendor/laravel/framework/src/Illuminate/Database/Connectors/ConnectionFactory.php(185): Illuminate\\Database\\Connectors\\PostgresConnector->connect()
#5 [internal function]: Illuminate\\Database\\Connectors\\ConnectionFactory->{closure:Illuminate\\Database\\Connectors\\ConnectionFactory::createPdoResolverWithHosts():180}()
#6 /home/winston/Documents/projects/laravel-article-cms-Rest-API/vendor/laravel/framework/src/Illuminate/Database/Connection.php(1231): call_user_func()
#7 /home/winston/Documents/projects/laravel-article-cms-Rest-API/vendor/laravel/framework/src/Illuminate/Database/Connection.php(512): Illuminate\\Database\\Connection->getPdo()
#8 /home/winston/Documents/projects/laravel-article-cms-Rest-API/vendor/laravel/framework/src/Illuminate/Database/Connection.php(407): Illuminate\\Database\\Connection->getPdoForSelect()
#9 /home/winston/Documents/projects/laravel-article-cms-Rest-API/vendor/laravel/framework/src/Illuminate/Database/Connection.php(812): Illuminate\\Database\\Connection->{closure:Illuminate\\Database\\Connection::select():398}()
#10 /home/winston/Documents/projects/laravel-article-cms-Rest-API/vendor/laravel/framework/src/Illuminate/Database/Connection.php(979): Illuminate\\Database\\Connection->runQueryCallback()
#11 /home/winston/Documents/projects/laravel-article-cms-Rest-API/vendor/laravel/framework/src/Illuminate/Database/Connection.php(958): Illuminate\\Database\\Connection->tryAgainIfCausedByLostConnection()
#12 /home/winston/Documents/projects/laravel-article-cms-Rest-API/vendor/laravel/framework/src/Illuminate/Database/Connection.php(781): Illuminate\\Database\\Connection->handleQueryException()
#13 /home/winston/Documents/projects/laravel-article-cms-Rest-API/vendor/laravel/framework/src/Illuminate/Database/Connection.php(398): Illuminate\\Database\\Connection->run()
#14 /home/winston/Documents/projects/laravel-article-cms-Rest-API/vendor/laravel/framework/src/Illuminate/Database/Query/Builder.php(3106): Illuminate\\Database\\Connection->select()
#15 /home/winston/Documents/projects/laravel-article-cms-Rest-API/vendor/laravel/framework/src/Illuminate/Database/Query/Builder.php(3091): Illuminate\\Database\\Query\\Builder->runSelect()
#16 /home/winston/Documents/projects/laravel-article-cms-Rest-API/vendor/laravel/framework/src/Illuminate/Database/Query/Builder.php(3676): Illuminate\\Database\\Query\\Builder->{closure:Illuminate\\Database\\Query\\Builder::get():3090}()
#17 /home/winston/Documents/projects/laravel-article-cms-Rest-API/vendor/laravel/framework/src/Illuminate/Database/Query/Builder.php(3090): Illuminate\\Database\\Query\\Builder->onceWithColumns()
#18 /home/winston/Documents/projects/laravel-article-cms-Rest-API/vendor/laravel/framework/src/Illuminate/Database/Concerns/BuildsQueries.php(343): Illuminate\\Database\\Query\\Builder->get()
#19 /home/winston/Documents/projects/laravel-article-cms-Rest-API/vendor/laravel/framework/src/Illuminate/Database/Query/Builder.php(3013): Illuminate\\Database\\Query\\Builder->first()
#20 /home/winston/Documents/projects/laravel-article-cms-Rest-API/vendor/laravel/framework/src/Illuminate/Session/DatabaseSessionHandler.php(97): Illuminate\\Database\\Query\\Builder->find()
#21 /home/winston/Documents/projects/laravel-article-cms-Rest-API/vendor/laravel/framework/src/Illuminate/Session/Store.php(117): Illuminate\\Session\\DatabaseSessionHandler->read()
#22 /home/winston/Documents/projects/laravel-article-cms-Rest-API/vendor/laravel/framework/src/Illuminate/Session/Store.php(105): Illuminate\\Session\\Store->readFromHandler()
#23 /home/winston/Documents/projects/laravel-article-cms-Rest-API/vendor/laravel/framework/src/Illuminate/Session/Store.php(89): Illuminate\\Session\\Store->loadSession()
#24 /home/winston/Documents/projects/laravel-article-cms-Rest-API/vendor/laravel/framework/src/Illuminate/Session/Middleware/StartSession.php(147): Illuminate\\Session\\Store->start()
#25 /home/winston/Documents/projects/laravel-article-cms-Rest-API/vendor/laravel/framework/src/Illuminate/Support/helpers.php(399): Illuminate\\Session\\Middleware\\StartSession->{closure:Illuminate\\Session\\Middleware\\StartSession::startSession():144}()
#26 /home/winston/Documents/projects/laravel-article-cms-Rest-API/vendor/laravel/framework/src/Illuminate/Session/Middleware/StartSession.php(144): tap()
#27 /home/winston/Documents/projects/laravel-article-cms-Rest-API/vendor/laravel/framework/src/Illuminate/Session/Middleware/StartSession.php(116): Illuminate\\Session\\Middleware\\StartSession->startSession()
#28 /home/winston/Documents/projects/laravel-article-cms-Rest-API/vendor/laravel/framework/src/Illuminate/Session/Middleware/StartSession.php(64): Illuminate\\Session\\Middleware\\StartSession->handleStatefulRequest()
#29 /home/winston/Documents/projects/laravel-article-cms-Rest-API/vendor/laravel/framework/src/Illuminate/Pipeline/Pipeline.php(209): Illuminate\\Session\\Middleware\\StartSession->handle()
#30 /home/winston/Documents/projects/laravel-article-cms-Rest-API/vendor/laravel/framework/src/Illuminate/Cookie/Middleware/AddQueuedCookiesToResponse.php(37): Illuminate\\Pipeline\\Pipeline->{closure:{closure:Illuminate\\Pipeline\\Pipeline::carry():184}:185}()
#31 /home/winston/Documents/projects/laravel-article-cms-Rest-API/vendor/laravel/framework/src/Illuminate/Pipeline/Pipeline.php(209): Illuminate\\Cookie\\Middleware\\AddQueuedCookiesToResponse->handle()
#32 /home/winston/Documents/projects/laravel-article-cms-Rest-API/vendor/laravel/framework/src/Illuminate/Cookie/Middleware/EncryptCookies.php(75): Illuminate\\Pipeline\\Pipeline->{closure:{closure:Illuminate\\Pipeline\\Pipeline::carry():184}:185}()
#33 /home/winston/Documents/projects/laravel-article-cms-Rest-API/vendor/laravel/framework/src/Illuminate/Pipeline/Pipeline.php(209): Illuminate\\Cookie\\Middleware\\EncryptCookies->handle()
#34 /home/winston/Documents/projects/laravel-article-cms-Rest-API/vendor/laravel/framework/src/Illuminate/Pipeline/Pipeline.php(127): Illuminate\\Pipeline\\Pipeline->{closure:{closure:Illuminate\\Pipeline\\Pipeline::carry():184}:185}()
#35 /home/winston/Documents/projects/laravel-article-cms-Rest-API/vendor/laravel/framework/src/Illuminate/Routing/Router.php(807): Illuminate\\Pipeline\\Pipeline->then()
#36 /home/winston/Documents/projects/laravel-article-cms-Rest-API/vendor/laravel/framework/src/Illuminate/Routing/Router.php(786): Illuminate\\Routing\\Router->runRouteWithinStack()
#37 /home/winston/Documents/projects/laravel-article-cms-Rest-API/vendor/laravel/framework/src/Illuminate/Routing/Router.php(750): Illuminate\\Routing\\Router->runRoute()
#38 /home/winston/Documents/projects/laravel-article-cms-Rest-API/vendor/laravel/framework/src/Illuminate/Routing/Router.php(739): Illuminate\\Routing\\Router->dispatchToRoute()
#39 /home/winston/Documents/projects/laravel-article-cms-Rest-API/vendor/laravel/framework/src/Illuminate/Foundation/Http/Kernel.php(201): Illuminate\\Routing\\Router->dispatch()
#40 /home/winston/Documents/projects/laravel-article-cms-Rest-API/vendor/laravel/framework/src/Illuminate/Pipeline/Pipeline.php(170): Illuminate\\Foundation\\Http\\Kernel->{closure:Illuminate\\Foundation\\Http\\Kernel::dispatchToRouter():198}()
#41 /home/winston/Documents/projects/laravel-article-cms-Rest-API/app/Http/Middleware/CorsMiddleware.php(26): Illuminate\\Pipeline\\Pipeline->{closure:Illuminate\\Pipeline\\Pipeline::prepareDestination():168}()
#42 /home/winston/Documents/projects/laravel-article-cms-Rest-API/vendor/laravel/framework/src/Illuminate/Pipeline/Pipeline.php(209): App\\Http\\Middleware\\CorsMiddleware->handle()
#43 /home/winston/Documents/projects/laravel-article-cms-Rest-API/vendor/laravel/framework/src/Illuminate/Foundation/Http/Middleware/TransformsRequest.php(21): Illuminate\\Pipeline\\Pipeline->{closure:{closure:Illuminate\\Pipeline\\Pipeline::carry():184}:185}()
#44 /home/winston/Documents/projects/laravel-article-cms-Rest-API/vendor/laravel/framework/src/Illuminate/Foundation/Http/Middleware/ConvertEmptyStringsToNull.php(31): Illuminate\\Foundation\\Http\\Middleware\\TransformsRequest->handle()
#45 /home/winston/Documents/projects/laravel-article-cms-Rest-API/vendor/laravel/framework/src/Illuminate/Pipeline/Pipeline.php(209): Illuminate\\Foundation\\Http\\Middleware\\ConvertEmptyStringsToNull->handle()
#46 /home/winston/Documents/projects/laravel-article-cms-Rest-API/vendor/laravel/framework/src/Illuminate/Foundation/Http/Middleware/TransformsRequest.php(21): Illuminate\\Pipeline\\Pipeline->{closure:{closure:Illuminate\\Pipeline\\Pipeline::carry():184}:185}()
#47 /home/winston/Documents/projects/laravel-article-cms-Rest-API/vendor/laravel/framework/src/Illuminate/Foundation/Http/Middleware/TrimStrings.php(51): Illuminate\\Foundation\\Http\\Middleware\\TransformsRequest->handle()
#48 /home/winston/Documents/projects/laravel-article-cms-Rest-API/vendor/laravel/framework/src/Illuminate/Pipeline/Pipeline.php(209): Illuminate\\Foundation\\Http\\Middleware\\TrimStrings->handle()
#49 /home/winston/Documents/projects/laravel-article-cms-Rest-API/vendor/laravel/framework/src/Illuminate/Http/Middleware/ValidatePostSize.php(27): Illuminate\\Pipeline\\Pipeline->{closure:{closure:Illuminate\\Pipeline\\Pipeline::carry():184}:185}()
#50 /home/winston/Documents/projects/laravel-article-cms-Rest-API/vendor/laravel/framework/src/Illuminate/Pipeline/Pipeline.php(209): Illuminate\\Http\\Middleware\\ValidatePostSize->handle()
#51 /home/winston/Documents/projects/laravel-article-cms-Rest-API/vendor/laravel/framework/src/Illuminate/Foundation/Http/Middleware/PreventRequestsDuringMaintenance.php(110): Illuminate\\Pipeline\\Pipeline->{closure:{closure:Illuminate\\Pipeline\\Pipeline::carry():184}:185}()
#52 /home/winston/Documents/projects/laravel-article-cms-Rest-API/vendor/laravel/framework/src/Illuminate/Pipeline/Pipeline.php(209): Illuminate\\Foundation\\Http\\Middleware\\PreventRequestsDuringMaintenance->handle()
#53 /home/winston/Documents/projects/laravel-article-cms-Rest-API/vendor/laravel/framework/src/Illuminate/Http/Middleware/HandleCors.php(49): Illuminate\\Pipeline\\Pipeline->{closure:{closure:Illuminate\\Pipeline\\Pipeline::carry():184}:185}()
#54 /home/winston/Documents/projects/laravel-article-cms-Rest-API/vendor/laravel/framework/src/Illuminate/Pipeline/Pipeline.php(209): Illuminate\\Http\\Middleware\\HandleCors->handle()
#55 /home/winston/Documents/projects/laravel-article-cms-Rest-API/vendor/laravel/framework/src/Illuminate/Http/Middleware/TrustProxies.php(58): Illuminate\\Pipeline\\Pipeline->{closure:{closure:Illuminate\\Pipeline\\Pipeline::carry():184}:185}()
#56 /home/winston/Documents/projects/laravel-article-cms-Rest-API/vendor/laravel/framework/src/Illuminate/Pipeline/Pipeline.php(209): Illuminate\\Http\\Middleware\\TrustProxies->handle()
#57 /home/winston/Documents/projects/laravel-article-cms-Rest-API/vendor/laravel/framework/src/Illuminate/Foundation/Http/Middleware/InvokeDeferredCallbacks.php(22): Illuminate\\Pipeline\\Pipeline->{closure:{closure:Illuminate\\Pipeline\\Pipeline::carry():184}:185}()
#58 /home/winston/Documents/projects/laravel-article-cms-Rest-API/vendor/laravel/framework/src/Illuminate/Pipeline/Pipeline.php(209): Illuminate\\Foundation\\Http\\Middleware\\InvokeDeferredCallbacks->handle()
#59 /home/winston/Documents/projects/laravel-article-cms-Rest-API/vendor/laravel/framework/src/Illuminate/Pipeline/Pipeline.php(127): Illuminate\\Pipeline\\Pipeline->{closure:{closure:Illuminate\\Pipeline\\Pipeline::carry():184}:185}()
#60 /home/winston/Documents/projects/laravel-article-cms-Rest-API/vendor/laravel/framework/src/Illuminate/Foundation/Http/Kernel.php(176): Illuminate\\Pipeline\\Pipeline->then()
#61 /home/winston/Documents/projects/laravel-article-cms-Rest-API/vendor/laravel/framework/src/Illuminate/Foundation/Http/Kernel.php(145): Illuminate\\Foundation\\Http\\Kernel->sendRequestThroughRouter()
#62 /home/winston/Documents/projects/laravel-article-cms-Rest-API/public/index.php(21): Illuminate\\Foundation\\Http\\Kernel->handle()
#63 /home/winston/Documents/projects/laravel-article-cms-Rest-API/vendor/laravel/framework/src/Illuminate/Foundation/resources/server.php(23): require_once('...')
#64 {main}
"} 
[2025-06-12 04:33:23] local.ERROR: SQLSTATE[08006] [7] could not translate host name "db.your_project_id.supabase.co" to address: Name or service not known (Connection: pgsql, SQL: select exists (select 1 from pg_class c, pg_namespace n where n.nspname = 'public' and c.relname = 'migrations' and c.relkind in ('r', 'p') and n.oid = c.relnamespace)) {"exception":"[object] (Illuminate\\Database\\QueryException(code: 7): SQLSTATE[08006] [7] could not translate host name \"db.your_project_id.supabase.co\" to address: Name or service not known (Connection: pgsql, SQL: select exists (select 1 from pg_class c, pg_namespace n where n.nspname = 'public' and c.relname = 'migrations' and c.relkind in ('r', 'p') and n.oid = c.relnamespace)) at /home/winston/Documents/projects/laravel-article-cms-Rest-API/vendor/laravel/framework/src/Illuminate/Database/Connection.php:825)
[stacktrace]
#0 /home/winston/Documents/projects/laravel-article-cms-Rest-API/vendor/laravel/framework/src/Illuminate/Database/Connection.php(979): Illuminate\\Database\\Connection->runQueryCallback()
#1 /home/winston/Documents/projects/laravel-article-cms-Rest-API/vendor/laravel/framework/src/Illuminate/Database/Connection.php(958): Illuminate\\Database\\Connection->tryAgainIfCausedByLostConnection()
#2 /home/winston/Documents/projects/laravel-article-cms-Rest-API/vendor/laravel/framework/src/Illuminate/Database/Connection.php(781): Illuminate\\Database\\Connection->handleQueryException()
#3 /home/winston/Documents/projects/laravel-article-cms-Rest-API/vendor/laravel/framework/src/Illuminate/Database/Connection.php(398): Illuminate\\Database\\Connection->run()
#4 /home/winston/Documents/projects/laravel-article-cms-Rest-API/vendor/laravel/framework/src/Illuminate/Database/Connection.php(344): Illuminate\\Database\\Connection->select()
#5 /home/winston/Documents/projects/laravel-article-cms-Rest-API/vendor/laravel/framework/src/Illuminate/Database/Connection.php(361): Illuminate\\Database\\Connection->selectOne()
#6 /home/winston/Documents/projects/laravel-article-cms-Rest-API/vendor/laravel/framework/src/Illuminate/Database/Schema/PostgresBuilder.php(52): Illuminate\\Database\\Connection->scalar()
#7 /home/winston/Documents/projects/laravel-article-cms-Rest-API/vendor/laravel/framework/src/Illuminate/Database/Migrations/DatabaseMigrationRepository.php(184): Illuminate\\Database\\Schema\\PostgresBuilder->hasTable()
#8 /home/winston/Documents/projects/laravel-article-cms-Rest-API/vendor/laravel/framework/src/Illuminate/Database/Migrations/Migrator.php(742): Illuminate\\Database\\Migrations\\DatabaseMigrationRepository->repositoryExists()
#9 /home/winston/Documents/projects/laravel-article-cms-Rest-API/vendor/laravel/framework/src/Illuminate/Database/Console/Migrations/FreshCommand.php(68): Illuminate\\Database\\Migrations\\Migrator->repositoryExists()
#10 /home/winston/Documents/projects/laravel-article-cms-Rest-API/vendor/laravel/framework/src/Illuminate/Database/Migrations/Migrator.php(658): Illuminate\\Database\\Console\\Migrations\\FreshCommand->{closure:Illuminate\\Database\\Console\\Migrations\\FreshCommand::handle():67}()
#11 /home/winston/Documents/projects/laravel-article-cms-Rest-API/vendor/laravel/framework/src/Illuminate/Database/Console/Migrations/FreshCommand.php(67): Illuminate\\Database\\Migrations\\Migrator->usingConnection()
#12 /home/winston/Documents/projects/laravel-article-cms-Rest-API/vendor/laravel/framework/src/Illuminate/Container/BoundMethod.php(36): Illuminate\\Database\\Console\\Migrations\\FreshCommand->handle()
#13 /home/winston/Documents/projects/laravel-article-cms-Rest-API/vendor/laravel/framework/src/Illuminate/Container/Util.php(43): Illuminate\\Container\\BoundMethod::{closure:Illuminate\\Container\\BoundMethod::call():35}()
#14 /home/winston/Documents/projects/laravel-article-cms-Rest-API/vendor/laravel/framework/src/Illuminate/Container/BoundMethod.php(95): Illuminate\\Container\\Util::unwrapIfClosure()
#15 /home/winston/Documents/projects/laravel-article-cms-Rest-API/vendor/laravel/framework/src/Illuminate/Container/BoundMethod.php(35): Illuminate\\Container\\BoundMethod::callBoundMethod()
#16 /home/winston/Documents/projects/laravel-article-cms-Rest-API/vendor/laravel/framework/src/Illuminate/Container/Container.php(696): Illuminate\\Container\\BoundMethod::call()
#17 /home/winston/Documents/projects/laravel-article-cms-Rest-API/vendor/laravel/framework/src/Illuminate/Console/Command.php(213): Illuminate\\Container\\Container->call()
#18 /home/winston/Documents/projects/laravel-article-cms-Rest-API/vendor/symfony/console/Command/Command.php(318): Illuminate\\Console\\Command->execute()
#19 /home/winston/Documents/projects/laravel-article-cms-Rest-API/vendor/laravel/framework/src/Illuminate/Console/Command.php(182): Symfony\\Component\\Console\\Command\\Command->run()
#20 /home/winston/Documents/projects/laravel-article-cms-Rest-API/vendor/symfony/console/Application.php(1092): Illuminate\\Console\\Command->run()
#21 /home/winston/Documents/projects/laravel-article-cms-Rest-API/vendor/symfony/console/Application.php(341): Symfony\\Component\\Console\\Application->doRunCommand()
#22 /home/winston/Documents/projects/laravel-article-cms-Rest-API/vendor/symfony/console/Application.php(192): Symfony\\Component\\Console\\Application->doRun()
#23 /home/winston/Documents/projects/laravel-article-cms-Rest-API/vendor/laravel/framework/src/Illuminate/Foundation/Console/Kernel.php(198): Symfony\\Component\\Console\\Application->run()
#24 /home/winston/Documents/projects/laravel-article-cms-Rest-API/vendor/laravel/framework/src/Illuminate/Foundation/Application.php(1235): Illuminate\\Foundation\\Console\\Kernel->handle()
#25 /home/winston/Documents/projects/laravel-article-cms-Rest-API/artisan(13): Illuminate\\Foundation\\Application->handleCommand()
#26 {main}

[previous exception] [object] (PDOException(code: 7): SQLSTATE[08006] [7] could not translate host name \"db.your_project_id.supabase.co\" to address: Name or service not known at /home/winston/Documents/projects/laravel-article-cms-Rest-API/vendor/laravel/framework/src/Illuminate/Database/Connectors/Connector.php:67)
[stacktrace]
#0 /home/winston/Documents/projects/laravel-article-cms-Rest-API/vendor/laravel/framework/src/Illuminate/Database/Connectors/Connector.php(67): PDO::connect()
#1 /home/winston/Documents/projects/laravel-article-cms-Rest-API/vendor/laravel/framework/src/Illuminate/Database/Connectors/Connector.php(85): Illuminate\\Database\\Connectors\\Connector->createPdoConnection()
#2 /home/winston/Documents/projects/laravel-article-cms-Rest-API/vendor/laravel/framework/src/Illuminate/Database/Connectors/Connector.php(48): Illuminate\\Database\\Connectors\\Connector->tryAgainIfCausedByLostConnection()
#3 /home/winston/Documents/projects/laravel-article-cms-Rest-API/vendor/laravel/framework/src/Illuminate/Database/Connectors/PostgresConnector.php(35): Illuminate\\Database\\Connectors\\Connector->createConnection()
#4 /home/winston/Documents/projects/laravel-article-cms-Rest-API/vendor/laravel/framework/src/Illuminate/Database/Connectors/ConnectionFactory.php(185): Illuminate\\Database\\Connectors\\PostgresConnector->connect()
#5 [internal function]: Illuminate\\Database\\Connectors\\ConnectionFactory->{closure:Illuminate\\Database\\Connectors\\ConnectionFactory::createPdoResolverWithHosts():180}()
#6 /home/winston/Documents/projects/laravel-article-cms-Rest-API/vendor/laravel/framework/src/Illuminate/Database/Connection.php(1231): call_user_func()
#7 /home/winston/Documents/projects/laravel-article-cms-Rest-API/vendor/laravel/framework/src/Illuminate/Database/Connection.php(1267): Illuminate\\Database\\Connection->getPdo()
#8 /home/winston/Documents/projects/laravel-article-cms-Rest-API/vendor/laravel/framework/src/Illuminate/Database/Connection.php(512): Illuminate\\Database\\Connection->getReadPdo()
#9 /home/winston/Documents/projects/laravel-article-cms-Rest-API/vendor/laravel/framework/src/Illuminate/Database/Connection.php(407): Illuminate\\Database\\Connection->getPdoForSelect()
#10 /home/winston/Documents/projects/laravel-article-cms-Rest-API/vendor/laravel/framework/src/Illuminate/Database/Connection.php(812): Illuminate\\Database\\Connection->{closure:Illuminate\\Database\\Connection::select():398}()
#11 /home/winston/Documents/projects/laravel-article-cms-Rest-API/vendor/laravel/framework/src/Illuminate/Database/Connection.php(979): Illuminate\\Database\\Connection->runQueryCallback()
#12 /home/winston/Documents/projects/laravel-article-cms-Rest-API/vendor/laravel/framework/src/Illuminate/Database/Connection.php(958): Illuminate\\Database\\Connection->tryAgainIfCausedByLostConnection()
#13 /home/winston/Documents/projects/laravel-article-cms-Rest-API/vendor/laravel/framework/src/Illuminate/Database/Connection.php(781): Illuminate\\Database\\Connection->handleQueryException()
#14 /home/winston/Documents/projects/laravel-article-cms-Rest-API/vendor/laravel/framework/src/Illuminate/Database/Connection.php(398): Illuminate\\Database\\Connection->run()
#15 /home/winston/Documents/projects/laravel-article-cms-Rest-API/vendor/laravel/framework/src/Illuminate/Database/Connection.php(344): Illuminate\\Database\\Connection->select()
#16 /home/winston/Documents/projects/laravel-article-cms-Rest-API/vendor/laravel/framework/src/Illuminate/Database/Connection.php(361): Illuminate\\Database\\Connection->selectOne()
#17 /home/winston/Documents/projects/laravel-article-cms-Rest-API/vendor/laravel/framework/src/Illuminate/Database/Schema/PostgresBuilder.php(52): Illuminate\\Database\\Connection->scalar()
#18 /home/winston/Documents/projects/laravel-article-cms-Rest-API/vendor/laravel/framework/src/Illuminate/Database/Migrations/DatabaseMigrationRepository.php(184): Illuminate\\Database\\Schema\\PostgresBuilder->hasTable()
#19 /home/winston/Documents/projects/laravel-article-cms-Rest-API/vendor/laravel/framework/src/Illuminate/Database/Migrations/Migrator.php(742): Illuminate\\Database\\Migrations\\DatabaseMigrationRepository->repositoryExists()
#20 /home/winston/Documents/projects/laravel-article-cms-Rest-API/vendor/laravel/framework/src/Illuminate/Database/Console/Migrations/FreshCommand.php(68): Illuminate\\Database\\Migrations\\Migrator->repositoryExists()
#21 /home/winston/Documents/projects/laravel-article-cms-Rest-API/vendor/laravel/framework/src/Illuminate/Database/Migrations/Migrator.php(658): Illuminate\\Database\\Console\\Migrations\\FreshCommand->{closure:Illuminate\\Database\\Console\\Migrations\\FreshCommand::handle():67}()
#22 /home/winston/Documents/projects/laravel-article-cms-Rest-API/vendor/laravel/framework/src/Illuminate/Database/Console/Migrations/FreshCommand.php(67): Illuminate\\Database\\Migrations\\Migrator->usingConnection()
#23 /home/winston/Documents/projects/laravel-article-cms-Rest-API/vendor/laravel/framework/src/Illuminate/Container/BoundMethod.php(36): Illuminate\\Database\\Console\\Migrations\\FreshCommand->handle()
#24 /home/winston/Documents/projects/laravel-article-cms-Rest-API/vendor/laravel/framework/src/Illuminate/Container/Util.php(43): Illuminate\\Container\\BoundMethod::{closure:Illuminate\\Container\\BoundMethod::call():35}()
#25 /home/winston/Documents/projects/laravel-article-cms-Rest-API/vendor/laravel/framework/src/Illuminate/Container/BoundMethod.php(95): Illuminate\\Container\\Util::unwrapIfClosure()
#26 /home/winston/Documents/projects/laravel-article-cms-Rest-API/vendor/laravel/framework/src/Illuminate/Container/BoundMethod.php(35): Illuminate\\Container\\BoundMethod::callBoundMethod()
#27 /home/winston/Documents/projects/laravel-article-cms-Rest-API/vendor/laravel/framework/src/Illuminate/Container/Container.php(696): Illuminate\\Container\\BoundMethod::call()
#28 /home/winston/Documents/projects/laravel-article-cms-Rest-API/vendor/laravel/framework/src/Illuminate/Console/Command.php(213): Illuminate\\Container\\Container->call()
#29 /home/winston/Documents/projects/laravel-article-cms-Rest-API/vendor/symfony/console/Command/Command.php(318): Illuminate\\Console\\Command->execute()
#30 /home/winston/Documents/projects/laravel-article-cms-Rest-API/vendor/laravel/framework/src/Illuminate/Console/Command.php(182): Symfony\\Component\\Console\\Command\\Command->run()
#31 /home/winston/Documents/projects/laravel-article-cms-Rest-API/vendor/symfony/console/Application.php(1092): Illuminate\\Console\\Command->run()
#32 /home/winston/Documents/projects/laravel-article-cms-Rest-API/vendor/symfony/console/Application.php(341): Symfony\\Component\\Console\\Application->doRunCommand()
#33 /home/winston/Documents/projects/laravel-article-cms-Rest-API/vendor/symfony/console/Application.php(192): Symfony\\Component\\Console\\Application->doRun()
#34 /home/winston/Documents/projects/laravel-article-cms-Rest-API/vendor/laravel/framework/src/Illuminate/Foundation/Console/Kernel.php(198): Symfony\\Component\\Console\\Application->run()
#35 /home/winston/Documents/projects/laravel-article-cms-Rest-API/vendor/laravel/framework/src/Illuminate/Foundation/Application.php(1235): Illuminate\\Foundation\\Console\\Kernel->handle()
#36 /home/winston/Documents/projects/laravel-article-cms-Rest-API/artisan(13): Illuminate\\Foundation\\Application->handleCommand()
#37 {main}
"} 
[2025-06-12 04:36:39] local.INFO: Request Origin:   
[2025-06-12 05:02:26] local.INFO: Request Origin:   
[2025-06-13 07:54:58] local.INFO: Request Origin:   
[2025-06-13 07:54:58] local.INFO: Request Origin:   
[2025-06-13 07:54:58] local.INFO: Request Origin:   
[2025-06-13 07:54:58] local.INFO: Request Origin:   
[2025-06-13 07:54:59] local.INFO: Request Origin:   
[2025-06-13 07:54:59] local.INFO: Request Origin:   
[2025-06-13 07:54:59] local.INFO: Request Origin:   
[2025-06-13 07:54:59] local.INFO: Request Origin:   
[2025-06-13 07:54:59] local.INFO: Request Origin:   
[2025-06-13 07:55:03] local.INFO: Request Origin:   
[2025-06-13 07:55:04] local.INFO: Request Origin:   
[2025-06-13 07:55:39] local.INFO: Request Origin:   
[2025-06-13 07:55:49] local.INFO: Request Origin: http://localhost:3000  
[2025-06-13 07:57:38] local.INFO: Request Origin: http://localhost:3000  
[2025-06-13 07:57:38] local.INFO: Request Origin: http://localhost:3000  
[2025-06-13 07:57:53] local.INFO: Request Origin:   
[2025-06-13 07:57:54] local.INFO: Request Origin: http://localhost:3000  
[2025-06-13 07:58:07] local.INFO: Request Origin:   
[2025-06-13 07:58:07] local.INFO: Request Origin:   
[2025-06-13 07:58:09] local.INFO: Request Origin: http://localhost:3000  
[2025-06-13 07:58:13] local.INFO: Request Origin: http://localhost:3000  
[2025-06-13 07:58:13] local.INFO: Request Origin: http://localhost:3000  
[2025-06-13 07:58:24] local.INFO: Request Origin:   
[2025-06-13 07:58:25] local.INFO: Request Origin: http://localhost:3000  
[2025-06-13 07:58:38] local.INFO: Request Origin:   
[2025-06-13 07:58:38] local.INFO: Request Origin:   
[2025-06-13 07:58:40] local.INFO: Request Origin: http://localhost:3000  
[2025-06-13 07:58:53] local.INFO: Request Origin:   
[2025-06-13 07:58:54] local.INFO: Request Origin:   
[2025-06-13 07:58:54] local.INFO: Request Origin:   
[2025-06-13 07:58:54] local.INFO: Request Origin:   
[2025-06-13 07:58:54] local.INFO: Request Origin:   
[2025-06-13 07:58:56] local.INFO: Request Origin:   
[2025-06-13 07:58:56] local.INFO: Request Origin:   
[2025-06-13 07:58:56] local.INFO: Request Origin:   
[2025-06-13 07:58:56] local.INFO: Request Origin:   
[2025-06-13 07:58:56] local.INFO: Request Origin:   
[2025-06-13 07:58:56] local.INFO: Request Origin:   
[2025-06-13 07:58:57] local.INFO: Request Origin:   
[2025-06-13 07:58:57] local.INFO: Request Origin:   
[2025-06-13 07:58:57] local.INFO: Request Origin:   
[2025-06-13 07:58:58] local.INFO: Request Origin:   
[2025-06-13 07:58:58] local.INFO: Request Origin:   
[2025-06-13 07:58:58] local.INFO: Request Origin:   
[2025-06-13 07:58:58] local.INFO: Request Origin:   
[2025-06-13 07:58:58] local.INFO: Request Origin:   
[2025-06-13 07:58:58] local.INFO: Request Origin:   
[2025-06-13 07:58:58] local.INFO: Request Origin:   
[2025-06-13 07:58:58] local.INFO: Request Origin:   
[2025-06-13 07:58:59] local.INFO: Request Origin:   
[2025-06-13 07:58:59] local.INFO: Request Origin:   
[2025-06-13 07:58:59] local.INFO: Request Origin:   
[2025-06-13 07:59:04] local.INFO: Request Origin: http://localhost:3000  
[2025-06-13 07:59:20] local.INFO: Request Origin:   
[2025-06-13 07:59:23] local.INFO: Request Origin:   
[2025-06-13 07:59:31] local.INFO: Request Origin: http://localhost:3000  
[2025-06-13 08:00:14] local.INFO: Request Origin: http://localhost:3000  
[2025-06-13 08:00:46] local.INFO: Request Origin: http://localhost:3000  
[2025-06-13 08:00:54] local.INFO: Request Origin: http://localhost:3000  
[2025-06-13 08:01:02] local.INFO: Request Origin: http://localhost:3000  
[2025-06-13 08:01:02] local.INFO: Request Origin: http://localhost:3000  
[2025-06-13 08:01:08] local.INFO: Request Origin:   
[2025-06-13 08:01:10] local.INFO: Request Origin: http://localhost:3000  
[2025-06-13 08:01:12] local.INFO: Request Origin:   
[2025-06-13 08:01:42] local.INFO: Request Origin: http://localhost:3000  
[2025-06-13 08:01:54] local.INFO: Request Origin: http://localhost:3000  
[2025-06-13 08:02:03] local.INFO: Request Origin: http://localhost:3000  
[2025-06-13 08:02:11] local.INFO: Request Origin: http://localhost:3000  
[2025-06-13 08:02:21] local.INFO: Request Origin: http://localhost:3000  
[2025-06-13 08:02:26] local.INFO: Request Origin: http://localhost:3000  
[2025-06-13 08:02:30] local.INFO: Request Origin: http://localhost:3000  
[2025-06-13 08:02:30] local.INFO: Request Origin: http://localhost:3000  
[2025-06-13 08:02:41] local.INFO: Request Origin: http://localhost:3000  
[2025-06-13 08:03:46] local.INFO: Request Origin:   
[2025-06-13 08:03:46] local.INFO: Request Origin:   
[2025-06-13 08:03:46] local.INFO: Request Origin:   
[2025-06-13 08:03:46] local.INFO: Request Origin:   
[2025-06-13 08:03:46] local.INFO: Request Origin:   
[2025-06-13 08:03:47] local.INFO: Request Origin:   
[2025-06-13 08:03:48] local.INFO: Request Origin: http://localhost:3000  
[2025-06-13 08:03:58] local.INFO: Request Origin:   
[2025-06-13 08:03:59] local.INFO: Request Origin: http://localhost:3000  
[2025-06-13 08:04:01] local.INFO: Request Origin: http://localhost:3000  
[2025-06-13 08:04:35] local.INFO: Request Origin: http://localhost:3000  
[2025-06-13 08:04:45] local.INFO: Request Origin: http://localhost:3000  
[2025-06-13 08:06:43] local.INFO: Request Origin: http://localhost:3000  
[2025-06-13 08:06:53] local.INFO: Request Origin: http://localhost:3000  
[2025-06-13 08:06:58] local.INFO: Request Origin: http://localhost:3000  
[2025-06-13 16:18:35] local.ERROR: Command "make:Analytics" is not defined.

Did you mean one of these?
    make:cache-table
    make:cast
    make:channel
    make:class
    make:command
    make:component
    make:controller
    make:enum
    make:event
    make:exception
    make:factory
    make:interface
    make:job
    make:job-middleware
    make:listener
    make:mail
    make:middleware
    make:migration
    make:model
    make:notification
    make:notifications-table
    make:observer
    make:policy
    make:provider
    make:queue-batches-table
    make:queue-failed-table
    make:queue-table
    make:request
    make:resource
    make:rule
    make:scope
    make:seeder
    make:session-table
    make:test
    make:trait
    make:view {"exception":"[object] (Symfony\\Component\\Console\\Exception\\CommandNotFoundException(code: 0): Command \"make:Analytics\" is not defined.

Did you mean one of these?
    make:cache-table
    make:cast
    make:channel
    make:class
    make:command
    make:component
    make:controller
    make:enum
    make:event
    make:exception
    make:factory
    make:interface
    make:job
    make:job-middleware
    make:listener
    make:mail
    make:middleware
    make:migration
    make:model
    make:notification
    make:notifications-table
    make:observer
    make:policy
    make:provider
    make:queue-batches-table
    make:queue-failed-table
    make:queue-table
    make:request
    make:resource
    make:rule
    make:scope
    make:seeder
    make:session-table
    make:test
    make:trait
    make:view at /home/winston/Documents/projects/laravel-article-cms-Rest-API/vendor/symfony/console/Application.php:725)
[stacktrace]
#0 /home/winston/Documents/projects/laravel-article-cms-Rest-API/vendor/symfony/console/Application.php(283): Symfony\\Component\\Console\\Application->find()
#1 /home/winston/Documents/projects/laravel-article-cms-Rest-API/vendor/symfony/console/Application.php(192): Symfony\\Component\\Console\\Application->doRun()
#2 /home/winston/Documents/projects/laravel-article-cms-Rest-API/vendor/laravel/framework/src/Illuminate/Foundation/Console/Kernel.php(198): Symfony\\Component\\Console\\Application->run()
#3 /home/winston/Documents/projects/laravel-article-cms-Rest-API/vendor/laravel/framework/src/Illuminate/Foundation/Application.php(1235): Illuminate\\Foundation\\Console\\Kernel->handle()
#4 /home/winston/Documents/projects/laravel-article-cms-Rest-API/artisan(13): Illuminate\\Foundation\\Application->handleCommand()
#5 {main}
"} 
[2025-06-13 16:27:21] local.INFO: Request Origin:   
[2025-06-13 16:27:22] local.INFO: Request Origin:   
[2025-06-13 16:27:22] local.INFO: Request Origin:   
[2025-06-13 16:27:22] local.INFO: Request Origin:   
[2025-06-13 16:27:22] local.INFO: Request Origin:   
[2025-06-13 16:27:22] local.INFO: Request Origin:   
[2025-06-13 16:27:23] local.INFO: Request Origin:   
[2025-06-13 16:27:23] local.INFO: Request Origin:   
[2025-06-13 16:27:23] local.INFO: Request Origin:   
[2025-06-13 16:27:29] local.INFO: Request Origin:   
[2025-06-13 16:27:29] local.INFO: Request Origin:   
[2025-06-13 16:27:41] local.INFO: Request Origin:   
[2025-06-13 16:27:42] local.INFO: Request Origin:   
[2025-06-13 16:27:43] local.INFO: Request Origin:   
[2025-06-13 16:27:43] local.INFO: Request Origin:   
[2025-06-13 16:27:53] local.INFO: Request Origin:   
[2025-06-13 16:27:53] local.INFO: Request Origin:   
[2025-06-13 16:27:54] local.INFO: Request Origin: http://localhost:3000  
[2025-06-13 16:31:55] local.INFO: Request Origin:   
[2025-06-13 16:31:55] local.INFO: Request Origin:   
[2025-06-13 16:31:56] local.INFO: Request Origin:   
[2025-06-13 16:31:56] local.INFO: Request Origin:   
[2025-06-13 16:31:56] local.INFO: Request Origin:   
[2025-06-13 16:31:56] local.INFO: Request Origin:   
[2025-06-13 16:33:24] local.INFO: Request Origin:   
[2025-06-13 16:33:24] local.INFO: Request Origin:   
[2025-06-13 16:33:24] local.INFO: Request Origin:   
[2025-06-13 16:33:24] local.INFO: Request Origin:   
[2025-06-13 16:33:24] local.INFO: Request Origin:   
[2025-06-13 16:33:25] local.INFO: Request Origin:   
[2025-06-13 16:34:09] local.INFO: Request Origin:   
[2025-06-13 16:34:09] local.INFO: Request Origin:   
[2025-06-14 06:59:49] local.INFO: Request Origin:   
[2025-06-14 06:59:50] local.INFO: Request Origin:   
[2025-06-14 06:59:50] local.INFO: Request Origin:   
[2025-06-14 06:59:50] local.INFO: Request Origin:   
[2025-06-14 06:59:50] local.INFO: Request Origin:   
[2025-06-14 06:59:50] local.INFO: Request Origin:   
[2025-06-14 06:59:51] local.INFO: Request Origin:   
[2025-06-14 06:59:51] local.INFO: Request Origin:   
[2025-06-14 06:59:51] local.INFO: Request Origin:   
[2025-06-14 07:04:00] local.INFO: Request Origin:   
[2025-06-14 07:04:01] local.INFO: Request Origin:   
[2025-06-14 07:13:46] local.INFO: Request Origin:   
[2025-06-14 07:13:46] local.INFO: Request Origin:   
[2025-06-14 07:13:46] local.INFO: Request Origin: http://localhost:3000  
[2025-06-14 07:13:56] local.INFO: Request Origin: http://localhost:3000  
[2025-06-14 07:14:29] local.INFO: Request Origin: http://localhost:3000  
[2025-06-14 07:14:36] local.INFO: Request Origin:   
[2025-06-14 07:14:36] local.INFO: Request Origin:   
[2025-06-14 07:14:51] local.INFO: Request Origin:   
[2025-06-14 07:14:51] local.INFO: Request Origin:   
[2025-06-14 07:14:52] local.INFO: Request Origin: http://localhost:3000  
[2025-06-14 07:16:54] local.INFO: Request Origin: http://localhost:3000  
[2025-06-14 07:16:54] local.INFO: Request Origin: http://localhost:3000  
[2025-06-14 07:17:53] local.INFO: Request Origin: http://localhost:3000  
[2025-06-14 07:18:01] local.INFO: Request Origin:   
[2025-06-14 07:18:01] local.INFO: Request Origin:   
[2025-06-14 07:18:01] local.INFO: Request Origin: http://localhost:3000  
[2025-06-14 07:18:13] local.INFO: Request Origin: http://localhost:3000  
[2025-06-14 07:22:03] local.INFO: Request Origin: http://localhost:3000  
[2025-06-14 07:22:16] local.INFO: Request Origin:   
[2025-06-14 07:22:16] local.INFO: Request Origin:   
[2025-06-14 07:22:50] local.INFO: Request Origin:   
[2025-06-14 07:22:50] local.INFO: Request Origin:   
[2025-06-14 07:22:50] local.INFO: Request Origin: http://localhost:3000  
[2025-06-14 07:25:27] local.INFO: Request Origin: http://localhost:3000  
[2025-06-14 07:25:28] local.INFO: Request Origin: http://localhost:3000  
[2025-06-14 07:27:10] local.INFO: Request Origin: http://localhost:3000  
[2025-06-14 07:30:21] local.INFO: Request Origin: http://localhost:3000  
[2025-06-14 07:30:58] local.INFO: Request Origin: http://localhost:3000  
[2025-06-14 07:30:58] local.ERROR: Add [eventType] to fillable property to allow mass assignment on [App\Models\Analytics]. {"exception":"[object] (Illuminate\\Database\\Eloquent\\MassAssignmentException(code: 0): Add [eventType] to fillable property to allow mass assignment on [App\\Models\\Analytics]. at /home/winston/Documents/projects/laravel-article-cms-Rest-API/vendor/laravel/framework/src/Illuminate/Database/Eloquent/Model.php:544)
[stacktrace]
#0 /home/winston/Documents/projects/laravel-article-cms-Rest-API/vendor/laravel/framework/src/Illuminate/Database/Eloquent/Model.php(633): Illuminate\\Database\\Eloquent\\Model->fill()
#1 /home/winston/Documents/projects/laravel-article-cms-Rest-API/vendor/laravel/framework/src/Illuminate/Database/Eloquent/Builder.php(1655): Illuminate\\Database\\Eloquent\\Model->newInstance()
#2 /home/winston/Documents/projects/laravel-article-cms-Rest-API/vendor/laravel/framework/src/Illuminate/Database/Eloquent/Builder.php(1127): Illuminate\\Database\\Eloquent\\Builder->newModelInstance()
#3 /home/winston/Documents/projects/laravel-article-cms-Rest-API/vendor/laravel/framework/src/Illuminate/Support/Traits/ForwardsCalls.php(23): Illuminate\\Database\\Eloquent\\Builder->create()
#4 /home/winston/Documents/projects/laravel-article-cms-Rest-API/vendor/laravel/framework/src/Illuminate/Database/Eloquent/Model.php(2372): Illuminate\\Database\\Eloquent\\Model->forwardCallTo()
#5 /home/winston/Documents/projects/laravel-article-cms-Rest-API/vendor/laravel/framework/src/Illuminate/Database/Eloquent/Model.php(2384): Illuminate\\Database\\Eloquent\\Model->__call()
#6 /home/winston/Documents/projects/laravel-article-cms-Rest-API/app/Http/Controllers/AnalyticsController.php(32): Illuminate\\Database\\Eloquent\\Model::__callStatic()
#7 /home/winston/Documents/projects/laravel-article-cms-Rest-API/vendor/laravel/framework/src/Illuminate/Routing/ControllerDispatcher.php(47): App\\Http\\Controllers\\AnalyticsController->store()
#8 /home/winston/Documents/projects/laravel-article-cms-Rest-API/vendor/laravel/framework/src/Illuminate/Routing/Route.php(266): Illuminate\\Routing\\ControllerDispatcher->dispatch()
#9 /home/winston/Documents/projects/laravel-article-cms-Rest-API/vendor/laravel/framework/src/Illuminate/Routing/Route.php(212): Illuminate\\Routing\\Route->runController()
#10 /home/winston/Documents/projects/laravel-article-cms-Rest-API/vendor/laravel/framework/src/Illuminate/Routing/Router.php(808): Illuminate\\Routing\\Route->run()
#11 /home/winston/Documents/projects/laravel-article-cms-Rest-API/vendor/laravel/framework/src/Illuminate/Pipeline/Pipeline.php(170): Illuminate\\Routing\\Router->{closure:Illuminate\\Routing\\Router::runRouteWithinStack():807}()
#12 /home/winston/Documents/projects/laravel-article-cms-Rest-API/vendor/laravel/framework/src/Illuminate/Routing/Middleware/SubstituteBindings.php(51): Illuminate\\Pipeline\\Pipeline->{closure:Illuminate\\Pipeline\\Pipeline::prepareDestination():168}()
#13 /home/winston/Documents/projects/laravel-article-cms-Rest-API/vendor/laravel/framework/src/Illuminate/Pipeline/Pipeline.php(209): Illuminate\\Routing\\Middleware\\SubstituteBindings->handle()
#14 /home/winston/Documents/projects/laravel-article-cms-Rest-API/vendor/laravel/sanctum/src/Http/Middleware/EnsureFrontendRequestsAreStateful.php(26): Illuminate\\Pipeline\\Pipeline->{closure:{closure:Illuminate\\Pipeline\\Pipeline::carry():184}:185}()
#15 /home/winston/Documents/projects/laravel-article-cms-Rest-API/vendor/laravel/framework/src/Illuminate/Pipeline/Pipeline.php(170): Laravel\\Sanctum\\Http\\Middleware\\EnsureFrontendRequestsAreStateful->{closure:Laravel\\Sanctum\\Http\\Middleware\\EnsureFrontendRequestsAreStateful::handle():25}()
#16 /home/winston/Documents/projects/laravel-article-cms-Rest-API/vendor/laravel/framework/src/Illuminate/Pipeline/Pipeline.php(127): Illuminate\\Pipeline\\Pipeline->{closure:Illuminate\\Pipeline\\Pipeline::prepareDestination():168}()
#17 /home/winston/Documents/projects/laravel-article-cms-Rest-API/vendor/laravel/sanctum/src/Http/Middleware/EnsureFrontendRequestsAreStateful.php(25): Illuminate\\Pipeline\\Pipeline->then()
#18 /home/winston/Documents/projects/laravel-article-cms-Rest-API/vendor/laravel/framework/src/Illuminate/Pipeline/Pipeline.php(209): Laravel\\Sanctum\\Http\\Middleware\\EnsureFrontendRequestsAreStateful->handle()
#19 /home/winston/Documents/projects/laravel-article-cms-Rest-API/vendor/laravel/framework/src/Illuminate/Pipeline/Pipeline.php(127): Illuminate\\Pipeline\\Pipeline->{closure:{closure:Illuminate\\Pipeline\\Pipeline::carry():184}:185}()
#20 /home/winston/Documents/projects/laravel-article-cms-Rest-API/vendor/laravel/framework/src/Illuminate/Routing/Router.php(807): Illuminate\\Pipeline\\Pipeline->then()
#21 /home/winston/Documents/projects/laravel-article-cms-Rest-API/vendor/laravel/framework/src/Illuminate/Routing/Router.php(786): Illuminate\\Routing\\Router->runRouteWithinStack()
#22 /home/winston/Documents/projects/laravel-article-cms-Rest-API/vendor/laravel/framework/src/Illuminate/Routing/Router.php(750): Illuminate\\Routing\\Router->runRoute()
#23 /home/winston/Documents/projects/laravel-article-cms-Rest-API/vendor/laravel/framework/src/Illuminate/Routing/Router.php(739): Illuminate\\Routing\\Router->dispatchToRoute()
#24 /home/winston/Documents/projects/laravel-article-cms-Rest-API/vendor/laravel/framework/src/Illuminate/Foundation/Http/Kernel.php(201): Illuminate\\Routing\\Router->dispatch()
#25 /home/winston/Documents/projects/laravel-article-cms-Rest-API/vendor/laravel/framework/src/Illuminate/Pipeline/Pipeline.php(170): Illuminate\\Foundation\\Http\\Kernel->{closure:Illuminate\\Foundation\\Http\\Kernel::dispatchToRouter():198}()
#26 /home/winston/Documents/projects/laravel-article-cms-Rest-API/app/Http/Middleware/CorsMiddleware.php(26): Illuminate\\Pipeline\\Pipeline->{closure:Illuminate\\Pipeline\\Pipeline::prepareDestination():168}()
#27 /home/winston/Documents/projects/laravel-article-cms-Rest-API/vendor/laravel/framework/src/Illuminate/Pipeline/Pipeline.php(209): App\\Http\\Middleware\\CorsMiddleware->handle()
#28 /home/winston/Documents/projects/laravel-article-cms-Rest-API/vendor/laravel/framework/src/Illuminate/Foundation/Http/Middleware/TransformsRequest.php(21): Illuminate\\Pipeline\\Pipeline->{closure:{closure:Illuminate\\Pipeline\\Pipeline::carry():184}:185}()
#29 /home/winston/Documents/projects/laravel-article-cms-Rest-API/vendor/laravel/framework/src/Illuminate/Foundation/Http/Middleware/ConvertEmptyStringsToNull.php(31): Illuminate\\Foundation\\Http\\Middleware\\TransformsRequest->handle()
#30 /home/winston/Documents/projects/laravel-article-cms-Rest-API/vendor/laravel/framework/src/Illuminate/Pipeline/Pipeline.php(209): Illuminate\\Foundation\\Http\\Middleware\\ConvertEmptyStringsToNull->handle()
#31 /home/winston/Documents/projects/laravel-article-cms-Rest-API/vendor/laravel/framework/src/Illuminate/Foundation/Http/Middleware/TransformsRequest.php(21): Illuminate\\Pipeline\\Pipeline->{closure:{closure:Illuminate\\Pipeline\\Pipeline::carry():184}:185}()
#32 /home/winston/Documents/projects/laravel-article-cms-Rest-API/vendor/laravel/framework/src/Illuminate/Foundation/Http/Middleware/TrimStrings.php(51): Illuminate\\Foundation\\Http\\Middleware\\TransformsRequest->handle()
#33 /home/winston/Documents/projects/laravel-article-cms-Rest-API/vendor/laravel/framework/src/Illuminate/Pipeline/Pipeline.php(209): Illuminate\\Foundation\\Http\\Middleware\\TrimStrings->handle()
#34 /home/winston/Documents/projects/laravel-article-cms-Rest-API/vendor/laravel/framework/src/Illuminate/Http/Middleware/ValidatePostSize.php(27): Illuminate\\Pipeline\\Pipeline->{closure:{closure:Illuminate\\Pipeline\\Pipeline::carry():184}:185}()
#35 /home/winston/Documents/projects/laravel-article-cms-Rest-API/vendor/laravel/framework/src/Illuminate/Pipeline/Pipeline.php(209): Illuminate\\Http\\Middleware\\ValidatePostSize->handle()
#36 /home/winston/Documents/projects/laravel-article-cms-Rest-API/vendor/laravel/framework/src/Illuminate/Foundation/Http/Middleware/PreventRequestsDuringMaintenance.php(110): Illuminate\\Pipeline\\Pipeline->{closure:{closure:Illuminate\\Pipeline\\Pipeline::carry():184}:185}()
#37 /home/winston/Documents/projects/laravel-article-cms-Rest-API/vendor/laravel/framework/src/Illuminate/Pipeline/Pipeline.php(209): Illuminate\\Foundation\\Http\\Middleware\\PreventRequestsDuringMaintenance->handle()
#38 /home/winston/Documents/projects/laravel-article-cms-Rest-API/vendor/laravel/framework/src/Illuminate/Http/Middleware/HandleCors.php(62): Illuminate\\Pipeline\\Pipeline->{closure:{closure:Illuminate\\Pipeline\\Pipeline::carry():184}:185}()
#39 /home/winston/Documents/projects/laravel-article-cms-Rest-API/vendor/laravel/framework/src/Illuminate/Pipeline/Pipeline.php(209): Illuminate\\Http\\Middleware\\HandleCors->handle()
#40 /home/winston/Documents/projects/laravel-article-cms-Rest-API/vendor/laravel/framework/src/Illuminate/Http/Middleware/TrustProxies.php(58): Illuminate\\Pipeline\\Pipeline->{closure:{closure:Illuminate\\Pipeline\\Pipeline::carry():184}:185}()
#41 /home/winston/Documents/projects/laravel-article-cms-Rest-API/vendor/laravel/framework/src/Illuminate/Pipeline/Pipeline.php(209): Illuminate\\Http\\Middleware\\TrustProxies->handle()
#42 /home/winston/Documents/projects/laravel-article-cms-Rest-API/vendor/laravel/framework/src/Illuminate/Foundation/Http/Middleware/InvokeDeferredCallbacks.php(22): Illuminate\\Pipeline\\Pipeline->{closure:{closure:Illuminate\\Pipeline\\Pipeline::carry():184}:185}()
#43 /home/winston/Documents/projects/laravel-article-cms-Rest-API/vendor/laravel/framework/src/Illuminate/Pipeline/Pipeline.php(209): Illuminate\\Foundation\\Http\\Middleware\\InvokeDeferredCallbacks->handle()
#44 /home/winston/Documents/projects/laravel-article-cms-Rest-API/vendor/laravel/framework/src/Illuminate/Pipeline/Pipeline.php(127): Illuminate\\Pipeline\\Pipeline->{closure:{closure:Illuminate\\Pipeline\\Pipeline::carry():184}:185}()
#45 /home/winston/Documents/projects/laravel-article-cms-Rest-API/vendor/laravel/framework/src/Illuminate/Foundation/Http/Kernel.php(176): Illuminate\\Pipeline\\Pipeline->then()
#46 /home/winston/Documents/projects/laravel-article-cms-Rest-API/vendor/laravel/framework/src/Illuminate/Foundation/Http/Kernel.php(145): Illuminate\\Foundation\\Http\\Kernel->sendRequestThroughRouter()
#47 /home/winston/Documents/projects/laravel-article-cms-Rest-API/public/index.php(21): Illuminate\\Foundation\\Http\\Kernel->handle()
#48 /home/winston/Documents/projects/laravel-article-cms-Rest-API/vendor/laravel/framework/src/Illuminate/Foundation/resources/server.php(23): require_once('...')
#49 {main}
"} 
[2025-06-14 07:31:30] local.INFO: Request Origin: http://localhost:3000  
[2025-06-14 07:31:30] local.ERROR: Add [eventType] to fillable property to allow mass assignment on [App\Models\Analytics]. {"exception":"[object] (Illuminate\\Database\\Eloquent\\MassAssignmentException(code: 0): Add [eventType] to fillable property to allow mass assignment on [App\\Models\\Analytics]. at /home/winston/Documents/projects/laravel-article-cms-Rest-API/vendor/laravel/framework/src/Illuminate/Database/Eloquent/Model.php:544)
[stacktrace]
#0 /home/winston/Documents/projects/laravel-article-cms-Rest-API/vendor/laravel/framework/src/Illuminate/Database/Eloquent/Model.php(633): Illuminate\\Database\\Eloquent\\Model->fill()
#1 /home/winston/Documents/projects/laravel-article-cms-Rest-API/vendor/laravel/framework/src/Illuminate/Database/Eloquent/Builder.php(1655): Illuminate\\Database\\Eloquent\\Model->newInstance()
#2 /home/winston/Documents/projects/laravel-article-cms-Rest-API/vendor/laravel/framework/src/Illuminate/Database/Eloquent/Builder.php(1127): Illuminate\\Database\\Eloquent\\Builder->newModelInstance()
#3 /home/winston/Documents/projects/laravel-article-cms-Rest-API/vendor/laravel/framework/src/Illuminate/Support/Traits/ForwardsCalls.php(23): Illuminate\\Database\\Eloquent\\Builder->create()
#4 /home/winston/Documents/projects/laravel-article-cms-Rest-API/vendor/laravel/framework/src/Illuminate/Database/Eloquent/Model.php(2372): Illuminate\\Database\\Eloquent\\Model->forwardCallTo()
#5 /home/winston/Documents/projects/laravel-article-cms-Rest-API/vendor/laravel/framework/src/Illuminate/Database/Eloquent/Model.php(2384): Illuminate\\Database\\Eloquent\\Model->__call()
#6 /home/winston/Documents/projects/laravel-article-cms-Rest-API/app/Http/Controllers/AnalyticsController.php(32): Illuminate\\Database\\Eloquent\\Model::__callStatic()
#7 /home/winston/Documents/projects/laravel-article-cms-Rest-API/vendor/laravel/framework/src/Illuminate/Routing/ControllerDispatcher.php(47): App\\Http\\Controllers\\AnalyticsController->store()
#8 /home/winston/Documents/projects/laravel-article-cms-Rest-API/vendor/laravel/framework/src/Illuminate/Routing/Route.php(266): Illuminate\\Routing\\ControllerDispatcher->dispatch()
#9 /home/winston/Documents/projects/laravel-article-cms-Rest-API/vendor/laravel/framework/src/Illuminate/Routing/Route.php(212): Illuminate\\Routing\\Route->runController()
#10 /home/winston/Documents/projects/laravel-article-cms-Rest-API/vendor/laravel/framework/src/Illuminate/Routing/Router.php(808): Illuminate\\Routing\\Route->run()
#11 /home/winston/Documents/projects/laravel-article-cms-Rest-API/vendor/laravel/framework/src/Illuminate/Pipeline/Pipeline.php(170): Illuminate\\Routing\\Router->{closure:Illuminate\\Routing\\Router::runRouteWithinStack():807}()
#12 /home/winston/Documents/projects/laravel-article-cms-Rest-API/vendor/laravel/framework/src/Illuminate/Routing/Middleware/SubstituteBindings.php(51): Illuminate\\Pipeline\\Pipeline->{closure:Illuminate\\Pipeline\\Pipeline::prepareDestination():168}()
#13 /home/winston/Documents/projects/laravel-article-cms-Rest-API/vendor/laravel/framework/src/Illuminate/Pipeline/Pipeline.php(209): Illuminate\\Routing\\Middleware\\SubstituteBindings->handle()
#14 /home/winston/Documents/projects/laravel-article-cms-Rest-API/vendor/laravel/sanctum/src/Http/Middleware/EnsureFrontendRequestsAreStateful.php(26): Illuminate\\Pipeline\\Pipeline->{closure:{closure:Illuminate\\Pipeline\\Pipeline::carry():184}:185}()
#15 /home/winston/Documents/projects/laravel-article-cms-Rest-API/vendor/laravel/framework/src/Illuminate/Pipeline/Pipeline.php(170): Laravel\\Sanctum\\Http\\Middleware\\EnsureFrontendRequestsAreStateful->{closure:Laravel\\Sanctum\\Http\\Middleware\\EnsureFrontendRequestsAreStateful::handle():25}()
#16 /home/winston/Documents/projects/laravel-article-cms-Rest-API/vendor/laravel/framework/src/Illuminate/Pipeline/Pipeline.php(127): Illuminate\\Pipeline\\Pipeline->{closure:Illuminate\\Pipeline\\Pipeline::prepareDestination():168}()
#17 /home/winston/Documents/projects/laravel-article-cms-Rest-API/vendor/laravel/sanctum/src/Http/Middleware/EnsureFrontendRequestsAreStateful.php(25): Illuminate\\Pipeline\\Pipeline->then()
#18 /home/winston/Documents/projects/laravel-article-cms-Rest-API/vendor/laravel/framework/src/Illuminate/Pipeline/Pipeline.php(209): Laravel\\Sanctum\\Http\\Middleware\\EnsureFrontendRequestsAreStateful->handle()
#19 /home/winston/Documents/projects/laravel-article-cms-Rest-API/vendor/laravel/framework/src/Illuminate/Pipeline/Pipeline.php(127): Illuminate\\Pipeline\\Pipeline->{closure:{closure:Illuminate\\Pipeline\\Pipeline::carry():184}:185}()
#20 /home/winston/Documents/projects/laravel-article-cms-Rest-API/vendor/laravel/framework/src/Illuminate/Routing/Router.php(807): Illuminate\\Pipeline\\Pipeline->then()
#21 /home/winston/Documents/projects/laravel-article-cms-Rest-API/vendor/laravel/framework/src/Illuminate/Routing/Router.php(786): Illuminate\\Routing\\Router->runRouteWithinStack()
#22 /home/winston/Documents/projects/laravel-article-cms-Rest-API/vendor/laravel/framework/src/Illuminate/Routing/Router.php(750): Illuminate\\Routing\\Router->runRoute()
#23 /home/winston/Documents/projects/laravel-article-cms-Rest-API/vendor/laravel/framework/src/Illuminate/Routing/Router.php(739): Illuminate\\Routing\\Router->dispatchToRoute()
#24 /home/winston/Documents/projects/laravel-article-cms-Rest-API/vendor/laravel/framework/src/Illuminate/Foundation/Http/Kernel.php(201): Illuminate\\Routing\\Router->dispatch()
#25 /home/winston/Documents/projects/laravel-article-cms-Rest-API/vendor/laravel/framework/src/Illuminate/Pipeline/Pipeline.php(170): Illuminate\\Foundation\\Http\\Kernel->{closure:Illuminate\\Foundation\\Http\\Kernel::dispatchToRouter():198}()
#26 /home/winston/Documents/projects/laravel-article-cms-Rest-API/app/Http/Middleware/CorsMiddleware.php(26): Illuminate\\Pipeline\\Pipeline->{closure:Illuminate\\Pipeline\\Pipeline::prepareDestination():168}()
#27 /home/winston/Documents/projects/laravel-article-cms-Rest-API/vendor/laravel/framework/src/Illuminate/Pipeline/Pipeline.php(209): App\\Http\\Middleware\\CorsMiddleware->handle()
#28 /home/winston/Documents/projects/laravel-article-cms-Rest-API/vendor/laravel/framework/src/Illuminate/Foundation/Http/Middleware/TransformsRequest.php(21): Illuminate\\Pipeline\\Pipeline->{closure:{closure:Illuminate\\Pipeline\\Pipeline::carry():184}:185}()
#29 /home/winston/Documents/projects/laravel-article-cms-Rest-API/vendor/laravel/framework/src/Illuminate/Foundation/Http/Middleware/ConvertEmptyStringsToNull.php(31): Illuminate\\Foundation\\Http\\Middleware\\TransformsRequest->handle()
#30 /home/winston/Documents/projects/laravel-article-cms-Rest-API/vendor/laravel/framework/src/Illuminate/Pipeline/Pipeline.php(209): Illuminate\\Foundation\\Http\\Middleware\\ConvertEmptyStringsToNull->handle()
#31 /home/winston/Documents/projects/laravel-article-cms-Rest-API/vendor/laravel/framework/src/Illuminate/Foundation/Http/Middleware/TransformsRequest.php(21): Illuminate\\Pipeline\\Pipeline->{closure:{closure:Illuminate\\Pipeline\\Pipeline::carry():184}:185}()
#32 /home/winston/Documents/projects/laravel-article-cms-Rest-API/vendor/laravel/framework/src/Illuminate/Foundation/Http/Middleware/TrimStrings.php(51): Illuminate\\Foundation\\Http\\Middleware\\TransformsRequest->handle()
#33 /home/winston/Documents/projects/laravel-article-cms-Rest-API/vendor/laravel/framework/src/Illuminate/Pipeline/Pipeline.php(209): Illuminate\\Foundation\\Http\\Middleware\\TrimStrings->handle()
#34 /home/winston/Documents/projects/laravel-article-cms-Rest-API/vendor/laravel/framework/src/Illuminate/Http/Middleware/ValidatePostSize.php(27): Illuminate\\Pipeline\\Pipeline->{closure:{closure:Illuminate\\Pipeline\\Pipeline::carry():184}:185}()
#35 /home/winston/Documents/projects/laravel-article-cms-Rest-API/vendor/laravel/framework/src/Illuminate/Pipeline/Pipeline.php(209): Illuminate\\Http\\Middleware\\ValidatePostSize->handle()
#36 /home/winston/Documents/projects/laravel-article-cms-Rest-API/vendor/laravel/framework/src/Illuminate/Foundation/Http/Middleware/PreventRequestsDuringMaintenance.php(110): Illuminate\\Pipeline\\Pipeline->{closure:{closure:Illuminate\\Pipeline\\Pipeline::carry():184}:185}()
#37 /home/winston/Documents/projects/laravel-article-cms-Rest-API/vendor/laravel/framework/src/Illuminate/Pipeline/Pipeline.php(209): Illuminate\\Foundation\\Http\\Middleware\\PreventRequestsDuringMaintenance->handle()
#38 /home/winston/Documents/projects/laravel-article-cms-Rest-API/vendor/laravel/framework/src/Illuminate/Http/Middleware/HandleCors.php(62): Illuminate\\Pipeline\\Pipeline->{closure:{closure:Illuminate\\Pipeline\\Pipeline::carry():184}:185}()
#39 /home/winston/Documents/projects/laravel-article-cms-Rest-API/vendor/laravel/framework/src/Illuminate/Pipeline/Pipeline.php(209): Illuminate\\Http\\Middleware\\HandleCors->handle()
#40 /home/winston/Documents/projects/laravel-article-cms-Rest-API/vendor/laravel/framework/src/Illuminate/Http/Middleware/TrustProxies.php(58): Illuminate\\Pipeline\\Pipeline->{closure:{closure:Illuminate\\Pipeline\\Pipeline::carry():184}:185}()
#41 /home/winston/Documents/projects/laravel-article-cms-Rest-API/vendor/laravel/framework/src/Illuminate/Pipeline/Pipeline.php(209): Illuminate\\Http\\Middleware\\TrustProxies->handle()
#42 /home/winston/Documents/projects/laravel-article-cms-Rest-API/vendor/laravel/framework/src/Illuminate/Foundation/Http/Middleware/InvokeDeferredCallbacks.php(22): Illuminate\\Pipeline\\Pipeline->{closure:{closure:Illuminate\\Pipeline\\Pipeline::carry():184}:185}()
#43 /home/winston/Documents/projects/laravel-article-cms-Rest-API/vendor/laravel/framework/src/Illuminate/Pipeline/Pipeline.php(209): Illuminate\\Foundation\\Http\\Middleware\\InvokeDeferredCallbacks->handle()
#44 /home/winston/Documents/projects/laravel-article-cms-Rest-API/vendor/laravel/framework/src/Illuminate/Pipeline/Pipeline.php(127): Illuminate\\Pipeline\\Pipeline->{closure:{closure:Illuminate\\Pipeline\\Pipeline::carry():184}:185}()
#45 /home/winston/Documents/projects/laravel-article-cms-Rest-API/vendor/laravel/framework/src/Illuminate/Foundation/Http/Kernel.php(176): Illuminate\\Pipeline\\Pipeline->then()
#46 /home/winston/Documents/projects/laravel-article-cms-Rest-API/vendor/laravel/framework/src/Illuminate/Foundation/Http/Kernel.php(145): Illuminate\\Foundation\\Http\\Kernel->sendRequestThroughRouter()
#47 /home/winston/Documents/projects/laravel-article-cms-Rest-API/public/index.php(21): Illuminate\\Foundation\\Http\\Kernel->handle()
#48 /home/winston/Documents/projects/laravel-article-cms-Rest-API/vendor/laravel/framework/src/Illuminate/Foundation/resources/server.php(23): require_once('...')
#49 {main}
"} 
[2025-06-14 07:31:33] local.INFO: Request Origin: http://localhost:3000  
[2025-06-14 07:31:33] local.ERROR: Add [eventType] to fillable property to allow mass assignment on [App\Models\Analytics]. {"exception":"[object] (Illuminate\\Database\\Eloquent\\MassAssignmentException(code: 0): Add [eventType] to fillable property to allow mass assignment on [App\\Models\\Analytics]. at /home/winston/Documents/projects/laravel-article-cms-Rest-API/vendor/laravel/framework/src/Illuminate/Database/Eloquent/Model.php:544)
[stacktrace]
#0 /home/winston/Documents/projects/laravel-article-cms-Rest-API/vendor/laravel/framework/src/Illuminate/Database/Eloquent/Model.php(633): Illuminate\\Database\\Eloquent\\Model->fill()
#1 /home/winston/Documents/projects/laravel-article-cms-Rest-API/vendor/laravel/framework/src/Illuminate/Database/Eloquent/Builder.php(1655): Illuminate\\Database\\Eloquent\\Model->newInstance()
#2 /home/winston/Documents/projects/laravel-article-cms-Rest-API/vendor/laravel/framework/src/Illuminate/Database/Eloquent/Builder.php(1127): Illuminate\\Database\\Eloquent\\Builder->newModelInstance()
#3 /home/winston/Documents/projects/laravel-article-cms-Rest-API/vendor/laravel/framework/src/Illuminate/Support/Traits/ForwardsCalls.php(23): Illuminate\\Database\\Eloquent\\Builder->create()
#4 /home/winston/Documents/projects/laravel-article-cms-Rest-API/vendor/laravel/framework/src/Illuminate/Database/Eloquent/Model.php(2372): Illuminate\\Database\\Eloquent\\Model->forwardCallTo()
#5 /home/winston/Documents/projects/laravel-article-cms-Rest-API/vendor/laravel/framework/src/Illuminate/Database/Eloquent/Model.php(2384): Illuminate\\Database\\Eloquent\\Model->__call()
#6 /home/winston/Documents/projects/laravel-article-cms-Rest-API/app/Http/Controllers/AnalyticsController.php(32): Illuminate\\Database\\Eloquent\\Model::__callStatic()
#7 /home/winston/Documents/projects/laravel-article-cms-Rest-API/vendor/laravel/framework/src/Illuminate/Routing/ControllerDispatcher.php(47): App\\Http\\Controllers\\AnalyticsController->store()
#8 /home/winston/Documents/projects/laravel-article-cms-Rest-API/vendor/laravel/framework/src/Illuminate/Routing/Route.php(266): Illuminate\\Routing\\ControllerDispatcher->dispatch()
#9 /home/winston/Documents/projects/laravel-article-cms-Rest-API/vendor/laravel/framework/src/Illuminate/Routing/Route.php(212): Illuminate\\Routing\\Route->runController()
#10 /home/winston/Documents/projects/laravel-article-cms-Rest-API/vendor/laravel/framework/src/Illuminate/Routing/Router.php(808): Illuminate\\Routing\\Route->run()
#11 /home/winston/Documents/projects/laravel-article-cms-Rest-API/vendor/laravel/framework/src/Illuminate/Pipeline/Pipeline.php(170): Illuminate\\Routing\\Router->{closure:Illuminate\\Routing\\Router::runRouteWithinStack():807}()
#12 /home/winston/Documents/projects/laravel-article-cms-Rest-API/vendor/laravel/framework/src/Illuminate/Routing/Middleware/SubstituteBindings.php(51): Illuminate\\Pipeline\\Pipeline->{closure:Illuminate\\Pipeline\\Pipeline::prepareDestination():168}()
#13 /home/winston/Documents/projects/laravel-article-cms-Rest-API/vendor/laravel/framework/src/Illuminate/Pipeline/Pipeline.php(209): Illuminate\\Routing\\Middleware\\SubstituteBindings->handle()
#14 /home/winston/Documents/projects/laravel-article-cms-Rest-API/vendor/laravel/sanctum/src/Http/Middleware/EnsureFrontendRequestsAreStateful.php(26): Illuminate\\Pipeline\\Pipeline->{closure:{closure:Illuminate\\Pipeline\\Pipeline::carry():184}:185}()
#15 /home/winston/Documents/projects/laravel-article-cms-Rest-API/vendor/laravel/framework/src/Illuminate/Pipeline/Pipeline.php(170): Laravel\\Sanctum\\Http\\Middleware\\EnsureFrontendRequestsAreStateful->{closure:Laravel\\Sanctum\\Http\\Middleware\\EnsureFrontendRequestsAreStateful::handle():25}()
#16 /home/winston/Documents/projects/laravel-article-cms-Rest-API/vendor/laravel/framework/src/Illuminate/Pipeline/Pipeline.php(127): Illuminate\\Pipeline\\Pipeline->{closure:Illuminate\\Pipeline\\Pipeline::prepareDestination():168}()
#17 /home/winston/Documents/projects/laravel-article-cms-Rest-API/vendor/laravel/sanctum/src/Http/Middleware/EnsureFrontendRequestsAreStateful.php(25): Illuminate\\Pipeline\\Pipeline->then()
#18 /home/winston/Documents/projects/laravel-article-cms-Rest-API/vendor/laravel/framework/src/Illuminate/Pipeline/Pipeline.php(209): Laravel\\Sanctum\\Http\\Middleware\\EnsureFrontendRequestsAreStateful->handle()
#19 /home/winston/Documents/projects/laravel-article-cms-Rest-API/vendor/laravel/framework/src/Illuminate/Pipeline/Pipeline.php(127): Illuminate\\Pipeline\\Pipeline->{closure:{closure:Illuminate\\Pipeline\\Pipeline::carry():184}:185}()
#20 /home/winston/Documents/projects/laravel-article-cms-Rest-API/vendor/laravel/framework/src/Illuminate/Routing/Router.php(807): Illuminate\\Pipeline\\Pipeline->then()
#21 /home/winston/Documents/projects/laravel-article-cms-Rest-API/vendor/laravel/framework/src/Illuminate/Routing/Router.php(786): Illuminate\\Routing\\Router->runRouteWithinStack()
#22 /home/winston/Documents/projects/laravel-article-cms-Rest-API/vendor/laravel/framework/src/Illuminate/Routing/Router.php(750): Illuminate\\Routing\\Router->runRoute()
#23 /home/winston/Documents/projects/laravel-article-cms-Rest-API/vendor/laravel/framework/src/Illuminate/Routing/Router.php(739): Illuminate\\Routing\\Router->dispatchToRoute()
#24 /home/winston/Documents/projects/laravel-article-cms-Rest-API/vendor/laravel/framework/src/Illuminate/Foundation/Http/Kernel.php(201): Illuminate\\Routing\\Router->dispatch()
#25 /home/winston/Documents/projects/laravel-article-cms-Rest-API/vendor/laravel/framework/src/Illuminate/Pipeline/Pipeline.php(170): Illuminate\\Foundation\\Http\\Kernel->{closure:Illuminate\\Foundation\\Http\\Kernel::dispatchToRouter():198}()
#26 /home/winston/Documents/projects/laravel-article-cms-Rest-API/app/Http/Middleware/CorsMiddleware.php(26): Illuminate\\Pipeline\\Pipeline->{closure:Illuminate\\Pipeline\\Pipeline::prepareDestination():168}()
#27 /home/winston/Documents/projects/laravel-article-cms-Rest-API/vendor/laravel/framework/src/Illuminate/Pipeline/Pipeline.php(209): App\\Http\\Middleware\\CorsMiddleware->handle()
#28 /home/winston/Documents/projects/laravel-article-cms-Rest-API/vendor/laravel/framework/src/Illuminate/Foundation/Http/Middleware/TransformsRequest.php(21): Illuminate\\Pipeline\\Pipeline->{closure:{closure:Illuminate\\Pipeline\\Pipeline::carry():184}:185}()
#29 /home/winston/Documents/projects/laravel-article-cms-Rest-API/vendor/laravel/framework/src/Illuminate/Foundation/Http/Middleware/ConvertEmptyStringsToNull.php(31): Illuminate\\Foundation\\Http\\Middleware\\TransformsRequest->handle()
#30 /home/winston/Documents/projects/laravel-article-cms-Rest-API/vendor/laravel/framework/src/Illuminate/Pipeline/Pipeline.php(209): Illuminate\\Foundation\\Http\\Middleware\\ConvertEmptyStringsToNull->handle()
#31 /home/winston/Documents/projects/laravel-article-cms-Rest-API/vendor/laravel/framework/src/Illuminate/Foundation/Http/Middleware/TransformsRequest.php(21): Illuminate\\Pipeline\\Pipeline->{closure:{closure:Illuminate\\Pipeline\\Pipeline::carry():184}:185}()
#32 /home/winston/Documents/projects/laravel-article-cms-Rest-API/vendor/laravel/framework/src/Illuminate/Foundation/Http/Middleware/TrimStrings.php(51): Illuminate\\Foundation\\Http\\Middleware\\TransformsRequest->handle()
#33 /home/winston/Documents/projects/laravel-article-cms-Rest-API/vendor/laravel/framework/src/Illuminate/Pipeline/Pipeline.php(209): Illuminate\\Foundation\\Http\\Middleware\\TrimStrings->handle()
#34 /home/winston/Documents/projects/laravel-article-cms-Rest-API/vendor/laravel/framework/src/Illuminate/Http/Middleware/ValidatePostSize.php(27): Illuminate\\Pipeline\\Pipeline->{closure:{closure:Illuminate\\Pipeline\\Pipeline::carry():184}:185}()
#35 /home/winston/Documents/projects/laravel-article-cms-Rest-API/vendor/laravel/framework/src/Illuminate/Pipeline/Pipeline.php(209): Illuminate\\Http\\Middleware\\ValidatePostSize->handle()
#36 /home/winston/Documents/projects/laravel-article-cms-Rest-API/vendor/laravel/framework/src/Illuminate/Foundation/Http/Middleware/PreventRequestsDuringMaintenance.php(110): Illuminate\\Pipeline\\Pipeline->{closure:{closure:Illuminate\\Pipeline\\Pipeline::carry():184}:185}()
#37 /home/winston/Documents/projects/laravel-article-cms-Rest-API/vendor/laravel/framework/src/Illuminate/Pipeline/Pipeline.php(209): Illuminate\\Foundation\\Http\\Middleware\\PreventRequestsDuringMaintenance->handle()
#38 /home/winston/Documents/projects/laravel-article-cms-Rest-API/vendor/laravel/framework/src/Illuminate/Http/Middleware/HandleCors.php(62): Illuminate\\Pipeline\\Pipeline->{closure:{closure:Illuminate\\Pipeline\\Pipeline::carry():184}:185}()
#39 /home/winston/Documents/projects/laravel-article-cms-Rest-API/vendor/laravel/framework/src/Illuminate/Pipeline/Pipeline.php(209): Illuminate\\Http\\Middleware\\HandleCors->handle()
#40 /home/winston/Documents/projects/laravel-article-cms-Rest-API/vendor/laravel/framework/src/Illuminate/Http/Middleware/TrustProxies.php(58): Illuminate\\Pipeline\\Pipeline->{closure:{closure:Illuminate\\Pipeline\\Pipeline::carry():184}:185}()
#41 /home/winston/Documents/projects/laravel-article-cms-Rest-API/vendor/laravel/framework/src/Illuminate/Pipeline/Pipeline.php(209): Illuminate\\Http\\Middleware\\TrustProxies->handle()
#42 /home/winston/Documents/projects/laravel-article-cms-Rest-API/vendor/laravel/framework/src/Illuminate/Foundation/Http/Middleware/InvokeDeferredCallbacks.php(22): Illuminate\\Pipeline\\Pipeline->{closure:{closure:Illuminate\\Pipeline\\Pipeline::carry():184}:185}()
#43 /home/winston/Documents/projects/laravel-article-cms-Rest-API/vendor/laravel/framework/src/Illuminate/Pipeline/Pipeline.php(209): Illuminate\\Foundation\\Http\\Middleware\\InvokeDeferredCallbacks->handle()
#44 /home/winston/Documents/projects/laravel-article-cms-Rest-API/vendor/laravel/framework/src/Illuminate/Pipeline/Pipeline.php(127): Illuminate\\Pipeline\\Pipeline->{closure:{closure:Illuminate\\Pipeline\\Pipeline::carry():184}:185}()
#45 /home/winston/Documents/projects/laravel-article-cms-Rest-API/vendor/laravel/framework/src/Illuminate/Foundation/Http/Kernel.php(176): Illuminate\\Pipeline\\Pipeline->then()
#46 /home/winston/Documents/projects/laravel-article-cms-Rest-API/vendor/laravel/framework/src/Illuminate/Foundation/Http/Kernel.php(145): Illuminate\\Foundation\\Http\\Kernel->sendRequestThroughRouter()
#47 /home/winston/Documents/projects/laravel-article-cms-Rest-API/public/index.php(21): Illuminate\\Foundation\\Http\\Kernel->handle()
#48 /home/winston/Documents/projects/laravel-article-cms-Rest-API/vendor/laravel/framework/src/Illuminate/Foundation/resources/server.php(23): require_once('...')
#49 {main}
"} 
[2025-06-14 07:31:47] local.INFO: Request Origin: http://localhost:3000  
[2025-06-14 07:31:47] local.ERROR: Add [eventType] to fillable property to allow mass assignment on [App\Models\Analytics]. {"exception":"[object] (Illuminate\\Database\\Eloquent\\MassAssignmentException(code: 0): Add [eventType] to fillable property to allow mass assignment on [App\\Models\\Analytics]. at /home/winston/Documents/projects/laravel-article-cms-Rest-API/vendor/laravel/framework/src/Illuminate/Database/Eloquent/Model.php:544)
[stacktrace]
#0 /home/winston/Documents/projects/laravel-article-cms-Rest-API/vendor/laravel/framework/src/Illuminate/Database/Eloquent/Model.php(633): Illuminate\\Database\\Eloquent\\Model->fill()
#1 /home/winston/Documents/projects/laravel-article-cms-Rest-API/vendor/laravel/framework/src/Illuminate/Database/Eloquent/Builder.php(1655): Illuminate\\Database\\Eloquent\\Model->newInstance()
#2 /home/winston/Documents/projects/laravel-article-cms-Rest-API/vendor/laravel/framework/src/Illuminate/Database/Eloquent/Builder.php(1127): Illuminate\\Database\\Eloquent\\Builder->newModelInstance()
#3 /home/winston/Documents/projects/laravel-article-cms-Rest-API/vendor/laravel/framework/src/Illuminate/Support/Traits/ForwardsCalls.php(23): Illuminate\\Database\\Eloquent\\Builder->create()
#4 /home/winston/Documents/projects/laravel-article-cms-Rest-API/vendor/laravel/framework/src/Illuminate/Database/Eloquent/Model.php(2372): Illuminate\\Database\\Eloquent\\Model->forwardCallTo()
#5 /home/winston/Documents/projects/laravel-article-cms-Rest-API/vendor/laravel/framework/src/Illuminate/Database/Eloquent/Model.php(2384): Illuminate\\Database\\Eloquent\\Model->__call()
#6 /home/winston/Documents/projects/laravel-article-cms-Rest-API/app/Http/Controllers/AnalyticsController.php(32): Illuminate\\Database\\Eloquent\\Model::__callStatic()
#7 /home/winston/Documents/projects/laravel-article-cms-Rest-API/vendor/laravel/framework/src/Illuminate/Routing/ControllerDispatcher.php(47): App\\Http\\Controllers\\AnalyticsController->store()
#8 /home/winston/Documents/projects/laravel-article-cms-Rest-API/vendor/laravel/framework/src/Illuminate/Routing/Route.php(266): Illuminate\\Routing\\ControllerDispatcher->dispatch()
#9 /home/winston/Documents/projects/laravel-article-cms-Rest-API/vendor/laravel/framework/src/Illuminate/Routing/Route.php(212): Illuminate\\Routing\\Route->runController()
#10 /home/winston/Documents/projects/laravel-article-cms-Rest-API/vendor/laravel/framework/src/Illuminate/Routing/Router.php(808): Illuminate\\Routing\\Route->run()
#11 /home/winston/Documents/projects/laravel-article-cms-Rest-API/vendor/laravel/framework/src/Illuminate/Pipeline/Pipeline.php(170): Illuminate\\Routing\\Router->{closure:Illuminate\\Routing\\Router::runRouteWithinStack():807}()
#12 /home/winston/Documents/projects/laravel-article-cms-Rest-API/vendor/laravel/framework/src/Illuminate/Routing/Middleware/SubstituteBindings.php(51): Illuminate\\Pipeline\\Pipeline->{closure:Illuminate\\Pipeline\\Pipeline::prepareDestination():168}()
#13 /home/winston/Documents/projects/laravel-article-cms-Rest-API/vendor/laravel/framework/src/Illuminate/Pipeline/Pipeline.php(209): Illuminate\\Routing\\Middleware\\SubstituteBindings->handle()
#14 /home/winston/Documents/projects/laravel-article-cms-Rest-API/vendor/laravel/sanctum/src/Http/Middleware/EnsureFrontendRequestsAreStateful.php(26): Illuminate\\Pipeline\\Pipeline->{closure:{closure:Illuminate\\Pipeline\\Pipeline::carry():184}:185}()
#15 /home/winston/Documents/projects/laravel-article-cms-Rest-API/vendor/laravel/framework/src/Illuminate/Pipeline/Pipeline.php(170): Laravel\\Sanctum\\Http\\Middleware\\EnsureFrontendRequestsAreStateful->{closure:Laravel\\Sanctum\\Http\\Middleware\\EnsureFrontendRequestsAreStateful::handle():25}()
#16 /home/winston/Documents/projects/laravel-article-cms-Rest-API/vendor/laravel/framework/src/Illuminate/Pipeline/Pipeline.php(127): Illuminate\\Pipeline\\Pipeline->{closure:Illuminate\\Pipeline\\Pipeline::prepareDestination():168}()
#17 /home/winston/Documents/projects/laravel-article-cms-Rest-API/vendor/laravel/sanctum/src/Http/Middleware/EnsureFrontendRequestsAreStateful.php(25): Illuminate\\Pipeline\\Pipeline->then()
#18 /home/winston/Documents/projects/laravel-article-cms-Rest-API/vendor/laravel/framework/src/Illuminate/Pipeline/Pipeline.php(209): Laravel\\Sanctum\\Http\\Middleware\\EnsureFrontendRequestsAreStateful->handle()
#19 /home/winston/Documents/projects/laravel-article-cms-Rest-API/vendor/laravel/framework/src/Illuminate/Pipeline/Pipeline.php(127): Illuminate\\Pipeline\\Pipeline->{closure:{closure:Illuminate\\Pipeline\\Pipeline::carry():184}:185}()
#20 /home/winston/Documents/projects/laravel-article-cms-Rest-API/vendor/laravel/framework/src/Illuminate/Routing/Router.php(807): Illuminate\\Pipeline\\Pipeline->then()
#21 /home/winston/Documents/projects/laravel-article-cms-Rest-API/vendor/laravel/framework/src/Illuminate/Routing/Router.php(786): Illuminate\\Routing\\Router->runRouteWithinStack()
#22 /home/winston/Documents/projects/laravel-article-cms-Rest-API/vendor/laravel/framework/src/Illuminate/Routing/Router.php(750): Illuminate\\Routing\\Router->runRoute()
#23 /home/winston/Documents/projects/laravel-article-cms-Rest-API/vendor/laravel/framework/src/Illuminate/Routing/Router.php(739): Illuminate\\Routing\\Router->dispatchToRoute()
#24 /home/winston/Documents/projects/laravel-article-cms-Rest-API/vendor/laravel/framework/src/Illuminate/Foundation/Http/Kernel.php(201): Illuminate\\Routing\\Router->dispatch()
#25 /home/winston/Documents/projects/laravel-article-cms-Rest-API/vendor/laravel/framework/src/Illuminate/Pipeline/Pipeline.php(170): Illuminate\\Foundation\\Http\\Kernel->{closure:Illuminate\\Foundation\\Http\\Kernel::dispatchToRouter():198}()
#26 /home/winston/Documents/projects/laravel-article-cms-Rest-API/app/Http/Middleware/CorsMiddleware.php(26): Illuminate\\Pipeline\\Pipeline->{closure:Illuminate\\Pipeline\\Pipeline::prepareDestination():168}()
#27 /home/winston/Documents/projects/laravel-article-cms-Rest-API/vendor/laravel/framework/src/Illuminate/Pipeline/Pipeline.php(209): App\\Http\\Middleware\\CorsMiddleware->handle()
#28 /home/winston/Documents/projects/laravel-article-cms-Rest-API/vendor/laravel/framework/src/Illuminate/Foundation/Http/Middleware/TransformsRequest.php(21): Illuminate\\Pipeline\\Pipeline->{closure:{closure:Illuminate\\Pipeline\\Pipeline::carry():184}:185}()
#29 /home/winston/Documents/projects/laravel-article-cms-Rest-API/vendor/laravel/framework/src/Illuminate/Foundation/Http/Middleware/ConvertEmptyStringsToNull.php(31): Illuminate\\Foundation\\Http\\Middleware\\TransformsRequest->handle()
#30 /home/winston/Documents/projects/laravel-article-cms-Rest-API/vendor/laravel/framework/src/Illuminate/Pipeline/Pipeline.php(209): Illuminate\\Foundation\\Http\\Middleware\\ConvertEmptyStringsToNull->handle()
#31 /home/winston/Documents/projects/laravel-article-cms-Rest-API/vendor/laravel/framework/src/Illuminate/Foundation/Http/Middleware/TransformsRequest.php(21): Illuminate\\Pipeline\\Pipeline->{closure:{closure:Illuminate\\Pipeline\\Pipeline::carry():184}:185}()
#32 /home/winston/Documents/projects/laravel-article-cms-Rest-API/vendor/laravel/framework/src/Illuminate/Foundation/Http/Middleware/TrimStrings.php(51): Illuminate\\Foundation\\Http\\Middleware\\TransformsRequest->handle()
#33 /home/winston/Documents/projects/laravel-article-cms-Rest-API/vendor/laravel/framework/src/Illuminate/Pipeline/Pipeline.php(209): Illuminate\\Foundation\\Http\\Middleware\\TrimStrings->handle()
#34 /home/winston/Documents/projects/laravel-article-cms-Rest-API/vendor/laravel/framework/src/Illuminate/Http/Middleware/ValidatePostSize.php(27): Illuminate\\Pipeline\\Pipeline->{closure:{closure:Illuminate\\Pipeline\\Pipeline::carry():184}:185}()
#35 /home/winston/Documents/projects/laravel-article-cms-Rest-API/vendor/laravel/framework/src/Illuminate/Pipeline/Pipeline.php(209): Illuminate\\Http\\Middleware\\ValidatePostSize->handle()
#36 /home/winston/Documents/projects/laravel-article-cms-Rest-API/vendor/laravel/framework/src/Illuminate/Foundation/Http/Middleware/PreventRequestsDuringMaintenance.php(110): Illuminate\\Pipeline\\Pipeline->{closure:{closure:Illuminate\\Pipeline\\Pipeline::carry():184}:185}()
#37 /home/winston/Documents/projects/laravel-article-cms-Rest-API/vendor/laravel/framework/src/Illuminate/Pipeline/Pipeline.php(209): Illuminate\\Foundation\\Http\\Middleware\\PreventRequestsDuringMaintenance->handle()
#38 /home/winston/Documents/projects/laravel-article-cms-Rest-API/vendor/laravel/framework/src/Illuminate/Http/Middleware/HandleCors.php(62): Illuminate\\Pipeline\\Pipeline->{closure:{closure:Illuminate\\Pipeline\\Pipeline::carry():184}:185}()
#39 /home/winston/Documents/projects/laravel-article-cms-Rest-API/vendor/laravel/framework/src/Illuminate/Pipeline/Pipeline.php(209): Illuminate\\Http\\Middleware\\HandleCors->handle()
#40 /home/winston/Documents/projects/laravel-article-cms-Rest-API/vendor/laravel/framework/src/Illuminate/Http/Middleware/TrustProxies.php(58): Illuminate\\Pipeline\\Pipeline->{closure:{closure:Illuminate\\Pipeline\\Pipeline::carry():184}:185}()
#41 /home/winston/Documents/projects/laravel-article-cms-Rest-API/vendor/laravel/framework/src/Illuminate/Pipeline/Pipeline.php(209): Illuminate\\Http\\Middleware\\TrustProxies->handle()
#42 /home/winston/Documents/projects/laravel-article-cms-Rest-API/vendor/laravel/framework/src/Illuminate/Foundation/Http/Middleware/InvokeDeferredCallbacks.php(22): Illuminate\\Pipeline\\Pipeline->{closure:{closure:Illuminate\\Pipeline\\Pipeline::carry():184}:185}()
#43 /home/winston/Documents/projects/laravel-article-cms-Rest-API/vendor/laravel/framework/src/Illuminate/Pipeline/Pipeline.php(209): Illuminate\\Foundation\\Http\\Middleware\\InvokeDeferredCallbacks->handle()
#44 /home/winston/Documents/projects/laravel-article-cms-Rest-API/vendor/laravel/framework/src/Illuminate/Pipeline/Pipeline.php(127): Illuminate\\Pipeline\\Pipeline->{closure:{closure:Illuminate\\Pipeline\\Pipeline::carry():184}:185}()
#45 /home/winston/Documents/projects/laravel-article-cms-Rest-API/vendor/laravel/framework/src/Illuminate/Foundation/Http/Kernel.php(176): Illuminate\\Pipeline\\Pipeline->then()
#46 /home/winston/Documents/projects/laravel-article-cms-Rest-API/vendor/laravel/framework/src/Illuminate/Foundation/Http/Kernel.php(145): Illuminate\\Foundation\\Http\\Kernel->sendRequestThroughRouter()
#47 /home/winston/Documents/projects/laravel-article-cms-Rest-API/public/index.php(21): Illuminate\\Foundation\\Http\\Kernel->handle()
#48 /home/winston/Documents/projects/laravel-article-cms-Rest-API/vendor/laravel/framework/src/Illuminate/Foundation/resources/server.php(23): require_once('...')
#49 {main}
"} 
[2025-06-14 07:33:55] local.INFO: Request Origin: http://localhost:3000  
[2025-06-14 07:33:55] local.ERROR: SQLSTATE[42S22]: Column not found: 1054 Unknown column 'path' in 'INSERT INTO' (Connection: mysql, SQL: insert into `analytics` (`eventType`, `url`, `path`, `referrer`, `timestamp`, `userId`, `browserName`, `browserVersion`, `os`, `deviceType`, `deviceVendor`, `deviceModel`, `cpuArchitecture`, `isArmCpu`, `isMobile`, `screenWidth`, `screenHeight`, `language`, `timezone`, `connectionType`, `updated_at`, `created_at`) values (pageview, http://localhost:3000/, /, ?, 2025-06-14T07:33:55.232Z, ?, Firefox, 139.0, Linux, desktop, unknown, unknown, amd64, 0, 0, 1920, 1080, en-US, Africa/Nouakchott, unknown, 2025-06-14 07:33:55, 2025-06-14 07:33:55)) {"exception":"[object] (Illuminate\\Database\\QueryException(code: 42S22): SQLSTATE[42S22]: Column not found: 1054 Unknown column 'path' in 'INSERT INTO' (Connection: mysql, SQL: insert into `analytics` (`eventType`, `url`, `path`, `referrer`, `timestamp`, `userId`, `browserName`, `browserVersion`, `os`, `deviceType`, `deviceVendor`, `deviceModel`, `cpuArchitecture`, `isArmCpu`, `isMobile`, `screenWidth`, `screenHeight`, `language`, `timezone`, `connectionType`, `updated_at`, `created_at`) values (pageview, http://localhost:3000/, /, ?, 2025-06-14T07:33:55.232Z, ?, Firefox, 139.0, Linux, desktop, unknown, unknown, amd64, 0, 0, 1920, 1080, en-US, Africa/Nouakchott, unknown, 2025-06-14 07:33:55, 2025-06-14 07:33:55)) at /home/winston/Documents/projects/laravel-article-cms-Rest-API/vendor/laravel/framework/src/Illuminate/Database/Connection.php:825)
[stacktrace]
#0 /home/winston/Documents/projects/laravel-article-cms-Rest-API/vendor/laravel/framework/src/Illuminate/Database/Connection.php(779): Illuminate\\Database\\Connection->runQueryCallback()
#1 /home/winston/Documents/projects/laravel-article-cms-Rest-API/vendor/laravel/framework/src/Illuminate/Database/MySqlConnection.php(42): Illuminate\\Database\\Connection->run()
#2 /home/winston/Documents/projects/laravel-article-cms-Rest-API/vendor/laravel/framework/src/Illuminate/Database/Query/Processors/MySqlProcessor.php(35): Illuminate\\Database\\MySqlConnection->insert()
#3 /home/winston/Documents/projects/laravel-article-cms-Rest-API/vendor/laravel/framework/src/Illuminate/Database/Query/Builder.php(3766): Illuminate\\Database\\Query\\Processors\\MySqlProcessor->processInsertGetId()
#4 /home/winston/Documents/projects/laravel-article-cms-Rest-API/vendor/laravel/framework/src/Illuminate/Database/Eloquent/Builder.php(2120): Illuminate\\Database\\Query\\Builder->insertGetId()
#5 /home/winston/Documents/projects/laravel-article-cms-Rest-API/vendor/laravel/framework/src/Illuminate/Database/Eloquent/Model.php(1359): Illuminate\\Database\\Eloquent\\Builder->__call()
#6 /home/winston/Documents/projects/laravel-article-cms-Rest-API/vendor/laravel/framework/src/Illuminate/Database/Eloquent/Model.php(1324): Illuminate\\Database\\Eloquent\\Model->insertAndSetId()
#7 /home/winston/Documents/projects/laravel-article-cms-Rest-API/vendor/laravel/framework/src/Illuminate/Database/Eloquent/Model.php(1163): Illuminate\\Database\\Eloquent\\Model->performInsert()
#8 /home/winston/Documents/projects/laravel-article-cms-Rest-API/vendor/laravel/framework/src/Illuminate/Database/Eloquent/Builder.php(1128): Illuminate\\Database\\Eloquent\\Model->save()
#9 /home/winston/Documents/projects/laravel-article-cms-Rest-API/vendor/laravel/framework/src/Illuminate/Support/helpers.php(399): Illuminate\\Database\\Eloquent\\Builder->{closure:Illuminate\\Database\\Eloquent\\Builder::create():1127}()
#10 /home/winston/Documents/projects/laravel-article-cms-Rest-API/vendor/laravel/framework/src/Illuminate/Database/Eloquent/Builder.php(1127): tap()
#11 /home/winston/Documents/projects/laravel-article-cms-Rest-API/vendor/laravel/framework/src/Illuminate/Support/Traits/ForwardsCalls.php(23): Illuminate\\Database\\Eloquent\\Builder->create()
#12 /home/winston/Documents/projects/laravel-article-cms-Rest-API/vendor/laravel/framework/src/Illuminate/Database/Eloquent/Model.php(2372): Illuminate\\Database\\Eloquent\\Model->forwardCallTo()
#13 /home/winston/Documents/projects/laravel-article-cms-Rest-API/vendor/laravel/framework/src/Illuminate/Database/Eloquent/Model.php(2384): Illuminate\\Database\\Eloquent\\Model->__call()
#14 /home/winston/Documents/projects/laravel-article-cms-Rest-API/app/Http/Controllers/AnalyticsController.php(32): Illuminate\\Database\\Eloquent\\Model::__callStatic()
#15 /home/winston/Documents/projects/laravel-article-cms-Rest-API/vendor/laravel/framework/src/Illuminate/Routing/ControllerDispatcher.php(47): App\\Http\\Controllers\\AnalyticsController->store()
#16 /home/winston/Documents/projects/laravel-article-cms-Rest-API/vendor/laravel/framework/src/Illuminate/Routing/Route.php(266): Illuminate\\Routing\\ControllerDispatcher->dispatch()
#17 /home/winston/Documents/projects/laravel-article-cms-Rest-API/vendor/laravel/framework/src/Illuminate/Routing/Route.php(212): Illuminate\\Routing\\Route->runController()
#18 /home/winston/Documents/projects/laravel-article-cms-Rest-API/vendor/laravel/framework/src/Illuminate/Routing/Router.php(808): Illuminate\\Routing\\Route->run()
#19 /home/winston/Documents/projects/laravel-article-cms-Rest-API/vendor/laravel/framework/src/Illuminate/Pipeline/Pipeline.php(170): Illuminate\\Routing\\Router->{closure:Illuminate\\Routing\\Router::runRouteWithinStack():807}()
#20 /home/winston/Documents/projects/laravel-article-cms-Rest-API/vendor/laravel/framework/src/Illuminate/Routing/Middleware/SubstituteBindings.php(51): Illuminate\\Pipeline\\Pipeline->{closure:Illuminate\\Pipeline\\Pipeline::prepareDestination():168}()
#21 /home/winston/Documents/projects/laravel-article-cms-Rest-API/vendor/laravel/framework/src/Illuminate/Pipeline/Pipeline.php(209): Illuminate\\Routing\\Middleware\\SubstituteBindings->handle()
#22 /home/winston/Documents/projects/laravel-article-cms-Rest-API/vendor/laravel/sanctum/src/Http/Middleware/EnsureFrontendRequestsAreStateful.php(26): Illuminate\\Pipeline\\Pipeline->{closure:{closure:Illuminate\\Pipeline\\Pipeline::carry():184}:185}()
#23 /home/winston/Documents/projects/laravel-article-cms-Rest-API/vendor/laravel/framework/src/Illuminate/Pipeline/Pipeline.php(170): Laravel\\Sanctum\\Http\\Middleware\\EnsureFrontendRequestsAreStateful->{closure:Laravel\\Sanctum\\Http\\Middleware\\EnsureFrontendRequestsAreStateful::handle():25}()
#24 /home/winston/Documents/projects/laravel-article-cms-Rest-API/vendor/laravel/framework/src/Illuminate/Pipeline/Pipeline.php(127): Illuminate\\Pipeline\\Pipeline->{closure:Illuminate\\Pipeline\\Pipeline::prepareDestination():168}()
#25 /home/winston/Documents/projects/laravel-article-cms-Rest-API/vendor/laravel/sanctum/src/Http/Middleware/EnsureFrontendRequestsAreStateful.php(25): Illuminate\\Pipeline\\Pipeline->then()
#26 /home/winston/Documents/projects/laravel-article-cms-Rest-API/vendor/laravel/framework/src/Illuminate/Pipeline/Pipeline.php(209): Laravel\\Sanctum\\Http\\Middleware\\EnsureFrontendRequestsAreStateful->handle()
#27 /home/winston/Documents/projects/laravel-article-cms-Rest-API/vendor/laravel/framework/src/Illuminate/Pipeline/Pipeline.php(127): Illuminate\\Pipeline\\Pipeline->{closure:{closure:Illuminate\\Pipeline\\Pipeline::carry():184}:185}()
#28 /home/winston/Documents/projects/laravel-article-cms-Rest-API/vendor/laravel/framework/src/Illuminate/Routing/Router.php(807): Illuminate\\Pipeline\\Pipeline->then()
#29 /home/winston/Documents/projects/laravel-article-cms-Rest-API/vendor/laravel/framework/src/Illuminate/Routing/Router.php(786): Illuminate\\Routing\\Router->runRouteWithinStack()
#30 /home/winston/Documents/projects/laravel-article-cms-Rest-API/vendor/laravel/framework/src/Illuminate/Routing/Router.php(750): Illuminate\\Routing\\Router->runRoute()
#31 /home/winston/Documents/projects/laravel-article-cms-Rest-API/vendor/laravel/framework/src/Illuminate/Routing/Router.php(739): Illuminate\\Routing\\Router->dispatchToRoute()
#32 /home/winston/Documents/projects/laravel-article-cms-Rest-API/vendor/laravel/framework/src/Illuminate/Foundation/Http/Kernel.php(201): Illuminate\\Routing\\Router->dispatch()
#33 /home/winston/Documents/projects/laravel-article-cms-Rest-API/vendor/laravel/framework/src/Illuminate/Pipeline/Pipeline.php(170): Illuminate\\Foundation\\Http\\Kernel->{closure:Illuminate\\Foundation\\Http\\Kernel::dispatchToRouter():198}()
#34 /home/winston/Documents/projects/laravel-article-cms-Rest-API/app/Http/Middleware/CorsMiddleware.php(26): Illuminate\\Pipeline\\Pipeline->{closure:Illuminate\\Pipeline\\Pipeline::prepareDestination():168}()
#35 /home/winston/Documents/projects/laravel-article-cms-Rest-API/vendor/laravel/framework/src/Illuminate/Pipeline/Pipeline.php(209): App\\Http\\Middleware\\CorsMiddleware->handle()
#36 /home/winston/Documents/projects/laravel-article-cms-Rest-API/vendor/laravel/framework/src/Illuminate/Foundation/Http/Middleware/TransformsRequest.php(21): Illuminate\\Pipeline\\Pipeline->{closure:{closure:Illuminate\\Pipeline\\Pipeline::carry():184}:185}()
#37 /home/winston/Documents/projects/laravel-article-cms-Rest-API/vendor/laravel/framework/src/Illuminate/Foundation/Http/Middleware/ConvertEmptyStringsToNull.php(31): Illuminate\\Foundation\\Http\\Middleware\\TransformsRequest->handle()
#38 /home/winston/Documents/projects/laravel-article-cms-Rest-API/vendor/laravel/framework/src/Illuminate/Pipeline/Pipeline.php(209): Illuminate\\Foundation\\Http\\Middleware\\ConvertEmptyStringsToNull->handle()
#39 /home/winston/Documents/projects/laravel-article-cms-Rest-API/vendor/laravel/framework/src/Illuminate/Foundation/Http/Middleware/TransformsRequest.php(21): Illuminate\\Pipeline\\Pipeline->{closure:{closure:Illuminate\\Pipeline\\Pipeline::carry():184}:185}()
#40 /home/winston/Documents/projects/laravel-article-cms-Rest-API/vendor/laravel/framework/src/Illuminate/Foundation/Http/Middleware/TrimStrings.php(51): Illuminate\\Foundation\\Http\\Middleware\\TransformsRequest->handle()
#41 /home/winston/Documents/projects/laravel-article-cms-Rest-API/vendor/laravel/framework/src/Illuminate/Pipeline/Pipeline.php(209): Illuminate\\Foundation\\Http\\Middleware\\TrimStrings->handle()
#42 /home/winston/Documents/projects/laravel-article-cms-Rest-API/vendor/laravel/framework/src/Illuminate/Http/Middleware/ValidatePostSize.php(27): Illuminate\\Pipeline\\Pipeline->{closure:{closure:Illuminate\\Pipeline\\Pipeline::carry():184}:185}()
#43 /home/winston/Documents/projects/laravel-article-cms-Rest-API/vendor/laravel/framework/src/Illuminate/Pipeline/Pipeline.php(209): Illuminate\\Http\\Middleware\\ValidatePostSize->handle()
#44 /home/winston/Documents/projects/laravel-article-cms-Rest-API/vendor/laravel/framework/src/Illuminate/Foundation/Http/Middleware/PreventRequestsDuringMaintenance.php(110): Illuminate\\Pipeline\\Pipeline->{closure:{closure:Illuminate\\Pipeline\\Pipeline::carry():184}:185}()
#45 /home/winston/Documents/projects/laravel-article-cms-Rest-API/vendor/laravel/framework/src/Illuminate/Pipeline/Pipeline.php(209): Illuminate\\Foundation\\Http\\Middleware\\PreventRequestsDuringMaintenance->handle()
#46 /home/winston/Documents/projects/laravel-article-cms-Rest-API/vendor/laravel/framework/src/Illuminate/Http/Middleware/HandleCors.php(62): Illuminate\\Pipeline\\Pipeline->{closure:{closure:Illuminate\\Pipeline\\Pipeline::carry():184}:185}()
#47 /home/winston/Documents/projects/laravel-article-cms-Rest-API/vendor/laravel/framework/src/Illuminate/Pipeline/Pipeline.php(209): Illuminate\\Http\\Middleware\\HandleCors->handle()
#48 /home/winston/Documents/projects/laravel-article-cms-Rest-API/vendor/laravel/framework/src/Illuminate/Http/Middleware/TrustProxies.php(58): Illuminate\\Pipeline\\Pipeline->{closure:{closure:Illuminate\\Pipeline\\Pipeline::carry():184}:185}()
#49 /home/winston/Documents/projects/laravel-article-cms-Rest-API/vendor/laravel/framework/src/Illuminate/Pipeline/Pipeline.php(209): Illuminate\\Http\\Middleware\\TrustProxies->handle()
#50 /home/winston/Documents/projects/laravel-article-cms-Rest-API/vendor/laravel/framework/src/Illuminate/Foundation/Http/Middleware/InvokeDeferredCallbacks.php(22): Illuminate\\Pipeline\\Pipeline->{closure:{closure:Illuminate\\Pipeline\\Pipeline::carry():184}:185}()
#51 /home/winston/Documents/projects/laravel-article-cms-Rest-API/vendor/laravel/framework/src/Illuminate/Pipeline/Pipeline.php(209): Illuminate\\Foundation\\Http\\Middleware\\InvokeDeferredCallbacks->handle()
#52 /home/winston/Documents/projects/laravel-article-cms-Rest-API/vendor/laravel/framework/src/Illuminate/Pipeline/Pipeline.php(127): Illuminate\\Pipeline\\Pipeline->{closure:{closure:Illuminate\\Pipeline\\Pipeline::carry():184}:185}()
#53 /home/winston/Documents/projects/laravel-article-cms-Rest-API/vendor/laravel/framework/src/Illuminate/Foundation/Http/Kernel.php(176): Illuminate\\Pipeline\\Pipeline->then()
#54 /home/winston/Documents/projects/laravel-article-cms-Rest-API/vendor/laravel/framework/src/Illuminate/Foundation/Http/Kernel.php(145): Illuminate\\Foundation\\Http\\Kernel->sendRequestThroughRouter()
#55 /home/winston/Documents/projects/laravel-article-cms-Rest-API/public/index.php(21): Illuminate\\Foundation\\Http\\Kernel->handle()
#56 /home/winston/Documents/projects/laravel-article-cms-Rest-API/vendor/laravel/framework/src/Illuminate/Foundation/resources/server.php(23): require_once('...')
#57 {main}

[previous exception] [object] (PDOException(code: 42S22): SQLSTATE[42S22]: Column not found: 1054 Unknown column 'path' in 'INSERT INTO' at /home/winston/Documents/projects/laravel-article-cms-Rest-API/vendor/laravel/framework/src/Illuminate/Database/MySqlConnection.php:47)
[stacktrace]
#0 /home/winston/Documents/projects/laravel-article-cms-Rest-API/vendor/laravel/framework/src/Illuminate/Database/MySqlConnection.php(47): PDO->prepare()
#1 /home/winston/Documents/projects/laravel-article-cms-Rest-API/vendor/laravel/framework/src/Illuminate/Database/Connection.php(812): Illuminate\\Database\\MySqlConnection->{closure:Illuminate\\Database\\MySqlConnection::insert():42}()
#2 /home/winston/Documents/projects/laravel-article-cms-Rest-API/vendor/laravel/framework/src/Illuminate/Database/Connection.php(779): Illuminate\\Database\\Connection->runQueryCallback()
#3 /home/winston/Documents/projects/laravel-article-cms-Rest-API/vendor/laravel/framework/src/Illuminate/Database/MySqlConnection.php(42): Illuminate\\Database\\Connection->run()
#4 /home/winston/Documents/projects/laravel-article-cms-Rest-API/vendor/laravel/framework/src/Illuminate/Database/Query/Processors/MySqlProcessor.php(35): Illuminate\\Database\\MySqlConnection->insert()
#5 /home/winston/Documents/projects/laravel-article-cms-Rest-API/vendor/laravel/framework/src/Illuminate/Database/Query/Builder.php(3766): Illuminate\\Database\\Query\\Processors\\MySqlProcessor->processInsertGetId()
#6 /home/winston/Documents/projects/laravel-article-cms-Rest-API/vendor/laravel/framework/src/Illuminate/Database/Eloquent/Builder.php(2120): Illuminate\\Database\\Query\\Builder->insertGetId()
#7 /home/winston/Documents/projects/laravel-article-cms-Rest-API/vendor/laravel/framework/src/Illuminate/Database/Eloquent/Model.php(1359): Illuminate\\Database\\Eloquent\\Builder->__call()
#8 /home/winston/Documents/projects/laravel-article-cms-Rest-API/vendor/laravel/framework/src/Illuminate/Database/Eloquent/Model.php(1324): Illuminate\\Database\\Eloquent\\Model->insertAndSetId()
#9 /home/winston/Documents/projects/laravel-article-cms-Rest-API/vendor/laravel/framework/src/Illuminate/Database/Eloquent/Model.php(1163): Illuminate\\Database\\Eloquent\\Model->performInsert()
#10 /home/winston/Documents/projects/laravel-article-cms-Rest-API/vendor/laravel/framework/src/Illuminate/Database/Eloquent/Builder.php(1128): Illuminate\\Database\\Eloquent\\Model->save()
#11 /home/winston/Documents/projects/laravel-article-cms-Rest-API/vendor/laravel/framework/src/Illuminate/Support/helpers.php(399): Illuminate\\Database\\Eloquent\\Builder->{closure:Illuminate\\Database\\Eloquent\\Builder::create():1127}()
#12 /home/winston/Documents/projects/laravel-article-cms-Rest-API/vendor/laravel/framework/src/Illuminate/Database/Eloquent/Builder.php(1127): tap()
#13 /home/winston/Documents/projects/laravel-article-cms-Rest-API/vendor/laravel/framework/src/Illuminate/Support/Traits/ForwardsCalls.php(23): Illuminate\\Database\\Eloquent\\Builder->create()
#14 /home/winston/Documents/projects/laravel-article-cms-Rest-API/vendor/laravel/framework/src/Illuminate/Database/Eloquent/Model.php(2372): Illuminate\\Database\\Eloquent\\Model->forwardCallTo()
#15 /home/winston/Documents/projects/laravel-article-cms-Rest-API/vendor/laravel/framework/src/Illuminate/Database/Eloquent/Model.php(2384): Illuminate\\Database\\Eloquent\\Model->__call()
#16 /home/winston/Documents/projects/laravel-article-cms-Rest-API/app/Http/Controllers/AnalyticsController.php(32): Illuminate\\Database\\Eloquent\\Model::__callStatic()
#17 /home/winston/Documents/projects/laravel-article-cms-Rest-API/vendor/laravel/framework/src/Illuminate/Routing/ControllerDispatcher.php(47): App\\Http\\Controllers\\AnalyticsController->store()
#18 /home/winston/Documents/projects/laravel-article-cms-Rest-API/vendor/laravel/framework/src/Illuminate/Routing/Route.php(266): Illuminate\\Routing\\ControllerDispatcher->dispatch()
#19 /home/winston/Documents/projects/laravel-article-cms-Rest-API/vendor/laravel/framework/src/Illuminate/Routing/Route.php(212): Illuminate\\Routing\\Route->runController()
#20 /home/winston/Documents/projects/laravel-article-cms-Rest-API/vendor/laravel/framework/src/Illuminate/Routing/Router.php(808): Illuminate\\Routing\\Route->run()
#21 /home/winston/Documents/projects/laravel-article-cms-Rest-API/vendor/laravel/framework/src/Illuminate/Pipeline/Pipeline.php(170): Illuminate\\Routing\\Router->{closure:Illuminate\\Routing\\Router::runRouteWithinStack():807}()
#22 /home/winston/Documents/projects/laravel-article-cms-Rest-API/vendor/laravel/framework/src/Illuminate/Routing/Middleware/SubstituteBindings.php(51): Illuminate\\Pipeline\\Pipeline->{closure:Illuminate\\Pipeline\\Pipeline::prepareDestination():168}()
#23 /home/winston/Documents/projects/laravel-article-cms-Rest-API/vendor/laravel/framework/src/Illuminate/Pipeline/Pipeline.php(209): Illuminate\\Routing\\Middleware\\SubstituteBindings->handle()
#24 /home/winston/Documents/projects/laravel-article-cms-Rest-API/vendor/laravel/sanctum/src/Http/Middleware/EnsureFrontendRequestsAreStateful.php(26): Illuminate\\Pipeline\\Pipeline->{closure:{closure:Illuminate\\Pipeline\\Pipeline::carry():184}:185}()
#25 /home/winston/Documents/projects/laravel-article-cms-Rest-API/vendor/laravel/framework/src/Illuminate/Pipeline/Pipeline.php(170): Laravel\\Sanctum\\Http\\Middleware\\EnsureFrontendRequestsAreStateful->{closure:Laravel\\Sanctum\\Http\\Middleware\\EnsureFrontendRequestsAreStateful::handle():25}()
#26 /home/winston/Documents/projects/laravel-article-cms-Rest-API/vendor/laravel/framework/src/Illuminate/Pipeline/Pipeline.php(127): Illuminate\\Pipeline\\Pipeline->{closure:Illuminate\\Pipeline\\Pipeline::prepareDestination():168}()
#27 /home/winston/Documents/projects/laravel-article-cms-Rest-API/vendor/laravel/sanctum/src/Http/Middleware/EnsureFrontendRequestsAreStateful.php(25): Illuminate\\Pipeline\\Pipeline->then()
#28 /home/winston/Documents/projects/laravel-article-cms-Rest-API/vendor/laravel/framework/src/Illuminate/Pipeline/Pipeline.php(209): Laravel\\Sanctum\\Http\\Middleware\\EnsureFrontendRequestsAreStateful->handle()
#29 /home/winston/Documents/projects/laravel-article-cms-Rest-API/vendor/laravel/framework/src/Illuminate/Pipeline/Pipeline.php(127): Illuminate\\Pipeline\\Pipeline->{closure:{closure:Illuminate\\Pipeline\\Pipeline::carry():184}:185}()
#30 /home/winston/Documents/projects/laravel-article-cms-Rest-API/vendor/laravel/framework/src/Illuminate/Routing/Router.php(807): Illuminate\\Pipeline\\Pipeline->then()
#31 /home/winston/Documents/projects/laravel-article-cms-Rest-API/vendor/laravel/framework/src/Illuminate/Routing/Router.php(786): Illuminate\\Routing\\Router->runRouteWithinStack()
#32 /home/winston/Documents/projects/laravel-article-cms-Rest-API/vendor/laravel/framework/src/Illuminate/Routing/Router.php(750): Illuminate\\Routing\\Router->runRoute()
#33 /home/winston/Documents/projects/laravel-article-cms-Rest-API/vendor/laravel/framework/src/Illuminate/Routing/Router.php(739): Illuminate\\Routing\\Router->dispatchToRoute()
#34 /home/winston/Documents/projects/laravel-article-cms-Rest-API/vendor/laravel/framework/src/Illuminate/Foundation/Http/Kernel.php(201): Illuminate\\Routing\\Router->dispatch()
#35 /home/winston/Documents/projects/laravel-article-cms-Rest-API/vendor/laravel/framework/src/Illuminate/Pipeline/Pipeline.php(170): Illuminate\\Foundation\\Http\\Kernel->{closure:Illuminate\\Foundation\\Http\\Kernel::dispatchToRouter():198}()
#36 /home/winston/Documents/projects/laravel-article-cms-Rest-API/app/Http/Middleware/CorsMiddleware.php(26): Illuminate\\Pipeline\\Pipeline->{closure:Illuminate\\Pipeline\\Pipeline::prepareDestination():168}()
#37 /home/winston/Documents/projects/laravel-article-cms-Rest-API/vendor/laravel/framework/src/Illuminate/Pipeline/Pipeline.php(209): App\\Http\\Middleware\\CorsMiddleware->handle()
#38 /home/winston/Documents/projects/laravel-article-cms-Rest-API/vendor/laravel/framework/src/Illuminate/Foundation/Http/Middleware/TransformsRequest.php(21): Illuminate\\Pipeline\\Pipeline->{closure:{closure:Illuminate\\Pipeline\\Pipeline::carry():184}:185}()
#39 /home/winston/Documents/projects/laravel-article-cms-Rest-API/vendor/laravel/framework/src/Illuminate/Foundation/Http/Middleware/ConvertEmptyStringsToNull.php(31): Illuminate\\Foundation\\Http\\Middleware\\TransformsRequest->handle()
#40 /home/winston/Documents/projects/laravel-article-cms-Rest-API/vendor/laravel/framework/src/Illuminate/Pipeline/Pipeline.php(209): Illuminate\\Foundation\\Http\\Middleware\\ConvertEmptyStringsToNull->handle()
#41 /home/winston/Documents/projects/laravel-article-cms-Rest-API/vendor/laravel/framework/src/Illuminate/Foundation/Http/Middleware/TransformsRequest.php(21): Illuminate\\Pipeline\\Pipeline->{closure:{closure:Illuminate\\Pipeline\\Pipeline::carry():184}:185}()
#42 /home/winston/Documents/projects/laravel-article-cms-Rest-API/vendor/laravel/framework/src/Illuminate/Foundation/Http/Middleware/TrimStrings.php(51): Illuminate\\Foundation\\Http\\Middleware\\TransformsRequest->handle()
#43 /home/winston/Documents/projects/laravel-article-cms-Rest-API/vendor/laravel/framework/src/Illuminate/Pipeline/Pipeline.php(209): Illuminate\\Foundation\\Http\\Middleware\\TrimStrings->handle()
#44 /home/winston/Documents/projects/laravel-article-cms-Rest-API/vendor/laravel/framework/src/Illuminate/Http/Middleware/ValidatePostSize.php(27): Illuminate\\Pipeline\\Pipeline->{closure:{closure:Illuminate\\Pipeline\\Pipeline::carry():184}:185}()
#45 /home/winston/Documents/projects/laravel-article-cms-Rest-API/vendor/laravel/framework/src/Illuminate/Pipeline/Pipeline.php(209): Illuminate\\Http\\Middleware\\ValidatePostSize->handle()
#46 /home/winston/Documents/projects/laravel-article-cms-Rest-API/vendor/laravel/framework/src/Illuminate/Foundation/Http/Middleware/PreventRequestsDuringMaintenance.php(110): Illuminate\\Pipeline\\Pipeline->{closure:{closure:Illuminate\\Pipeline\\Pipeline::carry():184}:185}()
#47 /home/winston/Documents/projects/laravel-article-cms-Rest-API/vendor/laravel/framework/src/Illuminate/Pipeline/Pipeline.php(209): Illuminate\\Foundation\\Http\\Middleware\\PreventRequestsDuringMaintenance->handle()
#48 /home/winston/Documents/projects/laravel-article-cms-Rest-API/vendor/laravel/framework/src/Illuminate/Http/Middleware/HandleCors.php(62): Illuminate\\Pipeline\\Pipeline->{closure:{closure:Illuminate\\Pipeline\\Pipeline::carry():184}:185}()
#49 /home/winston/Documents/projects/laravel-article-cms-Rest-API/vendor/laravel/framework/src/Illuminate/Pipeline/Pipeline.php(209): Illuminate\\Http\\Middleware\\HandleCors->handle()
#50 /home/winston/Documents/projects/laravel-article-cms-Rest-API/vendor/laravel/framework/src/Illuminate/Http/Middleware/TrustProxies.php(58): Illuminate\\Pipeline\\Pipeline->{closure:{closure:Illuminate\\Pipeline\\Pipeline::carry():184}:185}()
#51 /home/winston/Documents/projects/laravel-article-cms-Rest-API/vendor/laravel/framework/src/Illuminate/Pipeline/Pipeline.php(209): Illuminate\\Http\\Middleware\\TrustProxies->handle()
#52 /home/winston/Documents/projects/laravel-article-cms-Rest-API/vendor/laravel/framework/src/Illuminate/Foundation/Http/Middleware/InvokeDeferredCallbacks.php(22): Illuminate\\Pipeline\\Pipeline->{closure:{closure:Illuminate\\Pipeline\\Pipeline::carry():184}:185}()
#53 /home/winston/Documents/projects/laravel-article-cms-Rest-API/vendor/laravel/framework/src/Illuminate/Pipeline/Pipeline.php(209): Illuminate\\Foundation\\Http\\Middleware\\InvokeDeferredCallbacks->handle()
#54 /home/winston/Documents/projects/laravel-article-cms-Rest-API/vendor/laravel/framework/src/Illuminate/Pipeline/Pipeline.php(127): Illuminate\\Pipeline\\Pipeline->{closure:{closure:Illuminate\\Pipeline\\Pipeline::carry():184}:185}()
#55 /home/winston/Documents/projects/laravel-article-cms-Rest-API/vendor/laravel/framework/src/Illuminate/Foundation/Http/Kernel.php(176): Illuminate\\Pipeline\\Pipeline->then()
#56 /home/winston/Documents/projects/laravel-article-cms-Rest-API/vendor/laravel/framework/src/Illuminate/Foundation/Http/Kernel.php(145): Illuminate\\Foundation\\Http\\Kernel->sendRequestThroughRouter()
#57 /home/winston/Documents/projects/laravel-article-cms-Rest-API/public/index.php(21): Illuminate\\Foundation\\Http\\Kernel->handle()
#58 /home/winston/Documents/projects/laravel-article-cms-Rest-API/vendor/laravel/framework/src/Illuminate/Foundation/resources/server.php(23): require_once('...')
#59 {main}
"} 
[2025-06-14 07:34:10] local.INFO: Request Origin: http://localhost:3000  
[2025-06-14 07:34:10] local.ERROR: SQLSTATE[42S22]: Column not found: 1054 Unknown column 'path' in 'INSERT INTO' (Connection: mysql, SQL: insert into `analytics` (`eventType`, `url`, `path`, `referrer`, `timestamp`, `userId`, `browserName`, `browserVersion`, `os`, `deviceType`, `deviceVendor`, `deviceModel`, `cpuArchitecture`, `isArmCpu`, `isMobile`, `screenWidth`, `screenHeight`, `language`, `timezone`, `connectionType`, `updated_at`, `created_at`) values (pageview, http://localhost:3000/blog, /blog, ?, 2025-06-14T07:34:09.803Z, ?, Firefox, 139.0, Linux, desktop, unknown, unknown, amd64, 0, 0, 1920, 1080, en-US, Africa/Nouakchott, unknown, 2025-06-14 07:34:10, 2025-06-14 07:34:10)) {"exception":"[object] (Illuminate\\Database\\QueryException(code: 42S22): SQLSTATE[42S22]: Column not found: 1054 Unknown column 'path' in 'INSERT INTO' (Connection: mysql, SQL: insert into `analytics` (`eventType`, `url`, `path`, `referrer`, `timestamp`, `userId`, `browserName`, `browserVersion`, `os`, `deviceType`, `deviceVendor`, `deviceModel`, `cpuArchitecture`, `isArmCpu`, `isMobile`, `screenWidth`, `screenHeight`, `language`, `timezone`, `connectionType`, `updated_at`, `created_at`) values (pageview, http://localhost:3000/blog, /blog, ?, 2025-06-14T07:34:09.803Z, ?, Firefox, 139.0, Linux, desktop, unknown, unknown, amd64, 0, 0, 1920, 1080, en-US, Africa/Nouakchott, unknown, 2025-06-14 07:34:10, 2025-06-14 07:34:10)) at /home/winston/Documents/projects/laravel-article-cms-Rest-API/vendor/laravel/framework/src/Illuminate/Database/Connection.php:825)
[stacktrace]
#0 /home/winston/Documents/projects/laravel-article-cms-Rest-API/vendor/laravel/framework/src/Illuminate/Database/Connection.php(779): Illuminate\\Database\\Connection->runQueryCallback()
#1 /home/winston/Documents/projects/laravel-article-cms-Rest-API/vendor/laravel/framework/src/Illuminate/Database/MySqlConnection.php(42): Illuminate\\Database\\Connection->run()
#2 /home/winston/Documents/projects/laravel-article-cms-Rest-API/vendor/laravel/framework/src/Illuminate/Database/Query/Processors/MySqlProcessor.php(35): Illuminate\\Database\\MySqlConnection->insert()
#3 /home/winston/Documents/projects/laravel-article-cms-Rest-API/vendor/laravel/framework/src/Illuminate/Database/Query/Builder.php(3766): Illuminate\\Database\\Query\\Processors\\MySqlProcessor->processInsertGetId()
#4 /home/winston/Documents/projects/laravel-article-cms-Rest-API/vendor/laravel/framework/src/Illuminate/Database/Eloquent/Builder.php(2120): Illuminate\\Database\\Query\\Builder->insertGetId()
#5 /home/winston/Documents/projects/laravel-article-cms-Rest-API/vendor/laravel/framework/src/Illuminate/Database/Eloquent/Model.php(1359): Illuminate\\Database\\Eloquent\\Builder->__call()
#6 /home/winston/Documents/projects/laravel-article-cms-Rest-API/vendor/laravel/framework/src/Illuminate/Database/Eloquent/Model.php(1324): Illuminate\\Database\\Eloquent\\Model->insertAndSetId()
#7 /home/winston/Documents/projects/laravel-article-cms-Rest-API/vendor/laravel/framework/src/Illuminate/Database/Eloquent/Model.php(1163): Illuminate\\Database\\Eloquent\\Model->performInsert()
#8 /home/winston/Documents/projects/laravel-article-cms-Rest-API/vendor/laravel/framework/src/Illuminate/Database/Eloquent/Builder.php(1128): Illuminate\\Database\\Eloquent\\Model->save()
#9 /home/winston/Documents/projects/laravel-article-cms-Rest-API/vendor/laravel/framework/src/Illuminate/Support/helpers.php(399): Illuminate\\Database\\Eloquent\\Builder->{closure:Illuminate\\Database\\Eloquent\\Builder::create():1127}()
#10 /home/winston/Documents/projects/laravel-article-cms-Rest-API/vendor/laravel/framework/src/Illuminate/Database/Eloquent/Builder.php(1127): tap()
#11 /home/winston/Documents/projects/laravel-article-cms-Rest-API/vendor/laravel/framework/src/Illuminate/Support/Traits/ForwardsCalls.php(23): Illuminate\\Database\\Eloquent\\Builder->create()
#12 /home/winston/Documents/projects/laravel-article-cms-Rest-API/vendor/laravel/framework/src/Illuminate/Database/Eloquent/Model.php(2372): Illuminate\\Database\\Eloquent\\Model->forwardCallTo()
#13 /home/winston/Documents/projects/laravel-article-cms-Rest-API/vendor/laravel/framework/src/Illuminate/Database/Eloquent/Model.php(2384): Illuminate\\Database\\Eloquent\\Model->__call()
#14 /home/winston/Documents/projects/laravel-article-cms-Rest-API/app/Http/Controllers/AnalyticsController.php(32): Illuminate\\Database\\Eloquent\\Model::__callStatic()
#15 /home/winston/Documents/projects/laravel-article-cms-Rest-API/vendor/laravel/framework/src/Illuminate/Routing/ControllerDispatcher.php(47): App\\Http\\Controllers\\AnalyticsController->store()
#16 /home/winston/Documents/projects/laravel-article-cms-Rest-API/vendor/laravel/framework/src/Illuminate/Routing/Route.php(266): Illuminate\\Routing\\ControllerDispatcher->dispatch()
#17 /home/winston/Documents/projects/laravel-article-cms-Rest-API/vendor/laravel/framework/src/Illuminate/Routing/Route.php(212): Illuminate\\Routing\\Route->runController()
#18 /home/winston/Documents/projects/laravel-article-cms-Rest-API/vendor/laravel/framework/src/Illuminate/Routing/Router.php(808): Illuminate\\Routing\\Route->run()
#19 /home/winston/Documents/projects/laravel-article-cms-Rest-API/vendor/laravel/framework/src/Illuminate/Pipeline/Pipeline.php(170): Illuminate\\Routing\\Router->{closure:Illuminate\\Routing\\Router::runRouteWithinStack():807}()
#20 /home/winston/Documents/projects/laravel-article-cms-Rest-API/vendor/laravel/framework/src/Illuminate/Routing/Middleware/SubstituteBindings.php(51): Illuminate\\Pipeline\\Pipeline->{closure:Illuminate\\Pipeline\\Pipeline::prepareDestination():168}()
#21 /home/winston/Documents/projects/laravel-article-cms-Rest-API/vendor/laravel/framework/src/Illuminate/Pipeline/Pipeline.php(209): Illuminate\\Routing\\Middleware\\SubstituteBindings->handle()
#22 /home/winston/Documents/projects/laravel-article-cms-Rest-API/vendor/laravel/sanctum/src/Http/Middleware/EnsureFrontendRequestsAreStateful.php(26): Illuminate\\Pipeline\\Pipeline->{closure:{closure:Illuminate\\Pipeline\\Pipeline::carry():184}:185}()
#23 /home/winston/Documents/projects/laravel-article-cms-Rest-API/vendor/laravel/framework/src/Illuminate/Pipeline/Pipeline.php(170): Laravel\\Sanctum\\Http\\Middleware\\EnsureFrontendRequestsAreStateful->{closure:Laravel\\Sanctum\\Http\\Middleware\\EnsureFrontendRequestsAreStateful::handle():25}()
#24 /home/winston/Documents/projects/laravel-article-cms-Rest-API/vendor/laravel/framework/src/Illuminate/Pipeline/Pipeline.php(127): Illuminate\\Pipeline\\Pipeline->{closure:Illuminate\\Pipeline\\Pipeline::prepareDestination():168}()
#25 /home/winston/Documents/projects/laravel-article-cms-Rest-API/vendor/laravel/sanctum/src/Http/Middleware/EnsureFrontendRequestsAreStateful.php(25): Illuminate\\Pipeline\\Pipeline->then()
#26 /home/winston/Documents/projects/laravel-article-cms-Rest-API/vendor/laravel/framework/src/Illuminate/Pipeline/Pipeline.php(209): Laravel\\Sanctum\\Http\\Middleware\\EnsureFrontendRequestsAreStateful->handle()
#27 /home/winston/Documents/projects/laravel-article-cms-Rest-API/vendor/laravel/framework/src/Illuminate/Pipeline/Pipeline.php(127): Illuminate\\Pipeline\\Pipeline->{closure:{closure:Illuminate\\Pipeline\\Pipeline::carry():184}:185}()
#28 /home/winston/Documents/projects/laravel-article-cms-Rest-API/vendor/laravel/framework/src/Illuminate/Routing/Router.php(807): Illuminate\\Pipeline\\Pipeline->then()
#29 /home/winston/Documents/projects/laravel-article-cms-Rest-API/vendor/laravel/framework/src/Illuminate/Routing/Router.php(786): Illuminate\\Routing\\Router->runRouteWithinStack()
#30 /home/winston/Documents/projects/laravel-article-cms-Rest-API/vendor/laravel/framework/src/Illuminate/Routing/Router.php(750): Illuminate\\Routing\\Router->runRoute()
#31 /home/winston/Documents/projects/laravel-article-cms-Rest-API/vendor/laravel/framework/src/Illuminate/Routing/Router.php(739): Illuminate\\Routing\\Router->dispatchToRoute()
#32 /home/winston/Documents/projects/laravel-article-cms-Rest-API/vendor/laravel/framework/src/Illuminate/Foundation/Http/Kernel.php(201): Illuminate\\Routing\\Router->dispatch()
#33 /home/winston/Documents/projects/laravel-article-cms-Rest-API/vendor/laravel/framework/src/Illuminate/Pipeline/Pipeline.php(170): Illuminate\\Foundation\\Http\\Kernel->{closure:Illuminate\\Foundation\\Http\\Kernel::dispatchToRouter():198}()
#34 /home/winston/Documents/projects/laravel-article-cms-Rest-API/app/Http/Middleware/CorsMiddleware.php(26): Illuminate\\Pipeline\\Pipeline->{closure:Illuminate\\Pipeline\\Pipeline::prepareDestination():168}()
#35 /home/winston/Documents/projects/laravel-article-cms-Rest-API/vendor/laravel/framework/src/Illuminate/Pipeline/Pipeline.php(209): App\\Http\\Middleware\\CorsMiddleware->handle()
#36 /home/winston/Documents/projects/laravel-article-cms-Rest-API/vendor/laravel/framework/src/Illuminate/Foundation/Http/Middleware/TransformsRequest.php(21): Illuminate\\Pipeline\\Pipeline->{closure:{closure:Illuminate\\Pipeline\\Pipeline::carry():184}:185}()
#37 /home/winston/Documents/projects/laravel-article-cms-Rest-API/vendor/laravel/framework/src/Illuminate/Foundation/Http/Middleware/ConvertEmptyStringsToNull.php(31): Illuminate\\Foundation\\Http\\Middleware\\TransformsRequest->handle()
#38 /home/winston/Documents/projects/laravel-article-cms-Rest-API/vendor/laravel/framework/src/Illuminate/Pipeline/Pipeline.php(209): Illuminate\\Foundation\\Http\\Middleware\\ConvertEmptyStringsToNull->handle()
#39 /home/winston/Documents/projects/laravel-article-cms-Rest-API/vendor/laravel/framework/src/Illuminate/Foundation/Http/Middleware/TransformsRequest.php(21): Illuminate\\Pipeline\\Pipeline->{closure:{closure:Illuminate\\Pipeline\\Pipeline::carry():184}:185}()
#40 /home/winston/Documents/projects/laravel-article-cms-Rest-API/vendor/laravel/framework/src/Illuminate/Foundation/Http/Middleware/TrimStrings.php(51): Illuminate\\Foundation\\Http\\Middleware\\TransformsRequest->handle()
#41 /home/winston/Documents/projects/laravel-article-cms-Rest-API/vendor/laravel/framework/src/Illuminate/Pipeline/Pipeline.php(209): Illuminate\\Foundation\\Http\\Middleware\\TrimStrings->handle()
#42 /home/winston/Documents/projects/laravel-article-cms-Rest-API/vendor/laravel/framework/src/Illuminate/Http/Middleware/ValidatePostSize.php(27): Illuminate\\Pipeline\\Pipeline->{closure:{closure:Illuminate\\Pipeline\\Pipeline::carry():184}:185}()
#43 /home/winston/Documents/projects/laravel-article-cms-Rest-API/vendor/laravel/framework/src/Illuminate/Pipeline/Pipeline.php(209): Illuminate\\Http\\Middleware\\ValidatePostSize->handle()
#44 /home/winston/Documents/projects/laravel-article-cms-Rest-API/vendor/laravel/framework/src/Illuminate/Foundation/Http/Middleware/PreventRequestsDuringMaintenance.php(110): Illuminate\\Pipeline\\Pipeline->{closure:{closure:Illuminate\\Pipeline\\Pipeline::carry():184}:185}()
#45 /home/winston/Documents/projects/laravel-article-cms-Rest-API/vendor/laravel/framework/src/Illuminate/Pipeline/Pipeline.php(209): Illuminate\\Foundation\\Http\\Middleware\\PreventRequestsDuringMaintenance->handle()
#46 /home/winston/Documents/projects/laravel-article-cms-Rest-API/vendor/laravel/framework/src/Illuminate/Http/Middleware/HandleCors.php(62): Illuminate\\Pipeline\\Pipeline->{closure:{closure:Illuminate\\Pipeline\\Pipeline::carry():184}:185}()
#47 /home/winston/Documents/projects/laravel-article-cms-Rest-API/vendor/laravel/framework/src/Illuminate/Pipeline/Pipeline.php(209): Illuminate\\Http\\Middleware\\HandleCors->handle()
#48 /home/winston/Documents/projects/laravel-article-cms-Rest-API/vendor/laravel/framework/src/Illuminate/Http/Middleware/TrustProxies.php(58): Illuminate\\Pipeline\\Pipeline->{closure:{closure:Illuminate\\Pipeline\\Pipeline::carry():184}:185}()
#49 /home/winston/Documents/projects/laravel-article-cms-Rest-API/vendor/laravel/framework/src/Illuminate/Pipeline/Pipeline.php(209): Illuminate\\Http\\Middleware\\TrustProxies->handle()
#50 /home/winston/Documents/projects/laravel-article-cms-Rest-API/vendor/laravel/framework/src/Illuminate/Foundation/Http/Middleware/InvokeDeferredCallbacks.php(22): Illuminate\\Pipeline\\Pipeline->{closure:{closure:Illuminate\\Pipeline\\Pipeline::carry():184}:185}()
#51 /home/winston/Documents/projects/laravel-article-cms-Rest-API/vendor/laravel/framework/src/Illuminate/Pipeline/Pipeline.php(209): Illuminate\\Foundation\\Http\\Middleware\\InvokeDeferredCallbacks->handle()
#52 /home/winston/Documents/projects/laravel-article-cms-Rest-API/vendor/laravel/framework/src/Illuminate/Pipeline/Pipeline.php(127): Illuminate\\Pipeline\\Pipeline->{closure:{closure:Illuminate\\Pipeline\\Pipeline::carry():184}:185}()
#53 /home/winston/Documents/projects/laravel-article-cms-Rest-API/vendor/laravel/framework/src/Illuminate/Foundation/Http/Kernel.php(176): Illuminate\\Pipeline\\Pipeline->then()
#54 /home/winston/Documents/projects/laravel-article-cms-Rest-API/vendor/laravel/framework/src/Illuminate/Foundation/Http/Kernel.php(145): Illuminate\\Foundation\\Http\\Kernel->sendRequestThroughRouter()
#55 /home/winston/Documents/projects/laravel-article-cms-Rest-API/public/index.php(21): Illuminate\\Foundation\\Http\\Kernel->handle()
#56 /home/winston/Documents/projects/laravel-article-cms-Rest-API/vendor/laravel/framework/src/Illuminate/Foundation/resources/server.php(23): require_once('...')
#57 {main}

[previous exception] [object] (PDOException(code: 42S22): SQLSTATE[42S22]: Column not found: 1054 Unknown column 'path' in 'INSERT INTO' at /home/winston/Documents/projects/laravel-article-cms-Rest-API/vendor/laravel/framework/src/Illuminate/Database/MySqlConnection.php:47)
[stacktrace]
#0 /home/winston/Documents/projects/laravel-article-cms-Rest-API/vendor/laravel/framework/src/Illuminate/Database/MySqlConnection.php(47): PDO->prepare()
#1 /home/winston/Documents/projects/laravel-article-cms-Rest-API/vendor/laravel/framework/src/Illuminate/Database/Connection.php(812): Illuminate\\Database\\MySqlConnection->{closure:Illuminate\\Database\\MySqlConnection::insert():42}()
#2 /home/winston/Documents/projects/laravel-article-cms-Rest-API/vendor/laravel/framework/src/Illuminate/Database/Connection.php(779): Illuminate\\Database\\Connection->runQueryCallback()
#3 /home/winston/Documents/projects/laravel-article-cms-Rest-API/vendor/laravel/framework/src/Illuminate/Database/MySqlConnection.php(42): Illuminate\\Database\\Connection->run()
#4 /home/winston/Documents/projects/laravel-article-cms-Rest-API/vendor/laravel/framework/src/Illuminate/Database/Query/Processors/MySqlProcessor.php(35): Illuminate\\Database\\MySqlConnection->insert()
#5 /home/winston/Documents/projects/laravel-article-cms-Rest-API/vendor/laravel/framework/src/Illuminate/Database/Query/Builder.php(3766): Illuminate\\Database\\Query\\Processors\\MySqlProcessor->processInsertGetId()
#6 /home/winston/Documents/projects/laravel-article-cms-Rest-API/vendor/laravel/framework/src/Illuminate/Database/Eloquent/Builder.php(2120): Illuminate\\Database\\Query\\Builder->insertGetId()
#7 /home/winston/Documents/projects/laravel-article-cms-Rest-API/vendor/laravel/framework/src/Illuminate/Database/Eloquent/Model.php(1359): Illuminate\\Database\\Eloquent\\Builder->__call()
#8 /home/winston/Documents/projects/laravel-article-cms-Rest-API/vendor/laravel/framework/src/Illuminate/Database/Eloquent/Model.php(1324): Illuminate\\Database\\Eloquent\\Model->insertAndSetId()
#9 /home/winston/Documents/projects/laravel-article-cms-Rest-API/vendor/laravel/framework/src/Illuminate/Database/Eloquent/Model.php(1163): Illuminate\\Database\\Eloquent\\Model->performInsert()
#10 /home/winston/Documents/projects/laravel-article-cms-Rest-API/vendor/laravel/framework/src/Illuminate/Database/Eloquent/Builder.php(1128): Illuminate\\Database\\Eloquent\\Model->save()
#11 /home/winston/Documents/projects/laravel-article-cms-Rest-API/vendor/laravel/framework/src/Illuminate/Support/helpers.php(399): Illuminate\\Database\\Eloquent\\Builder->{closure:Illuminate\\Database\\Eloquent\\Builder::create():1127}()
#12 /home/winston/Documents/projects/laravel-article-cms-Rest-API/vendor/laravel/framework/src/Illuminate/Database/Eloquent/Builder.php(1127): tap()
#13 /home/winston/Documents/projects/laravel-article-cms-Rest-API/vendor/laravel/framework/src/Illuminate/Support/Traits/ForwardsCalls.php(23): Illuminate\\Database\\Eloquent\\Builder->create()
#14 /home/winston/Documents/projects/laravel-article-cms-Rest-API/vendor/laravel/framework/src/Illuminate/Database/Eloquent/Model.php(2372): Illuminate\\Database\\Eloquent\\Model->forwardCallTo()
#15 /home/winston/Documents/projects/laravel-article-cms-Rest-API/vendor/laravel/framework/src/Illuminate/Database/Eloquent/Model.php(2384): Illuminate\\Database\\Eloquent\\Model->__call()
#16 /home/winston/Documents/projects/laravel-article-cms-Rest-API/app/Http/Controllers/AnalyticsController.php(32): Illuminate\\Database\\Eloquent\\Model::__callStatic()
#17 /home/winston/Documents/projects/laravel-article-cms-Rest-API/vendor/laravel/framework/src/Illuminate/Routing/ControllerDispatcher.php(47): App\\Http\\Controllers\\AnalyticsController->store()
#18 /home/winston/Documents/projects/laravel-article-cms-Rest-API/vendor/laravel/framework/src/Illuminate/Routing/Route.php(266): Illuminate\\Routing\\ControllerDispatcher->dispatch()
#19 /home/winston/Documents/projects/laravel-article-cms-Rest-API/vendor/laravel/framework/src/Illuminate/Routing/Route.php(212): Illuminate\\Routing\\Route->runController()
#20 /home/winston/Documents/projects/laravel-article-cms-Rest-API/vendor/laravel/framework/src/Illuminate/Routing/Router.php(808): Illuminate\\Routing\\Route->run()
#21 /home/winston/Documents/projects/laravel-article-cms-Rest-API/vendor/laravel/framework/src/Illuminate/Pipeline/Pipeline.php(170): Illuminate\\Routing\\Router->{closure:Illuminate\\Routing\\Router::runRouteWithinStack():807}()
#22 /home/winston/Documents/projects/laravel-article-cms-Rest-API/vendor/laravel/framework/src/Illuminate/Routing/Middleware/SubstituteBindings.php(51): Illuminate\\Pipeline\\Pipeline->{closure:Illuminate\\Pipeline\\Pipeline::prepareDestination():168}()
#23 /home/winston/Documents/projects/laravel-article-cms-Rest-API/vendor/laravel/framework/src/Illuminate/Pipeline/Pipeline.php(209): Illuminate\\Routing\\Middleware\\SubstituteBindings->handle()
#24 /home/winston/Documents/projects/laravel-article-cms-Rest-API/vendor/laravel/sanctum/src/Http/Middleware/EnsureFrontendRequestsAreStateful.php(26): Illuminate\\Pipeline\\Pipeline->{closure:{closure:Illuminate\\Pipeline\\Pipeline::carry():184}:185}()
#25 /home/winston/Documents/projects/laravel-article-cms-Rest-API/vendor/laravel/framework/src/Illuminate/Pipeline/Pipeline.php(170): Laravel\\Sanctum\\Http\\Middleware\\EnsureFrontendRequestsAreStateful->{closure:Laravel\\Sanctum\\Http\\Middleware\\EnsureFrontendRequestsAreStateful::handle():25}()
#26 /home/winston/Documents/projects/laravel-article-cms-Rest-API/vendor/laravel/framework/src/Illuminate/Pipeline/Pipeline.php(127): Illuminate\\Pipeline\\Pipeline->{closure:Illuminate\\Pipeline\\Pipeline::prepareDestination():168}()
#27 /home/winston/Documents/projects/laravel-article-cms-Rest-API/vendor/laravel/sanctum/src/Http/Middleware/EnsureFrontendRequestsAreStateful.php(25): Illuminate\\Pipeline\\Pipeline->then()
#28 /home/winston/Documents/projects/laravel-article-cms-Rest-API/vendor/laravel/framework/src/Illuminate/Pipeline/Pipeline.php(209): Laravel\\Sanctum\\Http\\Middleware\\EnsureFrontendRequestsAreStateful->handle()
#29 /home/winston/Documents/projects/laravel-article-cms-Rest-API/vendor/laravel/framework/src/Illuminate/Pipeline/Pipeline.php(127): Illuminate\\Pipeline\\Pipeline->{closure:{closure:Illuminate\\Pipeline\\Pipeline::carry():184}:185}()
#30 /home/winston/Documents/projects/laravel-article-cms-Rest-API/vendor/laravel/framework/src/Illuminate/Routing/Router.php(807): Illuminate\\Pipeline\\Pipeline->then()
#31 /home/winston/Documents/projects/laravel-article-cms-Rest-API/vendor/laravel/framework/src/Illuminate/Routing/Router.php(786): Illuminate\\Routing\\Router->runRouteWithinStack()
#32 /home/winston/Documents/projects/laravel-article-cms-Rest-API/vendor/laravel/framework/src/Illuminate/Routing/Router.php(750): Illuminate\\Routing\\Router->runRoute()
#33 /home/winston/Documents/projects/laravel-article-cms-Rest-API/vendor/laravel/framework/src/Illuminate/Routing/Router.php(739): Illuminate\\Routing\\Router->dispatchToRoute()
#34 /home/winston/Documents/projects/laravel-article-cms-Rest-API/vendor/laravel/framework/src/Illuminate/Foundation/Http/Kernel.php(201): Illuminate\\Routing\\Router->dispatch()
#35 /home/winston/Documents/projects/laravel-article-cms-Rest-API/vendor/laravel/framework/src/Illuminate/Pipeline/Pipeline.php(170): Illuminate\\Foundation\\Http\\Kernel->{closure:Illuminate\\Foundation\\Http\\Kernel::dispatchToRouter():198}()
#36 /home/winston/Documents/projects/laravel-article-cms-Rest-API/app/Http/Middleware/CorsMiddleware.php(26): Illuminate\\Pipeline\\Pipeline->{closure:Illuminate\\Pipeline\\Pipeline::prepareDestination():168}()
#37 /home/winston/Documents/projects/laravel-article-cms-Rest-API/vendor/laravel/framework/src/Illuminate/Pipeline/Pipeline.php(209): App\\Http\\Middleware\\CorsMiddleware->handle()
#38 /home/winston/Documents/projects/laravel-article-cms-Rest-API/vendor/laravel/framework/src/Illuminate/Foundation/Http/Middleware/TransformsRequest.php(21): Illuminate\\Pipeline\\Pipeline->{closure:{closure:Illuminate\\Pipeline\\Pipeline::carry():184}:185}()
#39 /home/winston/Documents/projects/laravel-article-cms-Rest-API/vendor/laravel/framework/src/Illuminate/Foundation/Http/Middleware/ConvertEmptyStringsToNull.php(31): Illuminate\\Foundation\\Http\\Middleware\\TransformsRequest->handle()
#40 /home/winston/Documents/projects/laravel-article-cms-Rest-API/vendor/laravel/framework/src/Illuminate/Pipeline/Pipeline.php(209): Illuminate\\Foundation\\Http\\Middleware\\ConvertEmptyStringsToNull->handle()
#41 /home/winston/Documents/projects/laravel-article-cms-Rest-API/vendor/laravel/framework/src/Illuminate/Foundation/Http/Middleware/TransformsRequest.php(21): Illuminate\\Pipeline\\Pipeline->{closure:{closure:Illuminate\\Pipeline\\Pipeline::carry():184}:185}()
#42 /home/winston/Documents/projects/laravel-article-cms-Rest-API/vendor/laravel/framework/src/Illuminate/Foundation/Http/Middleware/TrimStrings.php(51): Illuminate\\Foundation\\Http\\Middleware\\TransformsRequest->handle()
#43 /home/winston/Documents/projects/laravel-article-cms-Rest-API/vendor/laravel/framework/src/Illuminate/Pipeline/Pipeline.php(209): Illuminate\\Foundation\\Http\\Middleware\\TrimStrings->handle()
#44 /home/winston/Documents/projects/laravel-article-cms-Rest-API/vendor/laravel/framework/src/Illuminate/Http/Middleware/ValidatePostSize.php(27): Illuminate\\Pipeline\\Pipeline->{closure:{closure:Illuminate\\Pipeline\\Pipeline::carry():184}:185}()
#45 /home/winston/Documents/projects/laravel-article-cms-Rest-API/vendor/laravel/framework/src/Illuminate/Pipeline/Pipeline.php(209): Illuminate\\Http\\Middleware\\ValidatePostSize->handle()
#46 /home/winston/Documents/projects/laravel-article-cms-Rest-API/vendor/laravel/framework/src/Illuminate/Foundation/Http/Middleware/PreventRequestsDuringMaintenance.php(110): Illuminate\\Pipeline\\Pipeline->{closure:{closure:Illuminate\\Pipeline\\Pipeline::carry():184}:185}()
#47 /home/winston/Documents/projects/laravel-article-cms-Rest-API/vendor/laravel/framework/src/Illuminate/Pipeline/Pipeline.php(209): Illuminate\\Foundation\\Http\\Middleware\\PreventRequestsDuringMaintenance->handle()
#48 /home/winston/Documents/projects/laravel-article-cms-Rest-API/vendor/laravel/framework/src/Illuminate/Http/Middleware/HandleCors.php(62): Illuminate\\Pipeline\\Pipeline->{closure:{closure:Illuminate\\Pipeline\\Pipeline::carry():184}:185}()
#49 /home/winston/Documents/projects/laravel-article-cms-Rest-API/vendor/laravel/framework/src/Illuminate/Pipeline/Pipeline.php(209): Illuminate\\Http\\Middleware\\HandleCors->handle()
#50 /home/winston/Documents/projects/laravel-article-cms-Rest-API/vendor/laravel/framework/src/Illuminate/Http/Middleware/TrustProxies.php(58): Illuminate\\Pipeline\\Pipeline->{closure:{closure:Illuminate\\Pipeline\\Pipeline::carry():184}:185}()
#51 /home/winston/Documents/projects/laravel-article-cms-Rest-API/vendor/laravel/framework/src/Illuminate/Pipeline/Pipeline.php(209): Illuminate\\Http\\Middleware\\TrustProxies->handle()
#52 /home/winston/Documents/projects/laravel-article-cms-Rest-API/vendor/laravel/framework/src/Illuminate/Foundation/Http/Middleware/InvokeDeferredCallbacks.php(22): Illuminate\\Pipeline\\Pipeline->{closure:{closure:Illuminate\\Pipeline\\Pipeline::carry():184}:185}()
#53 /home/winston/Documents/projects/laravel-article-cms-Rest-API/vendor/laravel/framework/src/Illuminate/Pipeline/Pipeline.php(209): Illuminate\\Foundation\\Http\\Middleware\\InvokeDeferredCallbacks->handle()
#54 /home/winston/Documents/projects/laravel-article-cms-Rest-API/vendor/laravel/framework/src/Illuminate/Pipeline/Pipeline.php(127): Illuminate\\Pipeline\\Pipeline->{closure:{closure:Illuminate\\Pipeline\\Pipeline::carry():184}:185}()
#55 /home/winston/Documents/projects/laravel-article-cms-Rest-API/vendor/laravel/framework/src/Illuminate/Foundation/Http/Kernel.php(176): Illuminate\\Pipeline\\Pipeline->then()
#56 /home/winston/Documents/projects/laravel-article-cms-Rest-API/vendor/laravel/framework/src/Illuminate/Foundation/Http/Kernel.php(145): Illuminate\\Foundation\\Http\\Kernel->sendRequestThroughRouter()
#57 /home/winston/Documents/projects/laravel-article-cms-Rest-API/public/index.php(21): Illuminate\\Foundation\\Http\\Kernel->handle()
#58 /home/winston/Documents/projects/laravel-article-cms-Rest-API/vendor/laravel/framework/src/Illuminate/Foundation/resources/server.php(23): require_once('...')
#59 {main}
"} 
[2025-06-14 07:36:09] local.INFO: Request Origin: http://localhost:3000  
[2025-06-14 07:36:09] local.ERROR: SQLSTATE[42S22]: Column not found: 1054 Unknown column 'path' in 'INSERT INTO' (Connection: mysql, SQL: insert into `analytics` (`eventType`, `url`, `path`, `referrer`, `timestamp`, `userId`, `browserName`, `browserVersion`, `os`, `deviceType`, `deviceVendor`, `deviceModel`, `cpuArchitecture`, `isArmCpu`, `isMobile`, `screenWidth`, `screenHeight`, `language`, `timezone`, `connectionType`, `updated_at`, `created_at`) values (pageview, http://localhost:3000/blog, /blog, ?, 2025-06-14T07:36:08.652Z, ?, Firefox, 139.0, Linux, desktop, unknown, unknown, amd64, 0, 0, 1920, 1080, en-US, Africa/Nouakchott, unknown, 2025-06-14 07:36:09, 2025-06-14 07:36:09)) {"exception":"[object] (Illuminate\\Database\\QueryException(code: 42S22): SQLSTATE[42S22]: Column not found: 1054 Unknown column 'path' in 'INSERT INTO' (Connection: mysql, SQL: insert into `analytics` (`eventType`, `url`, `path`, `referrer`, `timestamp`, `userId`, `browserName`, `browserVersion`, `os`, `deviceType`, `deviceVendor`, `deviceModel`, `cpuArchitecture`, `isArmCpu`, `isMobile`, `screenWidth`, `screenHeight`, `language`, `timezone`, `connectionType`, `updated_at`, `created_at`) values (pageview, http://localhost:3000/blog, /blog, ?, 2025-06-14T07:36:08.652Z, ?, Firefox, 139.0, Linux, desktop, unknown, unknown, amd64, 0, 0, 1920, 1080, en-US, Africa/Nouakchott, unknown, 2025-06-14 07:36:09, 2025-06-14 07:36:09)) at /home/winston/Documents/projects/laravel-article-cms-Rest-API/vendor/laravel/framework/src/Illuminate/Database/Connection.php:825)
[stacktrace]
#0 /home/winston/Documents/projects/laravel-article-cms-Rest-API/vendor/laravel/framework/src/Illuminate/Database/Connection.php(779): Illuminate\\Database\\Connection->runQueryCallback()
#1 /home/winston/Documents/projects/laravel-article-cms-Rest-API/vendor/laravel/framework/src/Illuminate/Database/MySqlConnection.php(42): Illuminate\\Database\\Connection->run()
#2 /home/winston/Documents/projects/laravel-article-cms-Rest-API/vendor/laravel/framework/src/Illuminate/Database/Query/Processors/MySqlProcessor.php(35): Illuminate\\Database\\MySqlConnection->insert()
#3 /home/winston/Documents/projects/laravel-article-cms-Rest-API/vendor/laravel/framework/src/Illuminate/Database/Query/Builder.php(3766): Illuminate\\Database\\Query\\Processors\\MySqlProcessor->processInsertGetId()
#4 /home/winston/Documents/projects/laravel-article-cms-Rest-API/vendor/laravel/framework/src/Illuminate/Database/Eloquent/Builder.php(2120): Illuminate\\Database\\Query\\Builder->insertGetId()
#5 /home/winston/Documents/projects/laravel-article-cms-Rest-API/vendor/laravel/framework/src/Illuminate/Database/Eloquent/Model.php(1359): Illuminate\\Database\\Eloquent\\Builder->__call()
#6 /home/winston/Documents/projects/laravel-article-cms-Rest-API/vendor/laravel/framework/src/Illuminate/Database/Eloquent/Model.php(1324): Illuminate\\Database\\Eloquent\\Model->insertAndSetId()
#7 /home/winston/Documents/projects/laravel-article-cms-Rest-API/vendor/laravel/framework/src/Illuminate/Database/Eloquent/Model.php(1163): Illuminate\\Database\\Eloquent\\Model->performInsert()
#8 /home/winston/Documents/projects/laravel-article-cms-Rest-API/vendor/laravel/framework/src/Illuminate/Database/Eloquent/Builder.php(1128): Illuminate\\Database\\Eloquent\\Model->save()
#9 /home/winston/Documents/projects/laravel-article-cms-Rest-API/vendor/laravel/framework/src/Illuminate/Support/helpers.php(399): Illuminate\\Database\\Eloquent\\Builder->{closure:Illuminate\\Database\\Eloquent\\Builder::create():1127}()
#10 /home/winston/Documents/projects/laravel-article-cms-Rest-API/vendor/laravel/framework/src/Illuminate/Database/Eloquent/Builder.php(1127): tap()
#11 /home/winston/Documents/projects/laravel-article-cms-Rest-API/vendor/laravel/framework/src/Illuminate/Support/Traits/ForwardsCalls.php(23): Illuminate\\Database\\Eloquent\\Builder->create()
#12 /home/winston/Documents/projects/laravel-article-cms-Rest-API/vendor/laravel/framework/src/Illuminate/Database/Eloquent/Model.php(2372): Illuminate\\Database\\Eloquent\\Model->forwardCallTo()
#13 /home/winston/Documents/projects/laravel-article-cms-Rest-API/vendor/laravel/framework/src/Illuminate/Database/Eloquent/Model.php(2384): Illuminate\\Database\\Eloquent\\Model->__call()
#14 /home/winston/Documents/projects/laravel-article-cms-Rest-API/app/Http/Controllers/AnalyticsController.php(32): Illuminate\\Database\\Eloquent\\Model::__callStatic()
#15 /home/winston/Documents/projects/laravel-article-cms-Rest-API/vendor/laravel/framework/src/Illuminate/Routing/ControllerDispatcher.php(47): App\\Http\\Controllers\\AnalyticsController->store()
#16 /home/winston/Documents/projects/laravel-article-cms-Rest-API/vendor/laravel/framework/src/Illuminate/Routing/Route.php(266): Illuminate\\Routing\\ControllerDispatcher->dispatch()
#17 /home/winston/Documents/projects/laravel-article-cms-Rest-API/vendor/laravel/framework/src/Illuminate/Routing/Route.php(212): Illuminate\\Routing\\Route->runController()
#18 /home/winston/Documents/projects/laravel-article-cms-Rest-API/vendor/laravel/framework/src/Illuminate/Routing/Router.php(808): Illuminate\\Routing\\Route->run()
#19 /home/winston/Documents/projects/laravel-article-cms-Rest-API/vendor/laravel/framework/src/Illuminate/Pipeline/Pipeline.php(170): Illuminate\\Routing\\Router->{closure:Illuminate\\Routing\\Router::runRouteWithinStack():807}()
#20 /home/winston/Documents/projects/laravel-article-cms-Rest-API/vendor/laravel/framework/src/Illuminate/Routing/Middleware/SubstituteBindings.php(51): Illuminate\\Pipeline\\Pipeline->{closure:Illuminate\\Pipeline\\Pipeline::prepareDestination():168}()
#21 /home/winston/Documents/projects/laravel-article-cms-Rest-API/vendor/laravel/framework/src/Illuminate/Pipeline/Pipeline.php(209): Illuminate\\Routing\\Middleware\\SubstituteBindings->handle()
#22 /home/winston/Documents/projects/laravel-article-cms-Rest-API/vendor/laravel/sanctum/src/Http/Middleware/EnsureFrontendRequestsAreStateful.php(26): Illuminate\\Pipeline\\Pipeline->{closure:{closure:Illuminate\\Pipeline\\Pipeline::carry():184}:185}()
#23 /home/winston/Documents/projects/laravel-article-cms-Rest-API/vendor/laravel/framework/src/Illuminate/Pipeline/Pipeline.php(170): Laravel\\Sanctum\\Http\\Middleware\\EnsureFrontendRequestsAreStateful->{closure:Laravel\\Sanctum\\Http\\Middleware\\EnsureFrontendRequestsAreStateful::handle():25}()
#24 /home/winston/Documents/projects/laravel-article-cms-Rest-API/vendor/laravel/framework/src/Illuminate/Pipeline/Pipeline.php(127): Illuminate\\Pipeline\\Pipeline->{closure:Illuminate\\Pipeline\\Pipeline::prepareDestination():168}()
#25 /home/winston/Documents/projects/laravel-article-cms-Rest-API/vendor/laravel/sanctum/src/Http/Middleware/EnsureFrontendRequestsAreStateful.php(25): Illuminate\\Pipeline\\Pipeline->then()
#26 /home/winston/Documents/projects/laravel-article-cms-Rest-API/vendor/laravel/framework/src/Illuminate/Pipeline/Pipeline.php(209): Laravel\\Sanctum\\Http\\Middleware\\EnsureFrontendRequestsAreStateful->handle()
#27 /home/winston/Documents/projects/laravel-article-cms-Rest-API/vendor/laravel/framework/src/Illuminate/Pipeline/Pipeline.php(127): Illuminate\\Pipeline\\Pipeline->{closure:{closure:Illuminate\\Pipeline\\Pipeline::carry():184}:185}()
#28 /home/winston/Documents/projects/laravel-article-cms-Rest-API/vendor/laravel/framework/src/Illuminate/Routing/Router.php(807): Illuminate\\Pipeline\\Pipeline->then()
#29 /home/winston/Documents/projects/laravel-article-cms-Rest-API/vendor/laravel/framework/src/Illuminate/Routing/Router.php(786): Illuminate\\Routing\\Router->runRouteWithinStack()
#30 /home/winston/Documents/projects/laravel-article-cms-Rest-API/vendor/laravel/framework/src/Illuminate/Routing/Router.php(750): Illuminate\\Routing\\Router->runRoute()
#31 /home/winston/Documents/projects/laravel-article-cms-Rest-API/vendor/laravel/framework/src/Illuminate/Routing/Router.php(739): Illuminate\\Routing\\Router->dispatchToRoute()
#32 /home/winston/Documents/projects/laravel-article-cms-Rest-API/vendor/laravel/framework/src/Illuminate/Foundation/Http/Kernel.php(201): Illuminate\\Routing\\Router->dispatch()
#33 /home/winston/Documents/projects/laravel-article-cms-Rest-API/vendor/laravel/framework/src/Illuminate/Pipeline/Pipeline.php(170): Illuminate\\Foundation\\Http\\Kernel->{closure:Illuminate\\Foundation\\Http\\Kernel::dispatchToRouter():198}()
#34 /home/winston/Documents/projects/laravel-article-cms-Rest-API/app/Http/Middleware/CorsMiddleware.php(26): Illuminate\\Pipeline\\Pipeline->{closure:Illuminate\\Pipeline\\Pipeline::prepareDestination():168}()
#35 /home/winston/Documents/projects/laravel-article-cms-Rest-API/vendor/laravel/framework/src/Illuminate/Pipeline/Pipeline.php(209): App\\Http\\Middleware\\CorsMiddleware->handle()
#36 /home/winston/Documents/projects/laravel-article-cms-Rest-API/vendor/laravel/framework/src/Illuminate/Foundation/Http/Middleware/TransformsRequest.php(21): Illuminate\\Pipeline\\Pipeline->{closure:{closure:Illuminate\\Pipeline\\Pipeline::carry():184}:185}()
#37 /home/winston/Documents/projects/laravel-article-cms-Rest-API/vendor/laravel/framework/src/Illuminate/Foundation/Http/Middleware/ConvertEmptyStringsToNull.php(31): Illuminate\\Foundation\\Http\\Middleware\\TransformsRequest->handle()
#38 /home/winston/Documents/projects/laravel-article-cms-Rest-API/vendor/laravel/framework/src/Illuminate/Pipeline/Pipeline.php(209): Illuminate\\Foundation\\Http\\Middleware\\ConvertEmptyStringsToNull->handle()
#39 /home/winston/Documents/projects/laravel-article-cms-Rest-API/vendor/laravel/framework/src/Illuminate/Foundation/Http/Middleware/TransformsRequest.php(21): Illuminate\\Pipeline\\Pipeline->{closure:{closure:Illuminate\\Pipeline\\Pipeline::carry():184}:185}()
#40 /home/winston/Documents/projects/laravel-article-cms-Rest-API/vendor/laravel/framework/src/Illuminate/Foundation/Http/Middleware/TrimStrings.php(51): Illuminate\\Foundation\\Http\\Middleware\\TransformsRequest->handle()
#41 /home/winston/Documents/projects/laravel-article-cms-Rest-API/vendor/laravel/framework/src/Illuminate/Pipeline/Pipeline.php(209): Illuminate\\Foundation\\Http\\Middleware\\TrimStrings->handle()
#42 /home/winston/Documents/projects/laravel-article-cms-Rest-API/vendor/laravel/framework/src/Illuminate/Http/Middleware/ValidatePostSize.php(27): Illuminate\\Pipeline\\Pipeline->{closure:{closure:Illuminate\\Pipeline\\Pipeline::carry():184}:185}()
#43 /home/winston/Documents/projects/laravel-article-cms-Rest-API/vendor/laravel/framework/src/Illuminate/Pipeline/Pipeline.php(209): Illuminate\\Http\\Middleware\\ValidatePostSize->handle()
#44 /home/winston/Documents/projects/laravel-article-cms-Rest-API/vendor/laravel/framework/src/Illuminate/Foundation/Http/Middleware/PreventRequestsDuringMaintenance.php(110): Illuminate\\Pipeline\\Pipeline->{closure:{closure:Illuminate\\Pipeline\\Pipeline::carry():184}:185}()
#45 /home/winston/Documents/projects/laravel-article-cms-Rest-API/vendor/laravel/framework/src/Illuminate/Pipeline/Pipeline.php(209): Illuminate\\Foundation\\Http\\Middleware\\PreventRequestsDuringMaintenance->handle()
#46 /home/winston/Documents/projects/laravel-article-cms-Rest-API/vendor/laravel/framework/src/Illuminate/Http/Middleware/HandleCors.php(62): Illuminate\\Pipeline\\Pipeline->{closure:{closure:Illuminate\\Pipeline\\Pipeline::carry():184}:185}()
#47 /home/winston/Documents/projects/laravel-article-cms-Rest-API/vendor/laravel/framework/src/Illuminate/Pipeline/Pipeline.php(209): Illuminate\\Http\\Middleware\\HandleCors->handle()
#48 /home/winston/Documents/projects/laravel-article-cms-Rest-API/vendor/laravel/framework/src/Illuminate/Http/Middleware/TrustProxies.php(58): Illuminate\\Pipeline\\Pipeline->{closure:{closure:Illuminate\\Pipeline\\Pipeline::carry():184}:185}()
#49 /home/winston/Documents/projects/laravel-article-cms-Rest-API/vendor/laravel/framework/src/Illuminate/Pipeline/Pipeline.php(209): Illuminate\\Http\\Middleware\\TrustProxies->handle()
#50 /home/winston/Documents/projects/laravel-article-cms-Rest-API/vendor/laravel/framework/src/Illuminate/Foundation/Http/Middleware/InvokeDeferredCallbacks.php(22): Illuminate\\Pipeline\\Pipeline->{closure:{closure:Illuminate\\Pipeline\\Pipeline::carry():184}:185}()
#51 /home/winston/Documents/projects/laravel-article-cms-Rest-API/vendor/laravel/framework/src/Illuminate/Pipeline/Pipeline.php(209): Illuminate\\Foundation\\Http\\Middleware\\InvokeDeferredCallbacks->handle()
#52 /home/winston/Documents/projects/laravel-article-cms-Rest-API/vendor/laravel/framework/src/Illuminate/Pipeline/Pipeline.php(127): Illuminate\\Pipeline\\Pipeline->{closure:{closure:Illuminate\\Pipeline\\Pipeline::carry():184}:185}()
#53 /home/winston/Documents/projects/laravel-article-cms-Rest-API/vendor/laravel/framework/src/Illuminate/Foundation/Http/Kernel.php(176): Illuminate\\Pipeline\\Pipeline->then()
#54 /home/winston/Documents/projects/laravel-article-cms-Rest-API/vendor/laravel/framework/src/Illuminate/Foundation/Http/Kernel.php(145): Illuminate\\Foundation\\Http\\Kernel->sendRequestThroughRouter()
#55 /home/winston/Documents/projects/laravel-article-cms-Rest-API/public/index.php(21): Illuminate\\Foundation\\Http\\Kernel->handle()
#56 /home/winston/Documents/projects/laravel-article-cms-Rest-API/vendor/laravel/framework/src/Illuminate/Foundation/resources/server.php(23): require_once('...')
#57 {main}

[previous exception] [object] (PDOException(code: 42S22): SQLSTATE[42S22]: Column not found: 1054 Unknown column 'path' in 'INSERT INTO' at /home/winston/Documents/projects/laravel-article-cms-Rest-API/vendor/laravel/framework/src/Illuminate/Database/MySqlConnection.php:47)
[stacktrace]
#0 /home/winston/Documents/projects/laravel-article-cms-Rest-API/vendor/laravel/framework/src/Illuminate/Database/MySqlConnection.php(47): PDO->prepare()
#1 /home/winston/Documents/projects/laravel-article-cms-Rest-API/vendor/laravel/framework/src/Illuminate/Database/Connection.php(812): Illuminate\\Database\\MySqlConnection->{closure:Illuminate\\Database\\MySqlConnection::insert():42}()
#2 /home/winston/Documents/projects/laravel-article-cms-Rest-API/vendor/laravel/framework/src/Illuminate/Database/Connection.php(779): Illuminate\\Database\\Connection->runQueryCallback()
#3 /home/winston/Documents/projects/laravel-article-cms-Rest-API/vendor/laravel/framework/src/Illuminate/Database/MySqlConnection.php(42): Illuminate\\Database\\Connection->run()
#4 /home/winston/Documents/projects/laravel-article-cms-Rest-API/vendor/laravel/framework/src/Illuminate/Database/Query/Processors/MySqlProcessor.php(35): Illuminate\\Database\\MySqlConnection->insert()
#5 /home/winston/Documents/projects/laravel-article-cms-Rest-API/vendor/laravel/framework/src/Illuminate/Database/Query/Builder.php(3766): Illuminate\\Database\\Query\\Processors\\MySqlProcessor->processInsertGetId()
#6 /home/winston/Documents/projects/laravel-article-cms-Rest-API/vendor/laravel/framework/src/Illuminate/Database/Eloquent/Builder.php(2120): Illuminate\\Database\\Query\\Builder->insertGetId()
#7 /home/winston/Documents/projects/laravel-article-cms-Rest-API/vendor/laravel/framework/src/Illuminate/Database/Eloquent/Model.php(1359): Illuminate\\Database\\Eloquent\\Builder->__call()
#8 /home/winston/Documents/projects/laravel-article-cms-Rest-API/vendor/laravel/framework/src/Illuminate/Database/Eloquent/Model.php(1324): Illuminate\\Database\\Eloquent\\Model->insertAndSetId()
#9 /home/winston/Documents/projects/laravel-article-cms-Rest-API/vendor/laravel/framework/src/Illuminate/Database/Eloquent/Model.php(1163): Illuminate\\Database\\Eloquent\\Model->performInsert()
#10 /home/winston/Documents/projects/laravel-article-cms-Rest-API/vendor/laravel/framework/src/Illuminate/Database/Eloquent/Builder.php(1128): Illuminate\\Database\\Eloquent\\Model->save()
#11 /home/winston/Documents/projects/laravel-article-cms-Rest-API/vendor/laravel/framework/src/Illuminate/Support/helpers.php(399): Illuminate\\Database\\Eloquent\\Builder->{closure:Illuminate\\Database\\Eloquent\\Builder::create():1127}()
#12 /home/winston/Documents/projects/laravel-article-cms-Rest-API/vendor/laravel/framework/src/Illuminate/Database/Eloquent/Builder.php(1127): tap()
#13 /home/winston/Documents/projects/laravel-article-cms-Rest-API/vendor/laravel/framework/src/Illuminate/Support/Traits/ForwardsCalls.php(23): Illuminate\\Database\\Eloquent\\Builder->create()
#14 /home/winston/Documents/projects/laravel-article-cms-Rest-API/vendor/laravel/framework/src/Illuminate/Database/Eloquent/Model.php(2372): Illuminate\\Database\\Eloquent\\Model->forwardCallTo()
#15 /home/winston/Documents/projects/laravel-article-cms-Rest-API/vendor/laravel/framework/src/Illuminate/Database/Eloquent/Model.php(2384): Illuminate\\Database\\Eloquent\\Model->__call()
#16 /home/winston/Documents/projects/laravel-article-cms-Rest-API/app/Http/Controllers/AnalyticsController.php(32): Illuminate\\Database\\Eloquent\\Model::__callStatic()
#17 /home/winston/Documents/projects/laravel-article-cms-Rest-API/vendor/laravel/framework/src/Illuminate/Routing/ControllerDispatcher.php(47): App\\Http\\Controllers\\AnalyticsController->store()
#18 /home/winston/Documents/projects/laravel-article-cms-Rest-API/vendor/laravel/framework/src/Illuminate/Routing/Route.php(266): Illuminate\\Routing\\ControllerDispatcher->dispatch()
#19 /home/winston/Documents/projects/laravel-article-cms-Rest-API/vendor/laravel/framework/src/Illuminate/Routing/Route.php(212): Illuminate\\Routing\\Route->runController()
#20 /home/winston/Documents/projects/laravel-article-cms-Rest-API/vendor/laravel/framework/src/Illuminate/Routing/Router.php(808): Illuminate\\Routing\\Route->run()
#21 /home/winston/Documents/projects/laravel-article-cms-Rest-API/vendor/laravel/framework/src/Illuminate/Pipeline/Pipeline.php(170): Illuminate\\Routing\\Router->{closure:Illuminate\\Routing\\Router::runRouteWithinStack():807}()
#22 /home/winston/Documents/projects/laravel-article-cms-Rest-API/vendor/laravel/framework/src/Illuminate/Routing/Middleware/SubstituteBindings.php(51): Illuminate\\Pipeline\\Pipeline->{closure:Illuminate\\Pipeline\\Pipeline::prepareDestination():168}()
#23 /home/winston/Documents/projects/laravel-article-cms-Rest-API/vendor/laravel/framework/src/Illuminate/Pipeline/Pipeline.php(209): Illuminate\\Routing\\Middleware\\SubstituteBindings->handle()
#24 /home/winston/Documents/projects/laravel-article-cms-Rest-API/vendor/laravel/sanctum/src/Http/Middleware/EnsureFrontendRequestsAreStateful.php(26): Illuminate\\Pipeline\\Pipeline->{closure:{closure:Illuminate\\Pipeline\\Pipeline::carry():184}:185}()
#25 /home/winston/Documents/projects/laravel-article-cms-Rest-API/vendor/laravel/framework/src/Illuminate/Pipeline/Pipeline.php(170): Laravel\\Sanctum\\Http\\Middleware\\EnsureFrontendRequestsAreStateful->{closure:Laravel\\Sanctum\\Http\\Middleware\\EnsureFrontendRequestsAreStateful::handle():25}()
#26 /home/winston/Documents/projects/laravel-article-cms-Rest-API/vendor/laravel/framework/src/Illuminate/Pipeline/Pipeline.php(127): Illuminate\\Pipeline\\Pipeline->{closure:Illuminate\\Pipeline\\Pipeline::prepareDestination():168}()
#27 /home/winston/Documents/projects/laravel-article-cms-Rest-API/vendor/laravel/sanctum/src/Http/Middleware/EnsureFrontendRequestsAreStateful.php(25): Illuminate\\Pipeline\\Pipeline->then()
#28 /home/winston/Documents/projects/laravel-article-cms-Rest-API/vendor/laravel/framework/src/Illuminate/Pipeline/Pipeline.php(209): Laravel\\Sanctum\\Http\\Middleware\\EnsureFrontendRequestsAreStateful->handle()
#29 /home/winston/Documents/projects/laravel-article-cms-Rest-API/vendor/laravel/framework/src/Illuminate/Pipeline/Pipeline.php(127): Illuminate\\Pipeline\\Pipeline->{closure:{closure:Illuminate\\Pipeline\\Pipeline::carry():184}:185}()
#30 /home/winston/Documents/projects/laravel-article-cms-Rest-API/vendor/laravel/framework/src/Illuminate/Routing/Router.php(807): Illuminate\\Pipeline\\Pipeline->then()
#31 /home/winston/Documents/projects/laravel-article-cms-Rest-API/vendor/laravel/framework/src/Illuminate/Routing/Router.php(786): Illuminate\\Routing\\Router->runRouteWithinStack()
#32 /home/winston/Documents/projects/laravel-article-cms-Rest-API/vendor/laravel/framework/src/Illuminate/Routing/Router.php(750): Illuminate\\Routing\\Router->runRoute()
#33 /home/winston/Documents/projects/laravel-article-cms-Rest-API/vendor/laravel/framework/src/Illuminate/Routing/Router.php(739): Illuminate\\Routing\\Router->dispatchToRoute()
#34 /home/winston/Documents/projects/laravel-article-cms-Rest-API/vendor/laravel/framework/src/Illuminate/Foundation/Http/Kernel.php(201): Illuminate\\Routing\\Router->dispatch()
#35 /home/winston/Documents/projects/laravel-article-cms-Rest-API/vendor/laravel/framework/src/Illuminate/Pipeline/Pipeline.php(170): Illuminate\\Foundation\\Http\\Kernel->{closure:Illuminate\\Foundation\\Http\\Kernel::dispatchToRouter():198}()
#36 /home/winston/Documents/projects/laravel-article-cms-Rest-API/app/Http/Middleware/CorsMiddleware.php(26): Illuminate\\Pipeline\\Pipeline->{closure:Illuminate\\Pipeline\\Pipeline::prepareDestination():168}()
#37 /home/winston/Documents/projects/laravel-article-cms-Rest-API/vendor/laravel/framework/src/Illuminate/Pipeline/Pipeline.php(209): App\\Http\\Middleware\\CorsMiddleware->handle()
#38 /home/winston/Documents/projects/laravel-article-cms-Rest-API/vendor/laravel/framework/src/Illuminate/Foundation/Http/Middleware/TransformsRequest.php(21): Illuminate\\Pipeline\\Pipeline->{closure:{closure:Illuminate\\Pipeline\\Pipeline::carry():184}:185}()
#39 /home/winston/Documents/projects/laravel-article-cms-Rest-API/vendor/laravel/framework/src/Illuminate/Foundation/Http/Middleware/ConvertEmptyStringsToNull.php(31): Illuminate\\Foundation\\Http\\Middleware\\TransformsRequest->handle()
#40 /home/winston/Documents/projects/laravel-article-cms-Rest-API/vendor/laravel/framework/src/Illuminate/Pipeline/Pipeline.php(209): Illuminate\\Foundation\\Http\\Middleware\\ConvertEmptyStringsToNull->handle()
#41 /home/winston/Documents/projects/laravel-article-cms-Rest-API/vendor/laravel/framework/src/Illuminate/Foundation/Http/Middleware/TransformsRequest.php(21): Illuminate\\Pipeline\\Pipeline->{closure:{closure:Illuminate\\Pipeline\\Pipeline::carry():184}:185}()
#42 /home/winston/Documents/projects/laravel-article-cms-Rest-API/vendor/laravel/framework/src/Illuminate/Foundation/Http/Middleware/TrimStrings.php(51): Illuminate\\Foundation\\Http\\Middleware\\TransformsRequest->handle()
#43 /home/winston/Documents/projects/laravel-article-cms-Rest-API/vendor/laravel/framework/src/Illuminate/Pipeline/Pipeline.php(209): Illuminate\\Foundation\\Http\\Middleware\\TrimStrings->handle()
#44 /home/winston/Documents/projects/laravel-article-cms-Rest-API/vendor/laravel/framework/src/Illuminate/Http/Middleware/ValidatePostSize.php(27): Illuminate\\Pipeline\\Pipeline->{closure:{closure:Illuminate\\Pipeline\\Pipeline::carry():184}:185}()
#45 /home/winston/Documents/projects/laravel-article-cms-Rest-API/vendor/laravel/framework/src/Illuminate/Pipeline/Pipeline.php(209): Illuminate\\Http\\Middleware\\ValidatePostSize->handle()
#46 /home/winston/Documents/projects/laravel-article-cms-Rest-API/vendor/laravel/framework/src/Illuminate/Foundation/Http/Middleware/PreventRequestsDuringMaintenance.php(110): Illuminate\\Pipeline\\Pipeline->{closure:{closure:Illuminate\\Pipeline\\Pipeline::carry():184}:185}()
#47 /home/winston/Documents/projects/laravel-article-cms-Rest-API/vendor/laravel/framework/src/Illuminate/Pipeline/Pipeline.php(209): Illuminate\\Foundation\\Http\\Middleware\\PreventRequestsDuringMaintenance->handle()
#48 /home/winston/Documents/projects/laravel-article-cms-Rest-API/vendor/laravel/framework/src/Illuminate/Http/Middleware/HandleCors.php(62): Illuminate\\Pipeline\\Pipeline->{closure:{closure:Illuminate\\Pipeline\\Pipeline::carry():184}:185}()
#49 /home/winston/Documents/projects/laravel-article-cms-Rest-API/vendor/laravel/framework/src/Illuminate/Pipeline/Pipeline.php(209): Illuminate\\Http\\Middleware\\HandleCors->handle()
#50 /home/winston/Documents/projects/laravel-article-cms-Rest-API/vendor/laravel/framework/src/Illuminate/Http/Middleware/TrustProxies.php(58): Illuminate\\Pipeline\\Pipeline->{closure:{closure:Illuminate\\Pipeline\\Pipeline::carry():184}:185}()
#51 /home/winston/Documents/projects/laravel-article-cms-Rest-API/vendor/laravel/framework/src/Illuminate/Pipeline/Pipeline.php(209): Illuminate\\Http\\Middleware\\TrustProxies->handle()
#52 /home/winston/Documents/projects/laravel-article-cms-Rest-API/vendor/laravel/framework/src/Illuminate/Foundation/Http/Middleware/InvokeDeferredCallbacks.php(22): Illuminate\\Pipeline\\Pipeline->{closure:{closure:Illuminate\\Pipeline\\Pipeline::carry():184}:185}()
#53 /home/winston/Documents/projects/laravel-article-cms-Rest-API/vendor/laravel/framework/src/Illuminate/Pipeline/Pipeline.php(209): Illuminate\\Foundation\\Http\\Middleware\\InvokeDeferredCallbacks->handle()
#54 /home/winston/Documents/projects/laravel-article-cms-Rest-API/vendor/laravel/framework/src/Illuminate/Pipeline/Pipeline.php(127): Illuminate\\Pipeline\\Pipeline->{closure:{closure:Illuminate\\Pipeline\\Pipeline::carry():184}:185}()
#55 /home/winston/Documents/projects/laravel-article-cms-Rest-API/vendor/laravel/framework/src/Illuminate/Foundation/Http/Kernel.php(176): Illuminate\\Pipeline\\Pipeline->then()
#56 /home/winston/Documents/projects/laravel-article-cms-Rest-API/vendor/laravel/framework/src/Illuminate/Foundation/Http/Kernel.php(145): Illuminate\\Foundation\\Http\\Kernel->sendRequestThroughRouter()
#57 /home/winston/Documents/projects/laravel-article-cms-Rest-API/public/index.php(21): Illuminate\\Foundation\\Http\\Kernel->handle()
#58 /home/winston/Documents/projects/laravel-article-cms-Rest-API/vendor/laravel/framework/src/Illuminate/Foundation/resources/server.php(23): require_once('...')
#59 {main}
"} 
[2025-06-14 07:36:46] local.ERROR: SQLSTATE[42S21]: Column already exists: 1060 Duplicate column name 'referrer' (Connection: mysql, SQL: create table `analytics` (`id` bigint unsigned not null auto_increment primary key, `eventType` varchar(255) not null, `url` varchar(255) not null, `path` varchar(255) not null, `referrer` varchar(255) not null, `referrer` varchar(255) not null, `timestamp` varchar(255) not null, `userId` varchar(255) not null, `browserName` varchar(255) not null, `browserVersion` varchar(255) not null, `os` varchar(255) not null, `deviceType` varchar(255) not null, `deviceVendor` varchar(255) not null, `deviceModel` varchar(255) not null, `cpuArchitecture` varchar(255) not null, `isArmCpu` varchar(255) not null, `isMobile` varchar(255) not null, `screenWidth` varchar(255) not null, `screenHeight` varchar(255) not null, `language` varchar(255) not null, `timezone` varchar(255) not null, `connectionType` varchar(255) not null, `created_at` timestamp null, `updated_at` timestamp null) default character set utf8mb4 collate 'utf8mb4_unicode_ci') {"exception":"[object] (Illuminate\\Database\\QueryException(code: 42S21): SQLSTATE[42S21]: Column already exists: 1060 Duplicate column name 'referrer' (Connection: mysql, SQL: create table `analytics` (`id` bigint unsigned not null auto_increment primary key, `eventType` varchar(255) not null, `url` varchar(255) not null, `path` varchar(255) not null, `referrer` varchar(255) not null, `referrer` varchar(255) not null, `timestamp` varchar(255) not null, `userId` varchar(255) not null, `browserName` varchar(255) not null, `browserVersion` varchar(255) not null, `os` varchar(255) not null, `deviceType` varchar(255) not null, `deviceVendor` varchar(255) not null, `deviceModel` varchar(255) not null, `cpuArchitecture` varchar(255) not null, `isArmCpu` varchar(255) not null, `isMobile` varchar(255) not null, `screenWidth` varchar(255) not null, `screenHeight` varchar(255) not null, `language` varchar(255) not null, `timezone` varchar(255) not null, `connectionType` varchar(255) not null, `created_at` timestamp null, `updated_at` timestamp null) default character set utf8mb4 collate 'utf8mb4_unicode_ci') at /home/winston/Documents/projects/laravel-article-cms-Rest-API/vendor/laravel/framework/src/Illuminate/Database/Connection.php:825)
[stacktrace]
#0 /home/winston/Documents/projects/laravel-article-cms-Rest-API/vendor/laravel/framework/src/Illuminate/Database/Connection.php(779): Illuminate\\Database\\Connection->runQueryCallback()
#1 /home/winston/Documents/projects/laravel-article-cms-Rest-API/vendor/laravel/framework/src/Illuminate/Database/Connection.php(560): Illuminate\\Database\\Connection->run()
#2 /home/winston/Documents/projects/laravel-article-cms-Rest-API/vendor/laravel/framework/src/Illuminate/Database/Schema/Blueprint.php(118): Illuminate\\Database\\Connection->statement()
#3 /home/winston/Documents/projects/laravel-article-cms-Rest-API/vendor/laravel/framework/src/Illuminate/Database/Schema/Builder.php(564): Illuminate\\Database\\Schema\\Blueprint->build()
#4 /home/winston/Documents/projects/laravel-article-cms-Rest-API/vendor/laravel/framework/src/Illuminate/Database/Schema/Builder.php(418): Illuminate\\Database\\Schema\\Builder->build()
#5 /home/winston/Documents/projects/laravel-article-cms-Rest-API/vendor/laravel/framework/src/Illuminate/Support/Facades/Facade.php(361): Illuminate\\Database\\Schema\\Builder->create()
#6 /home/winston/Documents/projects/laravel-article-cms-Rest-API/database/migrations/2025_06_13_161847_create_analytics_table.php(14): Illuminate\\Support\\Facades\\Facade::__callStatic()
#7 /home/winston/Documents/projects/laravel-article-cms-Rest-API/vendor/laravel/framework/src/Illuminate/Database/Migrations/Migrator.php(507): Illuminate\\Database\\Migrations\\Migration@anonymous->up()
#8 /home/winston/Documents/projects/laravel-article-cms-Rest-API/vendor/laravel/framework/src/Illuminate/Database/Migrations/Migrator.php(432): Illuminate\\Database\\Migrations\\Migrator->runMethod()
#9 /home/winston/Documents/projects/laravel-article-cms-Rest-API/vendor/laravel/framework/src/Illuminate/Database/Migrations/Migrator.php(441): Illuminate\\Database\\Migrations\\Migrator->{closure:Illuminate\\Database\\Migrations\\Migrator::runMigration():428}()
#10 /home/winston/Documents/projects/laravel-article-cms-Rest-API/vendor/laravel/framework/src/Illuminate/Database/Migrations/Migrator.php(244): Illuminate\\Database\\Migrations\\Migrator->runMigration()
#11 /home/winston/Documents/projects/laravel-article-cms-Rest-API/vendor/laravel/framework/src/Illuminate/Console/View/Components/Task.php(40): Illuminate\\Database\\Migrations\\Migrator->{closure:Illuminate\\Database\\Migrations\\Migrator::runUp():244}()
#12 /home/winston/Documents/projects/laravel-article-cms-Rest-API/vendor/laravel/framework/src/Illuminate/Database/Migrations/Migrator.php(798): Illuminate\\Console\\View\\Components\\Task->render()
#13 /home/winston/Documents/projects/laravel-article-cms-Rest-API/vendor/laravel/framework/src/Illuminate/Database/Migrations/Migrator.php(244): Illuminate\\Database\\Migrations\\Migrator->write()
#14 /home/winston/Documents/projects/laravel-article-cms-Rest-API/vendor/laravel/framework/src/Illuminate/Database/Migrations/Migrator.php(211): Illuminate\\Database\\Migrations\\Migrator->runUp()
#15 /home/winston/Documents/projects/laravel-article-cms-Rest-API/vendor/laravel/framework/src/Illuminate/Database/Migrations/Migrator.php(138): Illuminate\\Database\\Migrations\\Migrator->runPending()
#16 /home/winston/Documents/projects/laravel-article-cms-Rest-API/vendor/laravel/framework/src/Illuminate/Database/Console/Migrations/MigrateCommand.php(117): Illuminate\\Database\\Migrations\\Migrator->run()
#17 /home/winston/Documents/projects/laravel-article-cms-Rest-API/vendor/laravel/framework/src/Illuminate/Database/Migrations/Migrator.php(658): Illuminate\\Database\\Console\\Migrations\\MigrateCommand->{closure:Illuminate\\Database\\Console\\Migrations\\MigrateCommand::runMigrations():110}()
#18 /home/winston/Documents/projects/laravel-article-cms-Rest-API/vendor/laravel/framework/src/Illuminate/Database/Console/Migrations/MigrateCommand.php(110): Illuminate\\Database\\Migrations\\Migrator->usingConnection()
#19 /home/winston/Documents/projects/laravel-article-cms-Rest-API/vendor/laravel/framework/src/Illuminate/Database/Console/Migrations/MigrateCommand.php(89): Illuminate\\Database\\Console\\Migrations\\MigrateCommand->runMigrations()
#20 /home/winston/Documents/projects/laravel-article-cms-Rest-API/vendor/laravel/framework/src/Illuminate/Container/BoundMethod.php(36): Illuminate\\Database\\Console\\Migrations\\MigrateCommand->handle()
#21 /home/winston/Documents/projects/laravel-article-cms-Rest-API/vendor/laravel/framework/src/Illuminate/Container/Util.php(43): Illuminate\\Container\\BoundMethod::{closure:Illuminate\\Container\\BoundMethod::call():35}()
#22 /home/winston/Documents/projects/laravel-article-cms-Rest-API/vendor/laravel/framework/src/Illuminate/Container/BoundMethod.php(95): Illuminate\\Container\\Util::unwrapIfClosure()
#23 /home/winston/Documents/projects/laravel-article-cms-Rest-API/vendor/laravel/framework/src/Illuminate/Container/BoundMethod.php(35): Illuminate\\Container\\BoundMethod::callBoundMethod()
#24 /home/winston/Documents/projects/laravel-article-cms-Rest-API/vendor/laravel/framework/src/Illuminate/Container/Container.php(696): Illuminate\\Container\\BoundMethod::call()
#25 /home/winston/Documents/projects/laravel-article-cms-Rest-API/vendor/laravel/framework/src/Illuminate/Console/Command.php(213): Illuminate\\Container\\Container->call()
#26 /home/winston/Documents/projects/laravel-article-cms-Rest-API/vendor/symfony/console/Command/Command.php(318): Illuminate\\Console\\Command->execute()
#27 /home/winston/Documents/projects/laravel-article-cms-Rest-API/vendor/laravel/framework/src/Illuminate/Console/Command.php(182): Symfony\\Component\\Console\\Command\\Command->run()
#28 /home/winston/Documents/projects/laravel-article-cms-Rest-API/vendor/laravel/framework/src/Illuminate/Console/Concerns/CallsCommands.php(68): Illuminate\\Console\\Command->run()
#29 /home/winston/Documents/projects/laravel-article-cms-Rest-API/vendor/laravel/framework/src/Illuminate/Console/Concerns/CallsCommands.php(29): Illuminate\\Console\\Command->runCommand()
#30 /home/winston/Documents/projects/laravel-article-cms-Rest-API/vendor/laravel/framework/src/Illuminate/Database/Console/Migrations/FreshCommand.php(82): Illuminate\\Console\\Command->call()
#31 /home/winston/Documents/projects/laravel-article-cms-Rest-API/vendor/laravel/framework/src/Illuminate/Container/BoundMethod.php(36): Illuminate\\Database\\Console\\Migrations\\FreshCommand->handle()
#32 /home/winston/Documents/projects/laravel-article-cms-Rest-API/vendor/laravel/framework/src/Illuminate/Container/Util.php(43): Illuminate\\Container\\BoundMethod::{closure:Illuminate\\Container\\BoundMethod::call():35}()
#33 /home/winston/Documents/projects/laravel-article-cms-Rest-API/vendor/laravel/framework/src/Illuminate/Container/BoundMethod.php(95): Illuminate\\Container\\Util::unwrapIfClosure()
#34 /home/winston/Documents/projects/laravel-article-cms-Rest-API/vendor/laravel/framework/src/Illuminate/Container/BoundMethod.php(35): Illuminate\\Container\\BoundMethod::callBoundMethod()
#35 /home/winston/Documents/projects/laravel-article-cms-Rest-API/vendor/laravel/framework/src/Illuminate/Container/Container.php(696): Illuminate\\Container\\BoundMethod::call()
#36 /home/winston/Documents/projects/laravel-article-cms-Rest-API/vendor/laravel/framework/src/Illuminate/Console/Command.php(213): Illuminate\\Container\\Container->call()
#37 /home/winston/Documents/projects/laravel-article-cms-Rest-API/vendor/symfony/console/Command/Command.php(318): Illuminate\\Console\\Command->execute()
#38 /home/winston/Documents/projects/laravel-article-cms-Rest-API/vendor/laravel/framework/src/Illuminate/Console/Command.php(182): Symfony\\Component\\Console\\Command\\Command->run()
#39 /home/winston/Documents/projects/laravel-article-cms-Rest-API/vendor/symfony/console/Application.php(1092): Illuminate\\Console\\Command->run()
#40 /home/winston/Documents/projects/laravel-article-cms-Rest-API/vendor/symfony/console/Application.php(341): Symfony\\Component\\Console\\Application->doRunCommand()
#41 /home/winston/Documents/projects/laravel-article-cms-Rest-API/vendor/symfony/console/Application.php(192): Symfony\\Component\\Console\\Application->doRun()
#42 /home/winston/Documents/projects/laravel-article-cms-Rest-API/vendor/laravel/framework/src/Illuminate/Foundation/Console/Kernel.php(198): Symfony\\Component\\Console\\Application->run()
#43 /home/winston/Documents/projects/laravel-article-cms-Rest-API/vendor/laravel/framework/src/Illuminate/Foundation/Application.php(1235): Illuminate\\Foundation\\Console\\Kernel->handle()
#44 /home/winston/Documents/projects/laravel-article-cms-Rest-API/artisan(13): Illuminate\\Foundation\\Application->handleCommand()
#45 {main}

[previous exception] [object] (PDOException(code: 42S21): SQLSTATE[42S21]: Column already exists: 1060 Duplicate column name 'referrer' at /home/winston/Documents/projects/laravel-article-cms-Rest-API/vendor/laravel/framework/src/Illuminate/Database/Connection.php:571)
[stacktrace]
#0 /home/winston/Documents/projects/laravel-article-cms-Rest-API/vendor/laravel/framework/src/Illuminate/Database/Connection.php(571): PDOStatement->execute()
#1 /home/winston/Documents/projects/laravel-article-cms-Rest-API/vendor/laravel/framework/src/Illuminate/Database/Connection.php(812): Illuminate\\Database\\Connection->{closure:Illuminate\\Database\\Connection::statement():560}()
#2 /home/winston/Documents/projects/laravel-article-cms-Rest-API/vendor/laravel/framework/src/Illuminate/Database/Connection.php(779): Illuminate\\Database\\Connection->runQueryCallback()
#3 /home/winston/Documents/projects/laravel-article-cms-Rest-API/vendor/laravel/framework/src/Illuminate/Database/Connection.php(560): Illuminate\\Database\\Connection->run()
#4 /home/winston/Documents/projects/laravel-article-cms-Rest-API/vendor/laravel/framework/src/Illuminate/Database/Schema/Blueprint.php(118): Illuminate\\Database\\Connection->statement()
#5 /home/winston/Documents/projects/laravel-article-cms-Rest-API/vendor/laravel/framework/src/Illuminate/Database/Schema/Builder.php(564): Illuminate\\Database\\Schema\\Blueprint->build()
#6 /home/winston/Documents/projects/laravel-article-cms-Rest-API/vendor/laravel/framework/src/Illuminate/Database/Schema/Builder.php(418): Illuminate\\Database\\Schema\\Builder->build()
#7 /home/winston/Documents/projects/laravel-article-cms-Rest-API/vendor/laravel/framework/src/Illuminate/Support/Facades/Facade.php(361): Illuminate\\Database\\Schema\\Builder->create()
#8 /home/winston/Documents/projects/laravel-article-cms-Rest-API/database/migrations/2025_06_13_161847_create_analytics_table.php(14): Illuminate\\Support\\Facades\\Facade::__callStatic()
#9 /home/winston/Documents/projects/laravel-article-cms-Rest-API/vendor/laravel/framework/src/Illuminate/Database/Migrations/Migrator.php(507): Illuminate\\Database\\Migrations\\Migration@anonymous->up()
#10 /home/winston/Documents/projects/laravel-article-cms-Rest-API/vendor/laravel/framework/src/Illuminate/Database/Migrations/Migrator.php(432): Illuminate\\Database\\Migrations\\Migrator->runMethod()
#11 /home/winston/Documents/projects/laravel-article-cms-Rest-API/vendor/laravel/framework/src/Illuminate/Database/Migrations/Migrator.php(441): Illuminate\\Database\\Migrations\\Migrator->{closure:Illuminate\\Database\\Migrations\\Migrator::runMigration():428}()
#12 /home/winston/Documents/projects/laravel-article-cms-Rest-API/vendor/laravel/framework/src/Illuminate/Database/Migrations/Migrator.php(244): Illuminate\\Database\\Migrations\\Migrator->runMigration()
#13 /home/winston/Documents/projects/laravel-article-cms-Rest-API/vendor/laravel/framework/src/Illuminate/Console/View/Components/Task.php(40): Illuminate\\Database\\Migrations\\Migrator->{closure:Illuminate\\Database\\Migrations\\Migrator::runUp():244}()
#14 /home/winston/Documents/projects/laravel-article-cms-Rest-API/vendor/laravel/framework/src/Illuminate/Database/Migrations/Migrator.php(798): Illuminate\\Console\\View\\Components\\Task->render()
#15 /home/winston/Documents/projects/laravel-article-cms-Rest-API/vendor/laravel/framework/src/Illuminate/Database/Migrations/Migrator.php(244): Illuminate\\Database\\Migrations\\Migrator->write()
#16 /home/winston/Documents/projects/laravel-article-cms-Rest-API/vendor/laravel/framework/src/Illuminate/Database/Migrations/Migrator.php(211): Illuminate\\Database\\Migrations\\Migrator->runUp()
#17 /home/winston/Documents/projects/laravel-article-cms-Rest-API/vendor/laravel/framework/src/Illuminate/Database/Migrations/Migrator.php(138): Illuminate\\Database\\Migrations\\Migrator->runPending()
#18 /home/winston/Documents/projects/laravel-article-cms-Rest-API/vendor/laravel/framework/src/Illuminate/Database/Console/Migrations/MigrateCommand.php(117): Illuminate\\Database\\Migrations\\Migrator->run()
#19 /home/winston/Documents/projects/laravel-article-cms-Rest-API/vendor/laravel/framework/src/Illuminate/Database/Migrations/Migrator.php(658): Illuminate\\Database\\Console\\Migrations\\MigrateCommand->{closure:Illuminate\\Database\\Console\\Migrations\\MigrateCommand::runMigrations():110}()
#20 /home/winston/Documents/projects/laravel-article-cms-Rest-API/vendor/laravel/framework/src/Illuminate/Database/Console/Migrations/MigrateCommand.php(110): Illuminate\\Database\\Migrations\\Migrator->usingConnection()
#21 /home/winston/Documents/projects/laravel-article-cms-Rest-API/vendor/laravel/framework/src/Illuminate/Database/Console/Migrations/MigrateCommand.php(89): Illuminate\\Database\\Console\\Migrations\\MigrateCommand->runMigrations()
#22 /home/winston/Documents/projects/laravel-article-cms-Rest-API/vendor/laravel/framework/src/Illuminate/Container/BoundMethod.php(36): Illuminate\\Database\\Console\\Migrations\\MigrateCommand->handle()
#23 /home/winston/Documents/projects/laravel-article-cms-Rest-API/vendor/laravel/framework/src/Illuminate/Container/Util.php(43): Illuminate\\Container\\BoundMethod::{closure:Illuminate\\Container\\BoundMethod::call():35}()
#24 /home/winston/Documents/projects/laravel-article-cms-Rest-API/vendor/laravel/framework/src/Illuminate/Container/BoundMethod.php(95): Illuminate\\Container\\Util::unwrapIfClosure()
#25 /home/winston/Documents/projects/laravel-article-cms-Rest-API/vendor/laravel/framework/src/Illuminate/Container/BoundMethod.php(35): Illuminate\\Container\\BoundMethod::callBoundMethod()
#26 /home/winston/Documents/projects/laravel-article-cms-Rest-API/vendor/laravel/framework/src/Illuminate/Container/Container.php(696): Illuminate\\Container\\BoundMethod::call()
#27 /home/winston/Documents/projects/laravel-article-cms-Rest-API/vendor/laravel/framework/src/Illuminate/Console/Command.php(213): Illuminate\\Container\\Container->call()
#28 /home/winston/Documents/projects/laravel-article-cms-Rest-API/vendor/symfony/console/Command/Command.php(318): Illuminate\\Console\\Command->execute()
#29 /home/winston/Documents/projects/laravel-article-cms-Rest-API/vendor/laravel/framework/src/Illuminate/Console/Command.php(182): Symfony\\Component\\Console\\Command\\Command->run()
#30 /home/winston/Documents/projects/laravel-article-cms-Rest-API/vendor/laravel/framework/src/Illuminate/Console/Concerns/CallsCommands.php(68): Illuminate\\Console\\Command->run()
#31 /home/winston/Documents/projects/laravel-article-cms-Rest-API/vendor/laravel/framework/src/Illuminate/Console/Concerns/CallsCommands.php(29): Illuminate\\Console\\Command->runCommand()
#32 /home/winston/Documents/projects/laravel-article-cms-Rest-API/vendor/laravel/framework/src/Illuminate/Database/Console/Migrations/FreshCommand.php(82): Illuminate\\Console\\Command->call()
#33 /home/winston/Documents/projects/laravel-article-cms-Rest-API/vendor/laravel/framework/src/Illuminate/Container/BoundMethod.php(36): Illuminate\\Database\\Console\\Migrations\\FreshCommand->handle()
#34 /home/winston/Documents/projects/laravel-article-cms-Rest-API/vendor/laravel/framework/src/Illuminate/Container/Util.php(43): Illuminate\\Container\\BoundMethod::{closure:Illuminate\\Container\\BoundMethod::call():35}()
#35 /home/winston/Documents/projects/laravel-article-cms-Rest-API/vendor/laravel/framework/src/Illuminate/Container/BoundMethod.php(95): Illuminate\\Container\\Util::unwrapIfClosure()
#36 /home/winston/Documents/projects/laravel-article-cms-Rest-API/vendor/laravel/framework/src/Illuminate/Container/BoundMethod.php(35): Illuminate\\Container\\BoundMethod::callBoundMethod()
#37 /home/winston/Documents/projects/laravel-article-cms-Rest-API/vendor/laravel/framework/src/Illuminate/Container/Container.php(696): Illuminate\\Container\\BoundMethod::call()
#38 /home/winston/Documents/projects/laravel-article-cms-Rest-API/vendor/laravel/framework/src/Illuminate/Console/Command.php(213): Illuminate\\Container\\Container->call()
#39 /home/winston/Documents/projects/laravel-article-cms-Rest-API/vendor/symfony/console/Command/Command.php(318): Illuminate\\Console\\Command->execute()
#40 /home/winston/Documents/projects/laravel-article-cms-Rest-API/vendor/laravel/framework/src/Illuminate/Console/Command.php(182): Symfony\\Component\\Console\\Command\\Command->run()
#41 /home/winston/Documents/projects/laravel-article-cms-Rest-API/vendor/symfony/console/Application.php(1092): Illuminate\\Console\\Command->run()
#42 /home/winston/Documents/projects/laravel-article-cms-Rest-API/vendor/symfony/console/Application.php(341): Symfony\\Component\\Console\\Application->doRunCommand()
#43 /home/winston/Documents/projects/laravel-article-cms-Rest-API/vendor/symfony/console/Application.php(192): Symfony\\Component\\Console\\Application->doRun()
#44 /home/winston/Documents/projects/laravel-article-cms-Rest-API/vendor/laravel/framework/src/Illuminate/Foundation/Console/Kernel.php(198): Symfony\\Component\\Console\\Application->run()
#45 /home/winston/Documents/projects/laravel-article-cms-Rest-API/vendor/laravel/framework/src/Illuminate/Foundation/Application.php(1235): Illuminate\\Foundation\\Console\\Kernel->handle()
#46 /home/winston/Documents/projects/laravel-article-cms-Rest-API/artisan(13): Illuminate\\Foundation\\Application->handleCommand()
#47 {main}
"} 
[2025-06-14 07:38:20] local.INFO: Request Origin: http://localhost:3000  
[2025-06-14 07:38:20] local.ERROR: SQLSTATE[23000]: Integrity constraint violation: 1048 Column 'referrer' cannot be null (Connection: mysql, SQL: insert into `analytics` (`eventType`, `url`, `path`, `referrer`, `timestamp`, `userId`, `browserName`, `browserVersion`, `os`, `deviceType`, `deviceVendor`, `deviceModel`, `cpuArchitecture`, `isArmCpu`, `isMobile`, `screenWidth`, `screenHeight`, `language`, `timezone`, `connectionType`, `updated_at`, `created_at`) values (pageview, http://localhost:3000/blog, /blog, ?, 2025-06-14T07:38:20.523Z, ?, Firefox, 139.0, Linux, desktop, unknown, unknown, amd64, 0, 0, 1920, 1080, en-US, Africa/Nouakchott, unknown, 2025-06-14 07:38:20, 2025-06-14 07:38:20)) {"exception":"[object] (Illuminate\\Database\\QueryException(code: 23000): SQLSTATE[23000]: Integrity constraint violation: 1048 Column 'referrer' cannot be null (Connection: mysql, SQL: insert into `analytics` (`eventType`, `url`, `path`, `referrer`, `timestamp`, `userId`, `browserName`, `browserVersion`, `os`, `deviceType`, `deviceVendor`, `deviceModel`, `cpuArchitecture`, `isArmCpu`, `isMobile`, `screenWidth`, `screenHeight`, `language`, `timezone`, `connectionType`, `updated_at`, `created_at`) values (pageview, http://localhost:3000/blog, /blog, ?, 2025-06-14T07:38:20.523Z, ?, Firefox, 139.0, Linux, desktop, unknown, unknown, amd64, 0, 0, 1920, 1080, en-US, Africa/Nouakchott, unknown, 2025-06-14 07:38:20, 2025-06-14 07:38:20)) at /home/winston/Documents/projects/laravel-article-cms-Rest-API/vendor/laravel/framework/src/Illuminate/Database/Connection.php:825)
[stacktrace]
#0 /home/winston/Documents/projects/laravel-article-cms-Rest-API/vendor/laravel/framework/src/Illuminate/Database/Connection.php(779): Illuminate\\Database\\Connection->runQueryCallback()
#1 /home/winston/Documents/projects/laravel-article-cms-Rest-API/vendor/laravel/framework/src/Illuminate/Database/MySqlConnection.php(42): Illuminate\\Database\\Connection->run()
#2 /home/winston/Documents/projects/laravel-article-cms-Rest-API/vendor/laravel/framework/src/Illuminate/Database/Query/Processors/MySqlProcessor.php(35): Illuminate\\Database\\MySqlConnection->insert()
#3 /home/winston/Documents/projects/laravel-article-cms-Rest-API/vendor/laravel/framework/src/Illuminate/Database/Query/Builder.php(3766): Illuminate\\Database\\Query\\Processors\\MySqlProcessor->processInsertGetId()
#4 /home/winston/Documents/projects/laravel-article-cms-Rest-API/vendor/laravel/framework/src/Illuminate/Database/Eloquent/Builder.php(2120): Illuminate\\Database\\Query\\Builder->insertGetId()
#5 /home/winston/Documents/projects/laravel-article-cms-Rest-API/vendor/laravel/framework/src/Illuminate/Database/Eloquent/Model.php(1359): Illuminate\\Database\\Eloquent\\Builder->__call()
#6 /home/winston/Documents/projects/laravel-article-cms-Rest-API/vendor/laravel/framework/src/Illuminate/Database/Eloquent/Model.php(1324): Illuminate\\Database\\Eloquent\\Model->insertAndSetId()
#7 /home/winston/Documents/projects/laravel-article-cms-Rest-API/vendor/laravel/framework/src/Illuminate/Database/Eloquent/Model.php(1163): Illuminate\\Database\\Eloquent\\Model->performInsert()
#8 /home/winston/Documents/projects/laravel-article-cms-Rest-API/vendor/laravel/framework/src/Illuminate/Database/Eloquent/Builder.php(1128): Illuminate\\Database\\Eloquent\\Model->save()
#9 /home/winston/Documents/projects/laravel-article-cms-Rest-API/vendor/laravel/framework/src/Illuminate/Support/helpers.php(399): Illuminate\\Database\\Eloquent\\Builder->{closure:Illuminate\\Database\\Eloquent\\Builder::create():1127}()
#10 /home/winston/Documents/projects/laravel-article-cms-Rest-API/vendor/laravel/framework/src/Illuminate/Database/Eloquent/Builder.php(1127): tap()
#11 /home/winston/Documents/projects/laravel-article-cms-Rest-API/vendor/laravel/framework/src/Illuminate/Support/Traits/ForwardsCalls.php(23): Illuminate\\Database\\Eloquent\\Builder->create()
#12 /home/winston/Documents/projects/laravel-article-cms-Rest-API/vendor/laravel/framework/src/Illuminate/Database/Eloquent/Model.php(2372): Illuminate\\Database\\Eloquent\\Model->forwardCallTo()
#13 /home/winston/Documents/projects/laravel-article-cms-Rest-API/vendor/laravel/framework/src/Illuminate/Database/Eloquent/Model.php(2384): Illuminate\\Database\\Eloquent\\Model->__call()
#14 /home/winston/Documents/projects/laravel-article-cms-Rest-API/app/Http/Controllers/AnalyticsController.php(32): Illuminate\\Database\\Eloquent\\Model::__callStatic()
#15 /home/winston/Documents/projects/laravel-article-cms-Rest-API/vendor/laravel/framework/src/Illuminate/Routing/ControllerDispatcher.php(47): App\\Http\\Controllers\\AnalyticsController->store()
#16 /home/winston/Documents/projects/laravel-article-cms-Rest-API/vendor/laravel/framework/src/Illuminate/Routing/Route.php(266): Illuminate\\Routing\\ControllerDispatcher->dispatch()
#17 /home/winston/Documents/projects/laravel-article-cms-Rest-API/vendor/laravel/framework/src/Illuminate/Routing/Route.php(212): Illuminate\\Routing\\Route->runController()
#18 /home/winston/Documents/projects/laravel-article-cms-Rest-API/vendor/laravel/framework/src/Illuminate/Routing/Router.php(808): Illuminate\\Routing\\Route->run()
#19 /home/winston/Documents/projects/laravel-article-cms-Rest-API/vendor/laravel/framework/src/Illuminate/Pipeline/Pipeline.php(170): Illuminate\\Routing\\Router->{closure:Illuminate\\Routing\\Router::runRouteWithinStack():807}()
#20 /home/winston/Documents/projects/laravel-article-cms-Rest-API/vendor/laravel/framework/src/Illuminate/Routing/Middleware/SubstituteBindings.php(51): Illuminate\\Pipeline\\Pipeline->{closure:Illuminate\\Pipeline\\Pipeline::prepareDestination():168}()
#21 /home/winston/Documents/projects/laravel-article-cms-Rest-API/vendor/laravel/framework/src/Illuminate/Pipeline/Pipeline.php(209): Illuminate\\Routing\\Middleware\\SubstituteBindings->handle()
#22 /home/winston/Documents/projects/laravel-article-cms-Rest-API/vendor/laravel/sanctum/src/Http/Middleware/EnsureFrontendRequestsAreStateful.php(26): Illuminate\\Pipeline\\Pipeline->{closure:{closure:Illuminate\\Pipeline\\Pipeline::carry():184}:185}()
#23 /home/winston/Documents/projects/laravel-article-cms-Rest-API/vendor/laravel/framework/src/Illuminate/Pipeline/Pipeline.php(170): Laravel\\Sanctum\\Http\\Middleware\\EnsureFrontendRequestsAreStateful->{closure:Laravel\\Sanctum\\Http\\Middleware\\EnsureFrontendRequestsAreStateful::handle():25}()
#24 /home/winston/Documents/projects/laravel-article-cms-Rest-API/vendor/laravel/framework/src/Illuminate/Pipeline/Pipeline.php(127): Illuminate\\Pipeline\\Pipeline->{closure:Illuminate\\Pipeline\\Pipeline::prepareDestination():168}()
#25 /home/winston/Documents/projects/laravel-article-cms-Rest-API/vendor/laravel/sanctum/src/Http/Middleware/EnsureFrontendRequestsAreStateful.php(25): Illuminate\\Pipeline\\Pipeline->then()
#26 /home/winston/Documents/projects/laravel-article-cms-Rest-API/vendor/laravel/framework/src/Illuminate/Pipeline/Pipeline.php(209): Laravel\\Sanctum\\Http\\Middleware\\EnsureFrontendRequestsAreStateful->handle()
#27 /home/winston/Documents/projects/laravel-article-cms-Rest-API/vendor/laravel/framework/src/Illuminate/Pipeline/Pipeline.php(127): Illuminate\\Pipeline\\Pipeline->{closure:{closure:Illuminate\\Pipeline\\Pipeline::carry():184}:185}()
#28 /home/winston/Documents/projects/laravel-article-cms-Rest-API/vendor/laravel/framework/src/Illuminate/Routing/Router.php(807): Illuminate\\Pipeline\\Pipeline->then()
#29 /home/winston/Documents/projects/laravel-article-cms-Rest-API/vendor/laravel/framework/src/Illuminate/Routing/Router.php(786): Illuminate\\Routing\\Router->runRouteWithinStack()
#30 /home/winston/Documents/projects/laravel-article-cms-Rest-API/vendor/laravel/framework/src/Illuminate/Routing/Router.php(750): Illuminate\\Routing\\Router->runRoute()
#31 /home/winston/Documents/projects/laravel-article-cms-Rest-API/vendor/laravel/framework/src/Illuminate/Routing/Router.php(739): Illuminate\\Routing\\Router->dispatchToRoute()
#32 /home/winston/Documents/projects/laravel-article-cms-Rest-API/vendor/laravel/framework/src/Illuminate/Foundation/Http/Kernel.php(201): Illuminate\\Routing\\Router->dispatch()
#33 /home/winston/Documents/projects/laravel-article-cms-Rest-API/vendor/laravel/framework/src/Illuminate/Pipeline/Pipeline.php(170): Illuminate\\Foundation\\Http\\Kernel->{closure:Illuminate\\Foundation\\Http\\Kernel::dispatchToRouter():198}()
#34 /home/winston/Documents/projects/laravel-article-cms-Rest-API/app/Http/Middleware/CorsMiddleware.php(26): Illuminate\\Pipeline\\Pipeline->{closure:Illuminate\\Pipeline\\Pipeline::prepareDestination():168}()
#35 /home/winston/Documents/projects/laravel-article-cms-Rest-API/vendor/laravel/framework/src/Illuminate/Pipeline/Pipeline.php(209): App\\Http\\Middleware\\CorsMiddleware->handle()
#36 /home/winston/Documents/projects/laravel-article-cms-Rest-API/vendor/laravel/framework/src/Illuminate/Foundation/Http/Middleware/TransformsRequest.php(21): Illuminate\\Pipeline\\Pipeline->{closure:{closure:Illuminate\\Pipeline\\Pipeline::carry():184}:185}()
#37 /home/winston/Documents/projects/laravel-article-cms-Rest-API/vendor/laravel/framework/src/Illuminate/Foundation/Http/Middleware/ConvertEmptyStringsToNull.php(31): Illuminate\\Foundation\\Http\\Middleware\\TransformsRequest->handle()
#38 /home/winston/Documents/projects/laravel-article-cms-Rest-API/vendor/laravel/framework/src/Illuminate/Pipeline/Pipeline.php(209): Illuminate\\Foundation\\Http\\Middleware\\ConvertEmptyStringsToNull->handle()
#39 /home/winston/Documents/projects/laravel-article-cms-Rest-API/vendor/laravel/framework/src/Illuminate/Foundation/Http/Middleware/TransformsRequest.php(21): Illuminate\\Pipeline\\Pipeline->{closure:{closure:Illuminate\\Pipeline\\Pipeline::carry():184}:185}()
#40 /home/winston/Documents/projects/laravel-article-cms-Rest-API/vendor/laravel/framework/src/Illuminate/Foundation/Http/Middleware/TrimStrings.php(51): Illuminate\\Foundation\\Http\\Middleware\\TransformsRequest->handle()
#41 /home/winston/Documents/projects/laravel-article-cms-Rest-API/vendor/laravel/framework/src/Illuminate/Pipeline/Pipeline.php(209): Illuminate\\Foundation\\Http\\Middleware\\TrimStrings->handle()
#42 /home/winston/Documents/projects/laravel-article-cms-Rest-API/vendor/laravel/framework/src/Illuminate/Http/Middleware/ValidatePostSize.php(27): Illuminate\\Pipeline\\Pipeline->{closure:{closure:Illuminate\\Pipeline\\Pipeline::carry():184}:185}()
#43 /home/winston/Documents/projects/laravel-article-cms-Rest-API/vendor/laravel/framework/src/Illuminate/Pipeline/Pipeline.php(209): Illuminate\\Http\\Middleware\\ValidatePostSize->handle()
#44 /home/winston/Documents/projects/laravel-article-cms-Rest-API/vendor/laravel/framework/src/Illuminate/Foundation/Http/Middleware/PreventRequestsDuringMaintenance.php(110): Illuminate\\Pipeline\\Pipeline->{closure:{closure:Illuminate\\Pipeline\\Pipeline::carry():184}:185}()
#45 /home/winston/Documents/projects/laravel-article-cms-Rest-API/vendor/laravel/framework/src/Illuminate/Pipeline/Pipeline.php(209): Illuminate\\Foundation\\Http\\Middleware\\PreventRequestsDuringMaintenance->handle()
#46 /home/winston/Documents/projects/laravel-article-cms-Rest-API/vendor/laravel/framework/src/Illuminate/Http/Middleware/HandleCors.php(62): Illuminate\\Pipeline\\Pipeline->{closure:{closure:Illuminate\\Pipeline\\Pipeline::carry():184}:185}()
#47 /home/winston/Documents/projects/laravel-article-cms-Rest-API/vendor/laravel/framework/src/Illuminate/Pipeline/Pipeline.php(209): Illuminate\\Http\\Middleware\\HandleCors->handle()
#48 /home/winston/Documents/projects/laravel-article-cms-Rest-API/vendor/laravel/framework/src/Illuminate/Http/Middleware/TrustProxies.php(58): Illuminate\\Pipeline\\Pipeline->{closure:{closure:Illuminate\\Pipeline\\Pipeline::carry():184}:185}()
#49 /home/winston/Documents/projects/laravel-article-cms-Rest-API/vendor/laravel/framework/src/Illuminate/Pipeline/Pipeline.php(209): Illuminate\\Http\\Middleware\\TrustProxies->handle()
#50 /home/winston/Documents/projects/laravel-article-cms-Rest-API/vendor/laravel/framework/src/Illuminate/Foundation/Http/Middleware/InvokeDeferredCallbacks.php(22): Illuminate\\Pipeline\\Pipeline->{closure:{closure:Illuminate\\Pipeline\\Pipeline::carry():184}:185}()
#51 /home/winston/Documents/projects/laravel-article-cms-Rest-API/vendor/laravel/framework/src/Illuminate/Pipeline/Pipeline.php(209): Illuminate\\Foundation\\Http\\Middleware\\InvokeDeferredCallbacks->handle()
#52 /home/winston/Documents/projects/laravel-article-cms-Rest-API/vendor/laravel/framework/src/Illuminate/Pipeline/Pipeline.php(127): Illuminate\\Pipeline\\Pipeline->{closure:{closure:Illuminate\\Pipeline\\Pipeline::carry():184}:185}()
#53 /home/winston/Documents/projects/laravel-article-cms-Rest-API/vendor/laravel/framework/src/Illuminate/Foundation/Http/Kernel.php(176): Illuminate\\Pipeline\\Pipeline->then()
#54 /home/winston/Documents/projects/laravel-article-cms-Rest-API/vendor/laravel/framework/src/Illuminate/Foundation/Http/Kernel.php(145): Illuminate\\Foundation\\Http\\Kernel->sendRequestThroughRouter()
#55 /home/winston/Documents/projects/laravel-article-cms-Rest-API/public/index.php(21): Illuminate\\Foundation\\Http\\Kernel->handle()
#56 /home/winston/Documents/projects/laravel-article-cms-Rest-API/vendor/laravel/framework/src/Illuminate/Foundation/resources/server.php(23): require_once('...')
#57 {main}

[previous exception] [object] (PDOException(code: 23000): SQLSTATE[23000]: Integrity constraint violation: 1048 Column 'referrer' cannot be null at /home/winston/Documents/projects/laravel-article-cms-Rest-API/vendor/laravel/framework/src/Illuminate/Database/MySqlConnection.php:53)
[stacktrace]
#0 /home/winston/Documents/projects/laravel-article-cms-Rest-API/vendor/laravel/framework/src/Illuminate/Database/MySqlConnection.php(53): PDOStatement->execute()
#1 /home/winston/Documents/projects/laravel-article-cms-Rest-API/vendor/laravel/framework/src/Illuminate/Database/Connection.php(812): Illuminate\\Database\\MySqlConnection->{closure:Illuminate\\Database\\MySqlConnection::insert():42}()
#2 /home/winston/Documents/projects/laravel-article-cms-Rest-API/vendor/laravel/framework/src/Illuminate/Database/Connection.php(779): Illuminate\\Database\\Connection->runQueryCallback()
#3 /home/winston/Documents/projects/laravel-article-cms-Rest-API/vendor/laravel/framework/src/Illuminate/Database/MySqlConnection.php(42): Illuminate\\Database\\Connection->run()
#4 /home/winston/Documents/projects/laravel-article-cms-Rest-API/vendor/laravel/framework/src/Illuminate/Database/Query/Processors/MySqlProcessor.php(35): Illuminate\\Database\\MySqlConnection->insert()
#5 /home/winston/Documents/projects/laravel-article-cms-Rest-API/vendor/laravel/framework/src/Illuminate/Database/Query/Builder.php(3766): Illuminate\\Database\\Query\\Processors\\MySqlProcessor->processInsertGetId()
#6 /home/winston/Documents/projects/laravel-article-cms-Rest-API/vendor/laravel/framework/src/Illuminate/Database/Eloquent/Builder.php(2120): Illuminate\\Database\\Query\\Builder->insertGetId()
#7 /home/winston/Documents/projects/laravel-article-cms-Rest-API/vendor/laravel/framework/src/Illuminate/Database/Eloquent/Model.php(1359): Illuminate\\Database\\Eloquent\\Builder->__call()
#8 /home/winston/Documents/projects/laravel-article-cms-Rest-API/vendor/laravel/framework/src/Illuminate/Database/Eloquent/Model.php(1324): Illuminate\\Database\\Eloquent\\Model->insertAndSetId()
#9 /home/winston/Documents/projects/laravel-article-cms-Rest-API/vendor/laravel/framework/src/Illuminate/Database/Eloquent/Model.php(1163): Illuminate\\Database\\Eloquent\\Model->performInsert()
#10 /home/winston/Documents/projects/laravel-article-cms-Rest-API/vendor/laravel/framework/src/Illuminate/Database/Eloquent/Builder.php(1128): Illuminate\\Database\\Eloquent\\Model->save()
#11 /home/winston/Documents/projects/laravel-article-cms-Rest-API/vendor/laravel/framework/src/Illuminate/Support/helpers.php(399): Illuminate\\Database\\Eloquent\\Builder->{closure:Illuminate\\Database\\Eloquent\\Builder::create():1127}()
#12 /home/winston/Documents/projects/laravel-article-cms-Rest-API/vendor/laravel/framework/src/Illuminate/Database/Eloquent/Builder.php(1127): tap()
#13 /home/winston/Documents/projects/laravel-article-cms-Rest-API/vendor/laravel/framework/src/Illuminate/Support/Traits/ForwardsCalls.php(23): Illuminate\\Database\\Eloquent\\Builder->create()
#14 /home/winston/Documents/projects/laravel-article-cms-Rest-API/vendor/laravel/framework/src/Illuminate/Database/Eloquent/Model.php(2372): Illuminate\\Database\\Eloquent\\Model->forwardCallTo()
#15 /home/winston/Documents/projects/laravel-article-cms-Rest-API/vendor/laravel/framework/src/Illuminate/Database/Eloquent/Model.php(2384): Illuminate\\Database\\Eloquent\\Model->__call()
#16 /home/winston/Documents/projects/laravel-article-cms-Rest-API/app/Http/Controllers/AnalyticsController.php(32): Illuminate\\Database\\Eloquent\\Model::__callStatic()
#17 /home/winston/Documents/projects/laravel-article-cms-Rest-API/vendor/laravel/framework/src/Illuminate/Routing/ControllerDispatcher.php(47): App\\Http\\Controllers\\AnalyticsController->store()
#18 /home/winston/Documents/projects/laravel-article-cms-Rest-API/vendor/laravel/framework/src/Illuminate/Routing/Route.php(266): Illuminate\\Routing\\ControllerDispatcher->dispatch()
#19 /home/winston/Documents/projects/laravel-article-cms-Rest-API/vendor/laravel/framework/src/Illuminate/Routing/Route.php(212): Illuminate\\Routing\\Route->runController()
#20 /home/winston/Documents/projects/laravel-article-cms-Rest-API/vendor/laravel/framework/src/Illuminate/Routing/Router.php(808): Illuminate\\Routing\\Route->run()
#21 /home/winston/Documents/projects/laravel-article-cms-Rest-API/vendor/laravel/framework/src/Illuminate/Pipeline/Pipeline.php(170): Illuminate\\Routing\\Router->{closure:Illuminate\\Routing\\Router::runRouteWithinStack():807}()
#22 /home/winston/Documents/projects/laravel-article-cms-Rest-API/vendor/laravel/framework/src/Illuminate/Routing/Middleware/SubstituteBindings.php(51): Illuminate\\Pipeline\\Pipeline->{closure:Illuminate\\Pipeline\\Pipeline::prepareDestination():168}()
#23 /home/winston/Documents/projects/laravel-article-cms-Rest-API/vendor/laravel/framework/src/Illuminate/Pipeline/Pipeline.php(209): Illuminate\\Routing\\Middleware\\SubstituteBindings->handle()
#24 /home/winston/Documents/projects/laravel-article-cms-Rest-API/vendor/laravel/sanctum/src/Http/Middleware/EnsureFrontendRequestsAreStateful.php(26): Illuminate\\Pipeline\\Pipeline->{closure:{closure:Illuminate\\Pipeline\\Pipeline::carry():184}:185}()
#25 /home/winston/Documents/projects/laravel-article-cms-Rest-API/vendor/laravel/framework/src/Illuminate/Pipeline/Pipeline.php(170): Laravel\\Sanctum\\Http\\Middleware\\EnsureFrontendRequestsAreStateful->{closure:Laravel\\Sanctum\\Http\\Middleware\\EnsureFrontendRequestsAreStateful::handle():25}()
#26 /home/winston/Documents/projects/laravel-article-cms-Rest-API/vendor/laravel/framework/src/Illuminate/Pipeline/Pipeline.php(127): Illuminate\\Pipeline\\Pipeline->{closure:Illuminate\\Pipeline\\Pipeline::prepareDestination():168}()
#27 /home/winston/Documents/projects/laravel-article-cms-Rest-API/vendor/laravel/sanctum/src/Http/Middleware/EnsureFrontendRequestsAreStateful.php(25): Illuminate\\Pipeline\\Pipeline->then()
#28 /home/winston/Documents/projects/laravel-article-cms-Rest-API/vendor/laravel/framework/src/Illuminate/Pipeline/Pipeline.php(209): Laravel\\Sanctum\\Http\\Middleware\\EnsureFrontendRequestsAreStateful->handle()
#29 /home/winston/Documents/projects/laravel-article-cms-Rest-API/vendor/laravel/framework/src/Illuminate/Pipeline/Pipeline.php(127): Illuminate\\Pipeline\\Pipeline->{closure:{closure:Illuminate\\Pipeline\\Pipeline::carry():184}:185}()
#30 /home/winston/Documents/projects/laravel-article-cms-Rest-API/vendor/laravel/framework/src/Illuminate/Routing/Router.php(807): Illuminate\\Pipeline\\Pipeline->then()
#31 /home/winston/Documents/projects/laravel-article-cms-Rest-API/vendor/laravel/framework/src/Illuminate/Routing/Router.php(786): Illuminate\\Routing\\Router->runRouteWithinStack()
#32 /home/winston/Documents/projects/laravel-article-cms-Rest-API/vendor/laravel/framework/src/Illuminate/Routing/Router.php(750): Illuminate\\Routing\\Router->runRoute()
#33 /home/winston/Documents/projects/laravel-article-cms-Rest-API/vendor/laravel/framework/src/Illuminate/Routing/Router.php(739): Illuminate\\Routing\\Router->dispatchToRoute()
#34 /home/winston/Documents/projects/laravel-article-cms-Rest-API/vendor/laravel/framework/src/Illuminate/Foundation/Http/Kernel.php(201): Illuminate\\Routing\\Router->dispatch()
#35 /home/winston/Documents/projects/laravel-article-cms-Rest-API/vendor/laravel/framework/src/Illuminate/Pipeline/Pipeline.php(170): Illuminate\\Foundation\\Http\\Kernel->{closure:Illuminate\\Foundation\\Http\\Kernel::dispatchToRouter():198}()
#36 /home/winston/Documents/projects/laravel-article-cms-Rest-API/app/Http/Middleware/CorsMiddleware.php(26): Illuminate\\Pipeline\\Pipeline->{closure:Illuminate\\Pipeline\\Pipeline::prepareDestination():168}()
#37 /home/winston/Documents/projects/laravel-article-cms-Rest-API/vendor/laravel/framework/src/Illuminate/Pipeline/Pipeline.php(209): App\\Http\\Middleware\\CorsMiddleware->handle()
#38 /home/winston/Documents/projects/laravel-article-cms-Rest-API/vendor/laravel/framework/src/Illuminate/Foundation/Http/Middleware/TransformsRequest.php(21): Illuminate\\Pipeline\\Pipeline->{closure:{closure:Illuminate\\Pipeline\\Pipeline::carry():184}:185}()
#39 /home/winston/Documents/projects/laravel-article-cms-Rest-API/vendor/laravel/framework/src/Illuminate/Foundation/Http/Middleware/ConvertEmptyStringsToNull.php(31): Illuminate\\Foundation\\Http\\Middleware\\TransformsRequest->handle()
#40 /home/winston/Documents/projects/laravel-article-cms-Rest-API/vendor/laravel/framework/src/Illuminate/Pipeline/Pipeline.php(209): Illuminate\\Foundation\\Http\\Middleware\\ConvertEmptyStringsToNull->handle()
#41 /home/winston/Documents/projects/laravel-article-cms-Rest-API/vendor/laravel/framework/src/Illuminate/Foundation/Http/Middleware/TransformsRequest.php(21): Illuminate\\Pipeline\\Pipeline->{closure:{closure:Illuminate\\Pipeline\\Pipeline::carry():184}:185}()
#42 /home/winston/Documents/projects/laravel-article-cms-Rest-API/vendor/laravel/framework/src/Illuminate/Foundation/Http/Middleware/TrimStrings.php(51): Illuminate\\Foundation\\Http\\Middleware\\TransformsRequest->handle()
#43 /home/winston/Documents/projects/laravel-article-cms-Rest-API/vendor/laravel/framework/src/Illuminate/Pipeline/Pipeline.php(209): Illuminate\\Foundation\\Http\\Middleware\\TrimStrings->handle()
#44 /home/winston/Documents/projects/laravel-article-cms-Rest-API/vendor/laravel/framework/src/Illuminate/Http/Middleware/ValidatePostSize.php(27): Illuminate\\Pipeline\\Pipeline->{closure:{closure:Illuminate\\Pipeline\\Pipeline::carry():184}:185}()
#45 /home/winston/Documents/projects/laravel-article-cms-Rest-API/vendor/laravel/framework/src/Illuminate/Pipeline/Pipeline.php(209): Illuminate\\Http\\Middleware\\ValidatePostSize->handle()
#46 /home/winston/Documents/projects/laravel-article-cms-Rest-API/vendor/laravel/framework/src/Illuminate/Foundation/Http/Middleware/PreventRequestsDuringMaintenance.php(110): Illuminate\\Pipeline\\Pipeline->{closure:{closure:Illuminate\\Pipeline\\Pipeline::carry():184}:185}()
#47 /home/winston/Documents/projects/laravel-article-cms-Rest-API/vendor/laravel/framework/src/Illuminate/Pipeline/Pipeline.php(209): Illuminate\\Foundation\\Http\\Middleware\\PreventRequestsDuringMaintenance->handle()
#48 /home/winston/Documents/projects/laravel-article-cms-Rest-API/vendor/laravel/framework/src/Illuminate/Http/Middleware/HandleCors.php(62): Illuminate\\Pipeline\\Pipeline->{closure:{closure:Illuminate\\Pipeline\\Pipeline::carry():184}:185}()
#49 /home/winston/Documents/projects/laravel-article-cms-Rest-API/vendor/laravel/framework/src/Illuminate/Pipeline/Pipeline.php(209): Illuminate\\Http\\Middleware\\HandleCors->handle()
#50 /home/winston/Documents/projects/laravel-article-cms-Rest-API/vendor/laravel/framework/src/Illuminate/Http/Middleware/TrustProxies.php(58): Illuminate\\Pipeline\\Pipeline->{closure:{closure:Illuminate\\Pipeline\\Pipeline::carry():184}:185}()
#51 /home/winston/Documents/projects/laravel-article-cms-Rest-API/vendor/laravel/framework/src/Illuminate/Pipeline/Pipeline.php(209): Illuminate\\Http\\Middleware\\TrustProxies->handle()
#52 /home/winston/Documents/projects/laravel-article-cms-Rest-API/vendor/laravel/framework/src/Illuminate/Foundation/Http/Middleware/InvokeDeferredCallbacks.php(22): Illuminate\\Pipeline\\Pipeline->{closure:{closure:Illuminate\\Pipeline\\Pipeline::carry():184}:185}()
#53 /home/winston/Documents/projects/laravel-article-cms-Rest-API/vendor/laravel/framework/src/Illuminate/Pipeline/Pipeline.php(209): Illuminate\\Foundation\\Http\\Middleware\\InvokeDeferredCallbacks->handle()
#54 /home/winston/Documents/projects/laravel-article-cms-Rest-API/vendor/laravel/framework/src/Illuminate/Pipeline/Pipeline.php(127): Illuminate\\Pipeline\\Pipeline->{closure:{closure:Illuminate\\Pipeline\\Pipeline::carry():184}:185}()
#55 /home/winston/Documents/projects/laravel-article-cms-Rest-API/vendor/laravel/framework/src/Illuminate/Foundation/Http/Kernel.php(176): Illuminate\\Pipeline\\Pipeline->then()
#56 /home/winston/Documents/projects/laravel-article-cms-Rest-API/vendor/laravel/framework/src/Illuminate/Foundation/Http/Kernel.php(145): Illuminate\\Foundation\\Http\\Kernel->sendRequestThroughRouter()
#57 /home/winston/Documents/projects/laravel-article-cms-Rest-API/public/index.php(21): Illuminate\\Foundation\\Http\\Kernel->handle()
#58 /home/winston/Documents/projects/laravel-article-cms-Rest-API/vendor/laravel/framework/src/Illuminate/Foundation/resources/server.php(23): require_once('...')
#59 {main}
"} 
[2025-06-14 07:38:31] local.INFO: Request Origin: http://localhost:3000  
[2025-06-14 07:38:31] local.ERROR: SQLSTATE[23000]: Integrity constraint violation: 1048 Column 'referrer' cannot be null (Connection: mysql, SQL: insert into `analytics` (`eventType`, `url`, `path`, `referrer`, `timestamp`, `userId`, `browserName`, `browserVersion`, `os`, `deviceType`, `deviceVendor`, `deviceModel`, `cpuArchitecture`, `isArmCpu`, `isMobile`, `screenWidth`, `screenHeight`, `language`, `timezone`, `connectionType`, `updated_at`, `created_at`) values (pageview, http://localhost:3000/blog, /blog, ?, 2025-06-14T07:38:31.760Z, ?, Firefox, 139.0, Linux, desktop, unknown, unknown, amd64, 0, 0, 1920, 1080, en-US, Africa/Nouakchott, unknown, 2025-06-14 07:38:31, 2025-06-14 07:38:31)) {"exception":"[object] (Illuminate\\Database\\QueryException(code: 23000): SQLSTATE[23000]: Integrity constraint violation: 1048 Column 'referrer' cannot be null (Connection: mysql, SQL: insert into `analytics` (`eventType`, `url`, `path`, `referrer`, `timestamp`, `userId`, `browserName`, `browserVersion`, `os`, `deviceType`, `deviceVendor`, `deviceModel`, `cpuArchitecture`, `isArmCpu`, `isMobile`, `screenWidth`, `screenHeight`, `language`, `timezone`, `connectionType`, `updated_at`, `created_at`) values (pageview, http://localhost:3000/blog, /blog, ?, 2025-06-14T07:38:31.760Z, ?, Firefox, 139.0, Linux, desktop, unknown, unknown, amd64, 0, 0, 1920, 1080, en-US, Africa/Nouakchott, unknown, 2025-06-14 07:38:31, 2025-06-14 07:38:31)) at /home/winston/Documents/projects/laravel-article-cms-Rest-API/vendor/laravel/framework/src/Illuminate/Database/Connection.php:825)
[stacktrace]
#0 /home/winston/Documents/projects/laravel-article-cms-Rest-API/vendor/laravel/framework/src/Illuminate/Database/Connection.php(779): Illuminate\\Database\\Connection->runQueryCallback()
#1 /home/winston/Documents/projects/laravel-article-cms-Rest-API/vendor/laravel/framework/src/Illuminate/Database/MySqlConnection.php(42): Illuminate\\Database\\Connection->run()
#2 /home/winston/Documents/projects/laravel-article-cms-Rest-API/vendor/laravel/framework/src/Illuminate/Database/Query/Processors/MySqlProcessor.php(35): Illuminate\\Database\\MySqlConnection->insert()
#3 /home/winston/Documents/projects/laravel-article-cms-Rest-API/vendor/laravel/framework/src/Illuminate/Database/Query/Builder.php(3766): Illuminate\\Database\\Query\\Processors\\MySqlProcessor->processInsertGetId()
#4 /home/winston/Documents/projects/laravel-article-cms-Rest-API/vendor/laravel/framework/src/Illuminate/Database/Eloquent/Builder.php(2120): Illuminate\\Database\\Query\\Builder->insertGetId()
#5 /home/winston/Documents/projects/laravel-article-cms-Rest-API/vendor/laravel/framework/src/Illuminate/Database/Eloquent/Model.php(1359): Illuminate\\Database\\Eloquent\\Builder->__call()
#6 /home/winston/Documents/projects/laravel-article-cms-Rest-API/vendor/laravel/framework/src/Illuminate/Database/Eloquent/Model.php(1324): Illuminate\\Database\\Eloquent\\Model->insertAndSetId()
#7 /home/winston/Documents/projects/laravel-article-cms-Rest-API/vendor/laravel/framework/src/Illuminate/Database/Eloquent/Model.php(1163): Illuminate\\Database\\Eloquent\\Model->performInsert()
#8 /home/winston/Documents/projects/laravel-article-cms-Rest-API/vendor/laravel/framework/src/Illuminate/Database/Eloquent/Builder.php(1128): Illuminate\\Database\\Eloquent\\Model->save()
#9 /home/winston/Documents/projects/laravel-article-cms-Rest-API/vendor/laravel/framework/src/Illuminate/Support/helpers.php(399): Illuminate\\Database\\Eloquent\\Builder->{closure:Illuminate\\Database\\Eloquent\\Builder::create():1127}()
#10 /home/winston/Documents/projects/laravel-article-cms-Rest-API/vendor/laravel/framework/src/Illuminate/Database/Eloquent/Builder.php(1127): tap()
#11 /home/winston/Documents/projects/laravel-article-cms-Rest-API/vendor/laravel/framework/src/Illuminate/Support/Traits/ForwardsCalls.php(23): Illuminate\\Database\\Eloquent\\Builder->create()
#12 /home/winston/Documents/projects/laravel-article-cms-Rest-API/vendor/laravel/framework/src/Illuminate/Database/Eloquent/Model.php(2372): Illuminate\\Database\\Eloquent\\Model->forwardCallTo()
#13 /home/winston/Documents/projects/laravel-article-cms-Rest-API/vendor/laravel/framework/src/Illuminate/Database/Eloquent/Model.php(2384): Illuminate\\Database\\Eloquent\\Model->__call()
#14 /home/winston/Documents/projects/laravel-article-cms-Rest-API/app/Http/Controllers/AnalyticsController.php(32): Illuminate\\Database\\Eloquent\\Model::__callStatic()
#15 /home/winston/Documents/projects/laravel-article-cms-Rest-API/vendor/laravel/framework/src/Illuminate/Routing/ControllerDispatcher.php(47): App\\Http\\Controllers\\AnalyticsController->store()
#16 /home/winston/Documents/projects/laravel-article-cms-Rest-API/vendor/laravel/framework/src/Illuminate/Routing/Route.php(266): Illuminate\\Routing\\ControllerDispatcher->dispatch()
#17 /home/winston/Documents/projects/laravel-article-cms-Rest-API/vendor/laravel/framework/src/Illuminate/Routing/Route.php(212): Illuminate\\Routing\\Route->runController()
#18 /home/winston/Documents/projects/laravel-article-cms-Rest-API/vendor/laravel/framework/src/Illuminate/Routing/Router.php(808): Illuminate\\Routing\\Route->run()
#19 /home/winston/Documents/projects/laravel-article-cms-Rest-API/vendor/laravel/framework/src/Illuminate/Pipeline/Pipeline.php(170): Illuminate\\Routing\\Router->{closure:Illuminate\\Routing\\Router::runRouteWithinStack():807}()
#20 /home/winston/Documents/projects/laravel-article-cms-Rest-API/vendor/laravel/framework/src/Illuminate/Routing/Middleware/SubstituteBindings.php(51): Illuminate\\Pipeline\\Pipeline->{closure:Illuminate\\Pipeline\\Pipeline::prepareDestination():168}()
#21 /home/winston/Documents/projects/laravel-article-cms-Rest-API/vendor/laravel/framework/src/Illuminate/Pipeline/Pipeline.php(209): Illuminate\\Routing\\Middleware\\SubstituteBindings->handle()
#22 /home/winston/Documents/projects/laravel-article-cms-Rest-API/vendor/laravel/sanctum/src/Http/Middleware/EnsureFrontendRequestsAreStateful.php(26): Illuminate\\Pipeline\\Pipeline->{closure:{closure:Illuminate\\Pipeline\\Pipeline::carry():184}:185}()
#23 /home/winston/Documents/projects/laravel-article-cms-Rest-API/vendor/laravel/framework/src/Illuminate/Pipeline/Pipeline.php(170): Laravel\\Sanctum\\Http\\Middleware\\EnsureFrontendRequestsAreStateful->{closure:Laravel\\Sanctum\\Http\\Middleware\\EnsureFrontendRequestsAreStateful::handle():25}()
#24 /home/winston/Documents/projects/laravel-article-cms-Rest-API/vendor/laravel/framework/src/Illuminate/Pipeline/Pipeline.php(127): Illuminate\\Pipeline\\Pipeline->{closure:Illuminate\\Pipeline\\Pipeline::prepareDestination():168}()
#25 /home/winston/Documents/projects/laravel-article-cms-Rest-API/vendor/laravel/sanctum/src/Http/Middleware/EnsureFrontendRequestsAreStateful.php(25): Illuminate\\Pipeline\\Pipeline->then()
#26 /home/winston/Documents/projects/laravel-article-cms-Rest-API/vendor/laravel/framework/src/Illuminate/Pipeline/Pipeline.php(209): Laravel\\Sanctum\\Http\\Middleware\\EnsureFrontendRequestsAreStateful->handle()
#27 /home/winston/Documents/projects/laravel-article-cms-Rest-API/vendor/laravel/framework/src/Illuminate/Pipeline/Pipeline.php(127): Illuminate\\Pipeline\\Pipeline->{closure:{closure:Illuminate\\Pipeline\\Pipeline::carry():184}:185}()
#28 /home/winston/Documents/projects/laravel-article-cms-Rest-API/vendor/laravel/framework/src/Illuminate/Routing/Router.php(807): Illuminate\\Pipeline\\Pipeline->then()
#29 /home/winston/Documents/projects/laravel-article-cms-Rest-API/vendor/laravel/framework/src/Illuminate/Routing/Router.php(786): Illuminate\\Routing\\Router->runRouteWithinStack()
#30 /home/winston/Documents/projects/laravel-article-cms-Rest-API/vendor/laravel/framework/src/Illuminate/Routing/Router.php(750): Illuminate\\Routing\\Router->runRoute()
#31 /home/winston/Documents/projects/laravel-article-cms-Rest-API/vendor/laravel/framework/src/Illuminate/Routing/Router.php(739): Illuminate\\Routing\\Router->dispatchToRoute()
#32 /home/winston/Documents/projects/laravel-article-cms-Rest-API/vendor/laravel/framework/src/Illuminate/Foundation/Http/Kernel.php(201): Illuminate\\Routing\\Router->dispatch()
#33 /home/winston/Documents/projects/laravel-article-cms-Rest-API/vendor/laravel/framework/src/Illuminate/Pipeline/Pipeline.php(170): Illuminate\\Foundation\\Http\\Kernel->{closure:Illuminate\\Foundation\\Http\\Kernel::dispatchToRouter():198}()
#34 /home/winston/Documents/projects/laravel-article-cms-Rest-API/app/Http/Middleware/CorsMiddleware.php(26): Illuminate\\Pipeline\\Pipeline->{closure:Illuminate\\Pipeline\\Pipeline::prepareDestination():168}()
#35 /home/winston/Documents/projects/laravel-article-cms-Rest-API/vendor/laravel/framework/src/Illuminate/Pipeline/Pipeline.php(209): App\\Http\\Middleware\\CorsMiddleware->handle()
#36 /home/winston/Documents/projects/laravel-article-cms-Rest-API/vendor/laravel/framework/src/Illuminate/Foundation/Http/Middleware/TransformsRequest.php(21): Illuminate\\Pipeline\\Pipeline->{closure:{closure:Illuminate\\Pipeline\\Pipeline::carry():184}:185}()
#37 /home/winston/Documents/projects/laravel-article-cms-Rest-API/vendor/laravel/framework/src/Illuminate/Foundation/Http/Middleware/ConvertEmptyStringsToNull.php(31): Illuminate\\Foundation\\Http\\Middleware\\TransformsRequest->handle()
#38 /home/winston/Documents/projects/laravel-article-cms-Rest-API/vendor/laravel/framework/src/Illuminate/Pipeline/Pipeline.php(209): Illuminate\\Foundation\\Http\\Middleware\\ConvertEmptyStringsToNull->handle()
#39 /home/winston/Documents/projects/laravel-article-cms-Rest-API/vendor/laravel/framework/src/Illuminate/Foundation/Http/Middleware/TransformsRequest.php(21): Illuminate\\Pipeline\\Pipeline->{closure:{closure:Illuminate\\Pipeline\\Pipeline::carry():184}:185}()
#40 /home/winston/Documents/projects/laravel-article-cms-Rest-API/vendor/laravel/framework/src/Illuminate/Foundation/Http/Middleware/TrimStrings.php(51): Illuminate\\Foundation\\Http\\Middleware\\TransformsRequest->handle()
#41 /home/winston/Documents/projects/laravel-article-cms-Rest-API/vendor/laravel/framework/src/Illuminate/Pipeline/Pipeline.php(209): Illuminate\\Foundation\\Http\\Middleware\\TrimStrings->handle()
#42 /home/winston/Documents/projects/laravel-article-cms-Rest-API/vendor/laravel/framework/src/Illuminate/Http/Middleware/ValidatePostSize.php(27): Illuminate\\Pipeline\\Pipeline->{closure:{closure:Illuminate\\Pipeline\\Pipeline::carry():184}:185}()
#43 /home/winston/Documents/projects/laravel-article-cms-Rest-API/vendor/laravel/framework/src/Illuminate/Pipeline/Pipeline.php(209): Illuminate\\Http\\Middleware\\ValidatePostSize->handle()
#44 /home/winston/Documents/projects/laravel-article-cms-Rest-API/vendor/laravel/framework/src/Illuminate/Foundation/Http/Middleware/PreventRequestsDuringMaintenance.php(110): Illuminate\\Pipeline\\Pipeline->{closure:{closure:Illuminate\\Pipeline\\Pipeline::carry():184}:185}()
#45 /home/winston/Documents/projects/laravel-article-cms-Rest-API/vendor/laravel/framework/src/Illuminate/Pipeline/Pipeline.php(209): Illuminate\\Foundation\\Http\\Middleware\\PreventRequestsDuringMaintenance->handle()
#46 /home/winston/Documents/projects/laravel-article-cms-Rest-API/vendor/laravel/framework/src/Illuminate/Http/Middleware/HandleCors.php(62): Illuminate\\Pipeline\\Pipeline->{closure:{closure:Illuminate\\Pipeline\\Pipeline::carry():184}:185}()
#47 /home/winston/Documents/projects/laravel-article-cms-Rest-API/vendor/laravel/framework/src/Illuminate/Pipeline/Pipeline.php(209): Illuminate\\Http\\Middleware\\HandleCors->handle()
#48 /home/winston/Documents/projects/laravel-article-cms-Rest-API/vendor/laravel/framework/src/Illuminate/Http/Middleware/TrustProxies.php(58): Illuminate\\Pipeline\\Pipeline->{closure:{closure:Illuminate\\Pipeline\\Pipeline::carry():184}:185}()
#49 /home/winston/Documents/projects/laravel-article-cms-Rest-API/vendor/laravel/framework/src/Illuminate/Pipeline/Pipeline.php(209): Illuminate\\Http\\Middleware\\TrustProxies->handle()
#50 /home/winston/Documents/projects/laravel-article-cms-Rest-API/vendor/laravel/framework/src/Illuminate/Foundation/Http/Middleware/InvokeDeferredCallbacks.php(22): Illuminate\\Pipeline\\Pipeline->{closure:{closure:Illuminate\\Pipeline\\Pipeline::carry():184}:185}()
#51 /home/winston/Documents/projects/laravel-article-cms-Rest-API/vendor/laravel/framework/src/Illuminate/Pipeline/Pipeline.php(209): Illuminate\\Foundation\\Http\\Middleware\\InvokeDeferredCallbacks->handle()
#52 /home/winston/Documents/projects/laravel-article-cms-Rest-API/vendor/laravel/framework/src/Illuminate/Pipeline/Pipeline.php(127): Illuminate\\Pipeline\\Pipeline->{closure:{closure:Illuminate\\Pipeline\\Pipeline::carry():184}:185}()
#53 /home/winston/Documents/projects/laravel-article-cms-Rest-API/vendor/laravel/framework/src/Illuminate/Foundation/Http/Kernel.php(176): Illuminate\\Pipeline\\Pipeline->then()
#54 /home/winston/Documents/projects/laravel-article-cms-Rest-API/vendor/laravel/framework/src/Illuminate/Foundation/Http/Kernel.php(145): Illuminate\\Foundation\\Http\\Kernel->sendRequestThroughRouter()
#55 /home/winston/Documents/projects/laravel-article-cms-Rest-API/public/index.php(21): Illuminate\\Foundation\\Http\\Kernel->handle()
#56 /home/winston/Documents/projects/laravel-article-cms-Rest-API/vendor/laravel/framework/src/Illuminate/Foundation/resources/server.php(23): require_once('...')
#57 {main}

[previous exception] [object] (PDOException(code: 23000): SQLSTATE[23000]: Integrity constraint violation: 1048 Column 'referrer' cannot be null at /home/winston/Documents/projects/laravel-article-cms-Rest-API/vendor/laravel/framework/src/Illuminate/Database/MySqlConnection.php:53)
[stacktrace]
#0 /home/winston/Documents/projects/laravel-article-cms-Rest-API/vendor/laravel/framework/src/Illuminate/Database/MySqlConnection.php(53): PDOStatement->execute()
#1 /home/winston/Documents/projects/laravel-article-cms-Rest-API/vendor/laravel/framework/src/Illuminate/Database/Connection.php(812): Illuminate\\Database\\MySqlConnection->{closure:Illuminate\\Database\\MySqlConnection::insert():42}()
#2 /home/winston/Documents/projects/laravel-article-cms-Rest-API/vendor/laravel/framework/src/Illuminate/Database/Connection.php(779): Illuminate\\Database\\Connection->runQueryCallback()
#3 /home/winston/Documents/projects/laravel-article-cms-Rest-API/vendor/laravel/framework/src/Illuminate/Database/MySqlConnection.php(42): Illuminate\\Database\\Connection->run()
#4 /home/winston/Documents/projects/laravel-article-cms-Rest-API/vendor/laravel/framework/src/Illuminate/Database/Query/Processors/MySqlProcessor.php(35): Illuminate\\Database\\MySqlConnection->insert()
#5 /home/winston/Documents/projects/laravel-article-cms-Rest-API/vendor/laravel/framework/src/Illuminate/Database/Query/Builder.php(3766): Illuminate\\Database\\Query\\Processors\\MySqlProcessor->processInsertGetId()
#6 /home/winston/Documents/projects/laravel-article-cms-Rest-API/vendor/laravel/framework/src/Illuminate/Database/Eloquent/Builder.php(2120): Illuminate\\Database\\Query\\Builder->insertGetId()
#7 /home/winston/Documents/projects/laravel-article-cms-Rest-API/vendor/laravel/framework/src/Illuminate/Database/Eloquent/Model.php(1359): Illuminate\\Database\\Eloquent\\Builder->__call()
#8 /home/winston/Documents/projects/laravel-article-cms-Rest-API/vendor/laravel/framework/src/Illuminate/Database/Eloquent/Model.php(1324): Illuminate\\Database\\Eloquent\\Model->insertAndSetId()
#9 /home/winston/Documents/projects/laravel-article-cms-Rest-API/vendor/laravel/framework/src/Illuminate/Database/Eloquent/Model.php(1163): Illuminate\\Database\\Eloquent\\Model->performInsert()
#10 /home/winston/Documents/projects/laravel-article-cms-Rest-API/vendor/laravel/framework/src/Illuminate/Database/Eloquent/Builder.php(1128): Illuminate\\Database\\Eloquent\\Model->save()
#11 /home/winston/Documents/projects/laravel-article-cms-Rest-API/vendor/laravel/framework/src/Illuminate/Support/helpers.php(399): Illuminate\\Database\\Eloquent\\Builder->{closure:Illuminate\\Database\\Eloquent\\Builder::create():1127}()
#12 /home/winston/Documents/projects/laravel-article-cms-Rest-API/vendor/laravel/framework/src/Illuminate/Database/Eloquent/Builder.php(1127): tap()
#13 /home/winston/Documents/projects/laravel-article-cms-Rest-API/vendor/laravel/framework/src/Illuminate/Support/Traits/ForwardsCalls.php(23): Illuminate\\Database\\Eloquent\\Builder->create()
#14 /home/winston/Documents/projects/laravel-article-cms-Rest-API/vendor/laravel/framework/src/Illuminate/Database/Eloquent/Model.php(2372): Illuminate\\Database\\Eloquent\\Model->forwardCallTo()
#15 /home/winston/Documents/projects/laravel-article-cms-Rest-API/vendor/laravel/framework/src/Illuminate/Database/Eloquent/Model.php(2384): Illuminate\\Database\\Eloquent\\Model->__call()
#16 /home/winston/Documents/projects/laravel-article-cms-Rest-API/app/Http/Controllers/AnalyticsController.php(32): Illuminate\\Database\\Eloquent\\Model::__callStatic()
#17 /home/winston/Documents/projects/laravel-article-cms-Rest-API/vendor/laravel/framework/src/Illuminate/Routing/ControllerDispatcher.php(47): App\\Http\\Controllers\\AnalyticsController->store()
#18 /home/winston/Documents/projects/laravel-article-cms-Rest-API/vendor/laravel/framework/src/Illuminate/Routing/Route.php(266): Illuminate\\Routing\\ControllerDispatcher->dispatch()
#19 /home/winston/Documents/projects/laravel-article-cms-Rest-API/vendor/laravel/framework/src/Illuminate/Routing/Route.php(212): Illuminate\\Routing\\Route->runController()
#20 /home/winston/Documents/projects/laravel-article-cms-Rest-API/vendor/laravel/framework/src/Illuminate/Routing/Router.php(808): Illuminate\\Routing\\Route->run()
#21 /home/winston/Documents/projects/laravel-article-cms-Rest-API/vendor/laravel/framework/src/Illuminate/Pipeline/Pipeline.php(170): Illuminate\\Routing\\Router->{closure:Illuminate\\Routing\\Router::runRouteWithinStack():807}()
#22 /home/winston/Documents/projects/laravel-article-cms-Rest-API/vendor/laravel/framework/src/Illuminate/Routing/Middleware/SubstituteBindings.php(51): Illuminate\\Pipeline\\Pipeline->{closure:Illuminate\\Pipeline\\Pipeline::prepareDestination():168}()
#23 /home/winston/Documents/projects/laravel-article-cms-Rest-API/vendor/laravel/framework/src/Illuminate/Pipeline/Pipeline.php(209): Illuminate\\Routing\\Middleware\\SubstituteBindings->handle()
#24 /home/winston/Documents/projects/laravel-article-cms-Rest-API/vendor/laravel/sanctum/src/Http/Middleware/EnsureFrontendRequestsAreStateful.php(26): Illuminate\\Pipeline\\Pipeline->{closure:{closure:Illuminate\\Pipeline\\Pipeline::carry():184}:185}()
#25 /home/winston/Documents/projects/laravel-article-cms-Rest-API/vendor/laravel/framework/src/Illuminate/Pipeline/Pipeline.php(170): Laravel\\Sanctum\\Http\\Middleware\\EnsureFrontendRequestsAreStateful->{closure:Laravel\\Sanctum\\Http\\Middleware\\EnsureFrontendRequestsAreStateful::handle():25}()
#26 /home/winston/Documents/projects/laravel-article-cms-Rest-API/vendor/laravel/framework/src/Illuminate/Pipeline/Pipeline.php(127): Illuminate\\Pipeline\\Pipeline->{closure:Illuminate\\Pipeline\\Pipeline::prepareDestination():168}()
#27 /home/winston/Documents/projects/laravel-article-cms-Rest-API/vendor/laravel/sanctum/src/Http/Middleware/EnsureFrontendRequestsAreStateful.php(25): Illuminate\\Pipeline\\Pipeline->then()
#28 /home/winston/Documents/projects/laravel-article-cms-Rest-API/vendor/laravel/framework/src/Illuminate/Pipeline/Pipeline.php(209): Laravel\\Sanctum\\Http\\Middleware\\EnsureFrontendRequestsAreStateful->handle()
#29 /home/winston/Documents/projects/laravel-article-cms-Rest-API/vendor/laravel/framework/src/Illuminate/Pipeline/Pipeline.php(127): Illuminate\\Pipeline\\Pipeline->{closure:{closure:Illuminate\\Pipeline\\Pipeline::carry():184}:185}()
#30 /home/winston/Documents/projects/laravel-article-cms-Rest-API/vendor/laravel/framework/src/Illuminate/Routing/Router.php(807): Illuminate\\Pipeline\\Pipeline->then()
#31 /home/winston/Documents/projects/laravel-article-cms-Rest-API/vendor/laravel/framework/src/Illuminate/Routing/Router.php(786): Illuminate\\Routing\\Router->runRouteWithinStack()
#32 /home/winston/Documents/projects/laravel-article-cms-Rest-API/vendor/laravel/framework/src/Illuminate/Routing/Router.php(750): Illuminate\\Routing\\Router->runRoute()
#33 /home/winston/Documents/projects/laravel-article-cms-Rest-API/vendor/laravel/framework/src/Illuminate/Routing/Router.php(739): Illuminate\\Routing\\Router->dispatchToRoute()
#34 /home/winston/Documents/projects/laravel-article-cms-Rest-API/vendor/laravel/framework/src/Illuminate/Foundation/Http/Kernel.php(201): Illuminate\\Routing\\Router->dispatch()
#35 /home/winston/Documents/projects/laravel-article-cms-Rest-API/vendor/laravel/framework/src/Illuminate/Pipeline/Pipeline.php(170): Illuminate\\Foundation\\Http\\Kernel->{closure:Illuminate\\Foundation\\Http\\Kernel::dispatchToRouter():198}()
#36 /home/winston/Documents/projects/laravel-article-cms-Rest-API/app/Http/Middleware/CorsMiddleware.php(26): Illuminate\\Pipeline\\Pipeline->{closure:Illuminate\\Pipeline\\Pipeline::prepareDestination():168}()
#37 /home/winston/Documents/projects/laravel-article-cms-Rest-API/vendor/laravel/framework/src/Illuminate/Pipeline/Pipeline.php(209): App\\Http\\Middleware\\CorsMiddleware->handle()
#38 /home/winston/Documents/projects/laravel-article-cms-Rest-API/vendor/laravel/framework/src/Illuminate/Foundation/Http/Middleware/TransformsRequest.php(21): Illuminate\\Pipeline\\Pipeline->{closure:{closure:Illuminate\\Pipeline\\Pipeline::carry():184}:185}()
#39 /home/winston/Documents/projects/laravel-article-cms-Rest-API/vendor/laravel/framework/src/Illuminate/Foundation/Http/Middleware/ConvertEmptyStringsToNull.php(31): Illuminate\\Foundation\\Http\\Middleware\\TransformsRequest->handle()
#40 /home/winston/Documents/projects/laravel-article-cms-Rest-API/vendor/laravel/framework/src/Illuminate/Pipeline/Pipeline.php(209): Illuminate\\Foundation\\Http\\Middleware\\ConvertEmptyStringsToNull->handle()
#41 /home/winston/Documents/projects/laravel-article-cms-Rest-API/vendor/laravel/framework/src/Illuminate/Foundation/Http/Middleware/TransformsRequest.php(21): Illuminate\\Pipeline\\Pipeline->{closure:{closure:Illuminate\\Pipeline\\Pipeline::carry():184}:185}()
#42 /home/winston/Documents/projects/laravel-article-cms-Rest-API/vendor/laravel/framework/src/Illuminate/Foundation/Http/Middleware/TrimStrings.php(51): Illuminate\\Foundation\\Http\\Middleware\\TransformsRequest->handle()
#43 /home/winston/Documents/projects/laravel-article-cms-Rest-API/vendor/laravel/framework/src/Illuminate/Pipeline/Pipeline.php(209): Illuminate\\Foundation\\Http\\Middleware\\TrimStrings->handle()
#44 /home/winston/Documents/projects/laravel-article-cms-Rest-API/vendor/laravel/framework/src/Illuminate/Http/Middleware/ValidatePostSize.php(27): Illuminate\\Pipeline\\Pipeline->{closure:{closure:Illuminate\\Pipeline\\Pipeline::carry():184}:185}()
#45 /home/winston/Documents/projects/laravel-article-cms-Rest-API/vendor/laravel/framework/src/Illuminate/Pipeline/Pipeline.php(209): Illuminate\\Http\\Middleware\\ValidatePostSize->handle()
#46 /home/winston/Documents/projects/laravel-article-cms-Rest-API/vendor/laravel/framework/src/Illuminate/Foundation/Http/Middleware/PreventRequestsDuringMaintenance.php(110): Illuminate\\Pipeline\\Pipeline->{closure:{closure:Illuminate\\Pipeline\\Pipeline::carry():184}:185}()
#47 /home/winston/Documents/projects/laravel-article-cms-Rest-API/vendor/laravel/framework/src/Illuminate/Pipeline/Pipeline.php(209): Illuminate\\Foundation\\Http\\Middleware\\PreventRequestsDuringMaintenance->handle()
#48 /home/winston/Documents/projects/laravel-article-cms-Rest-API/vendor/laravel/framework/src/Illuminate/Http/Middleware/HandleCors.php(62): Illuminate\\Pipeline\\Pipeline->{closure:{closure:Illuminate\\Pipeline\\Pipeline::carry():184}:185}()
#49 /home/winston/Documents/projects/laravel-article-cms-Rest-API/vendor/laravel/framework/src/Illuminate/Pipeline/Pipeline.php(209): Illuminate\\Http\\Middleware\\HandleCors->handle()
#50 /home/winston/Documents/projects/laravel-article-cms-Rest-API/vendor/laravel/framework/src/Illuminate/Http/Middleware/TrustProxies.php(58): Illuminate\\Pipeline\\Pipeline->{closure:{closure:Illuminate\\Pipeline\\Pipeline::carry():184}:185}()
#51 /home/winston/Documents/projects/laravel-article-cms-Rest-API/vendor/laravel/framework/src/Illuminate/Pipeline/Pipeline.php(209): Illuminate\\Http\\Middleware\\TrustProxies->handle()
#52 /home/winston/Documents/projects/laravel-article-cms-Rest-API/vendor/laravel/framework/src/Illuminate/Foundation/Http/Middleware/InvokeDeferredCallbacks.php(22): Illuminate\\Pipeline\\Pipeline->{closure:{closure:Illuminate\\Pipeline\\Pipeline::carry():184}:185}()
#53 /home/winston/Documents/projects/laravel-article-cms-Rest-API/vendor/laravel/framework/src/Illuminate/Pipeline/Pipeline.php(209): Illuminate\\Foundation\\Http\\Middleware\\InvokeDeferredCallbacks->handle()
#54 /home/winston/Documents/projects/laravel-article-cms-Rest-API/vendor/laravel/framework/src/Illuminate/Pipeline/Pipeline.php(127): Illuminate\\Pipeline\\Pipeline->{closure:{closure:Illuminate\\Pipeline\\Pipeline::carry():184}:185}()
#55 /home/winston/Documents/projects/laravel-article-cms-Rest-API/vendor/laravel/framework/src/Illuminate/Foundation/Http/Kernel.php(176): Illuminate\\Pipeline\\Pipeline->then()
#56 /home/winston/Documents/projects/laravel-article-cms-Rest-API/vendor/laravel/framework/src/Illuminate/Foundation/Http/Kernel.php(145): Illuminate\\Foundation\\Http\\Kernel->sendRequestThroughRouter()
#57 /home/winston/Documents/projects/laravel-article-cms-Rest-API/public/index.php(21): Illuminate\\Foundation\\Http\\Kernel->handle()
#58 /home/winston/Documents/projects/laravel-article-cms-Rest-API/vendor/laravel/framework/src/Illuminate/Foundation/resources/server.php(23): require_once('...')
#59 {main}
"} 
[2025-06-14 07:38:40] local.INFO: Request Origin: http://localhost:3000  
[2025-06-14 07:38:40] local.ERROR: SQLSTATE[23000]: Integrity constraint violation: 1048 Column 'referrer' cannot be null (Connection: mysql, SQL: insert into `analytics` (`eventType`, `url`, `path`, `referrer`, `timestamp`, `userId`, `browserName`, `browserVersion`, `os`, `deviceType`, `deviceVendor`, `deviceModel`, `cpuArchitecture`, `isArmCpu`, `isMobile`, `screenWidth`, `screenHeight`, `language`, `timezone`, `connectionType`, `updated_at`, `created_at`) values (pageview, http://localhost:3000/blog, /blog, ?, 2025-06-14T07:38:39.697Z, ?, Firefox, 139.0, Linux, desktop, unknown, unknown, amd64, 0, 0, 1920, 1080, en-US, Africa/Nouakchott, unknown, 2025-06-14 07:38:40, 2025-06-14 07:38:40)) {"exception":"[object] (Illuminate\\Database\\QueryException(code: 23000): SQLSTATE[23000]: Integrity constraint violation: 1048 Column 'referrer' cannot be null (Connection: mysql, SQL: insert into `analytics` (`eventType`, `url`, `path`, `referrer`, `timestamp`, `userId`, `browserName`, `browserVersion`, `os`, `deviceType`, `deviceVendor`, `deviceModel`, `cpuArchitecture`, `isArmCpu`, `isMobile`, `screenWidth`, `screenHeight`, `language`, `timezone`, `connectionType`, `updated_at`, `created_at`) values (pageview, http://localhost:3000/blog, /blog, ?, 2025-06-14T07:38:39.697Z, ?, Firefox, 139.0, Linux, desktop, unknown, unknown, amd64, 0, 0, 1920, 1080, en-US, Africa/Nouakchott, unknown, 2025-06-14 07:38:40, 2025-06-14 07:38:40)) at /home/winston/Documents/projects/laravel-article-cms-Rest-API/vendor/laravel/framework/src/Illuminate/Database/Connection.php:825)
[stacktrace]
#0 /home/winston/Documents/projects/laravel-article-cms-Rest-API/vendor/laravel/framework/src/Illuminate/Database/Connection.php(779): Illuminate\\Database\\Connection->runQueryCallback()
#1 /home/winston/Documents/projects/laravel-article-cms-Rest-API/vendor/laravel/framework/src/Illuminate/Database/MySqlConnection.php(42): Illuminate\\Database\\Connection->run()
#2 /home/winston/Documents/projects/laravel-article-cms-Rest-API/vendor/laravel/framework/src/Illuminate/Database/Query/Processors/MySqlProcessor.php(35): Illuminate\\Database\\MySqlConnection->insert()
#3 /home/winston/Documents/projects/laravel-article-cms-Rest-API/vendor/laravel/framework/src/Illuminate/Database/Query/Builder.php(3766): Illuminate\\Database\\Query\\Processors\\MySqlProcessor->processInsertGetId()
#4 /home/winston/Documents/projects/laravel-article-cms-Rest-API/vendor/laravel/framework/src/Illuminate/Database/Eloquent/Builder.php(2120): Illuminate\\Database\\Query\\Builder->insertGetId()
#5 /home/winston/Documents/projects/laravel-article-cms-Rest-API/vendor/laravel/framework/src/Illuminate/Database/Eloquent/Model.php(1359): Illuminate\\Database\\Eloquent\\Builder->__call()
#6 /home/winston/Documents/projects/laravel-article-cms-Rest-API/vendor/laravel/framework/src/Illuminate/Database/Eloquent/Model.php(1324): Illuminate\\Database\\Eloquent\\Model->insertAndSetId()
#7 /home/winston/Documents/projects/laravel-article-cms-Rest-API/vendor/laravel/framework/src/Illuminate/Database/Eloquent/Model.php(1163): Illuminate\\Database\\Eloquent\\Model->performInsert()
#8 /home/winston/Documents/projects/laravel-article-cms-Rest-API/vendor/laravel/framework/src/Illuminate/Database/Eloquent/Builder.php(1128): Illuminate\\Database\\Eloquent\\Model->save()
#9 /home/winston/Documents/projects/laravel-article-cms-Rest-API/vendor/laravel/framework/src/Illuminate/Support/helpers.php(399): Illuminate\\Database\\Eloquent\\Builder->{closure:Illuminate\\Database\\Eloquent\\Builder::create():1127}()
#10 /home/winston/Documents/projects/laravel-article-cms-Rest-API/vendor/laravel/framework/src/Illuminate/Database/Eloquent/Builder.php(1127): tap()
#11 /home/winston/Documents/projects/laravel-article-cms-Rest-API/vendor/laravel/framework/src/Illuminate/Support/Traits/ForwardsCalls.php(23): Illuminate\\Database\\Eloquent\\Builder->create()
#12 /home/winston/Documents/projects/laravel-article-cms-Rest-API/vendor/laravel/framework/src/Illuminate/Database/Eloquent/Model.php(2372): Illuminate\\Database\\Eloquent\\Model->forwardCallTo()
#13 /home/winston/Documents/projects/laravel-article-cms-Rest-API/vendor/laravel/framework/src/Illuminate/Database/Eloquent/Model.php(2384): Illuminate\\Database\\Eloquent\\Model->__call()
#14 /home/winston/Documents/projects/laravel-article-cms-Rest-API/app/Http/Controllers/AnalyticsController.php(32): Illuminate\\Database\\Eloquent\\Model::__callStatic()
#15 /home/winston/Documents/projects/laravel-article-cms-Rest-API/vendor/laravel/framework/src/Illuminate/Routing/ControllerDispatcher.php(47): App\\Http\\Controllers\\AnalyticsController->store()
#16 /home/winston/Documents/projects/laravel-article-cms-Rest-API/vendor/laravel/framework/src/Illuminate/Routing/Route.php(266): Illuminate\\Routing\\ControllerDispatcher->dispatch()
#17 /home/winston/Documents/projects/laravel-article-cms-Rest-API/vendor/laravel/framework/src/Illuminate/Routing/Route.php(212): Illuminate\\Routing\\Route->runController()
#18 /home/winston/Documents/projects/laravel-article-cms-Rest-API/vendor/laravel/framework/src/Illuminate/Routing/Router.php(808): Illuminate\\Routing\\Route->run()
#19 /home/winston/Documents/projects/laravel-article-cms-Rest-API/vendor/laravel/framework/src/Illuminate/Pipeline/Pipeline.php(170): Illuminate\\Routing\\Router->{closure:Illuminate\\Routing\\Router::runRouteWithinStack():807}()
#20 /home/winston/Documents/projects/laravel-article-cms-Rest-API/vendor/laravel/framework/src/Illuminate/Routing/Middleware/SubstituteBindings.php(51): Illuminate\\Pipeline\\Pipeline->{closure:Illuminate\\Pipeline\\Pipeline::prepareDestination():168}()
#21 /home/winston/Documents/projects/laravel-article-cms-Rest-API/vendor/laravel/framework/src/Illuminate/Pipeline/Pipeline.php(209): Illuminate\\Routing\\Middleware\\SubstituteBindings->handle()
#22 /home/winston/Documents/projects/laravel-article-cms-Rest-API/vendor/laravel/sanctum/src/Http/Middleware/EnsureFrontendRequestsAreStateful.php(26): Illuminate\\Pipeline\\Pipeline->{closure:{closure:Illuminate\\Pipeline\\Pipeline::carry():184}:185}()
#23 /home/winston/Documents/projects/laravel-article-cms-Rest-API/vendor/laravel/framework/src/Illuminate/Pipeline/Pipeline.php(170): Laravel\\Sanctum\\Http\\Middleware\\EnsureFrontendRequestsAreStateful->{closure:Laravel\\Sanctum\\Http\\Middleware\\EnsureFrontendRequestsAreStateful::handle():25}()
#24 /home/winston/Documents/projects/laravel-article-cms-Rest-API/vendor/laravel/framework/src/Illuminate/Pipeline/Pipeline.php(127): Illuminate\\Pipeline\\Pipeline->{closure:Illuminate\\Pipeline\\Pipeline::prepareDestination():168}()
#25 /home/winston/Documents/projects/laravel-article-cms-Rest-API/vendor/laravel/sanctum/src/Http/Middleware/EnsureFrontendRequestsAreStateful.php(25): Illuminate\\Pipeline\\Pipeline->then()
#26 /home/winston/Documents/projects/laravel-article-cms-Rest-API/vendor/laravel/framework/src/Illuminate/Pipeline/Pipeline.php(209): Laravel\\Sanctum\\Http\\Middleware\\EnsureFrontendRequestsAreStateful->handle()
#27 /home/winston/Documents/projects/laravel-article-cms-Rest-API/vendor/laravel/framework/src/Illuminate/Pipeline/Pipeline.php(127): Illuminate\\Pipeline\\Pipeline->{closure:{closure:Illuminate\\Pipeline\\Pipeline::carry():184}:185}()
#28 /home/winston/Documents/projects/laravel-article-cms-Rest-API/vendor/laravel/framework/src/Illuminate/Routing/Router.php(807): Illuminate\\Pipeline\\Pipeline->then()
#29 /home/winston/Documents/projects/laravel-article-cms-Rest-API/vendor/laravel/framework/src/Illuminate/Routing/Router.php(786): Illuminate\\Routing\\Router->runRouteWithinStack()
#30 /home/winston/Documents/projects/laravel-article-cms-Rest-API/vendor/laravel/framework/src/Illuminate/Routing/Router.php(750): Illuminate\\Routing\\Router->runRoute()
#31 /home/winston/Documents/projects/laravel-article-cms-Rest-API/vendor/laravel/framework/src/Illuminate/Routing/Router.php(739): Illuminate\\Routing\\Router->dispatchToRoute()
#32 /home/winston/Documents/projects/laravel-article-cms-Rest-API/vendor/laravel/framework/src/Illuminate/Foundation/Http/Kernel.php(201): Illuminate\\Routing\\Router->dispatch()
#33 /home/winston/Documents/projects/laravel-article-cms-Rest-API/vendor/laravel/framework/src/Illuminate/Pipeline/Pipeline.php(170): Illuminate\\Foundation\\Http\\Kernel->{closure:Illuminate\\Foundation\\Http\\Kernel::dispatchToRouter():198}()
#34 /home/winston/Documents/projects/laravel-article-cms-Rest-API/app/Http/Middleware/CorsMiddleware.php(26): Illuminate\\Pipeline\\Pipeline->{closure:Illuminate\\Pipeline\\Pipeline::prepareDestination():168}()
#35 /home/winston/Documents/projects/laravel-article-cms-Rest-API/vendor/laravel/framework/src/Illuminate/Pipeline/Pipeline.php(209): App\\Http\\Middleware\\CorsMiddleware->handle()
#36 /home/winston/Documents/projects/laravel-article-cms-Rest-API/vendor/laravel/framework/src/Illuminate/Foundation/Http/Middleware/TransformsRequest.php(21): Illuminate\\Pipeline\\Pipeline->{closure:{closure:Illuminate\\Pipeline\\Pipeline::carry():184}:185}()
#37 /home/winston/Documents/projects/laravel-article-cms-Rest-API/vendor/laravel/framework/src/Illuminate/Foundation/Http/Middleware/ConvertEmptyStringsToNull.php(31): Illuminate\\Foundation\\Http\\Middleware\\TransformsRequest->handle()
#38 /home/winston/Documents/projects/laravel-article-cms-Rest-API/vendor/laravel/framework/src/Illuminate/Pipeline/Pipeline.php(209): Illuminate\\Foundation\\Http\\Middleware\\ConvertEmptyStringsToNull->handle()
#39 /home/winston/Documents/projects/laravel-article-cms-Rest-API/vendor/laravel/framework/src/Illuminate/Foundation/Http/Middleware/TransformsRequest.php(21): Illuminate\\Pipeline\\Pipeline->{closure:{closure:Illuminate\\Pipeline\\Pipeline::carry():184}:185}()
#40 /home/winston/Documents/projects/laravel-article-cms-Rest-API/vendor/laravel/framework/src/Illuminate/Foundation/Http/Middleware/TrimStrings.php(51): Illuminate\\Foundation\\Http\\Middleware\\TransformsRequest->handle()
#41 /home/winston/Documents/projects/laravel-article-cms-Rest-API/vendor/laravel/framework/src/Illuminate/Pipeline/Pipeline.php(209): Illuminate\\Foundation\\Http\\Middleware\\TrimStrings->handle()
#42 /home/winston/Documents/projects/laravel-article-cms-Rest-API/vendor/laravel/framework/src/Illuminate/Http/Middleware/ValidatePostSize.php(27): Illuminate\\Pipeline\\Pipeline->{closure:{closure:Illuminate\\Pipeline\\Pipeline::carry():184}:185}()
#43 /home/winston/Documents/projects/laravel-article-cms-Rest-API/vendor/laravel/framework/src/Illuminate/Pipeline/Pipeline.php(209): Illuminate\\Http\\Middleware\\ValidatePostSize->handle()
#44 /home/winston/Documents/projects/laravel-article-cms-Rest-API/vendor/laravel/framework/src/Illuminate/Foundation/Http/Middleware/PreventRequestsDuringMaintenance.php(110): Illuminate\\Pipeline\\Pipeline->{closure:{closure:Illuminate\\Pipeline\\Pipeline::carry():184}:185}()
#45 /home/winston/Documents/projects/laravel-article-cms-Rest-API/vendor/laravel/framework/src/Illuminate/Pipeline/Pipeline.php(209): Illuminate\\Foundation\\Http\\Middleware\\PreventRequestsDuringMaintenance->handle()
#46 /home/winston/Documents/projects/laravel-article-cms-Rest-API/vendor/laravel/framework/src/Illuminate/Http/Middleware/HandleCors.php(62): Illuminate\\Pipeline\\Pipeline->{closure:{closure:Illuminate\\Pipeline\\Pipeline::carry():184}:185}()
#47 /home/winston/Documents/projects/laravel-article-cms-Rest-API/vendor/laravel/framework/src/Illuminate/Pipeline/Pipeline.php(209): Illuminate\\Http\\Middleware\\HandleCors->handle()
#48 /home/winston/Documents/projects/laravel-article-cms-Rest-API/vendor/laravel/framework/src/Illuminate/Http/Middleware/TrustProxies.php(58): Illuminate\\Pipeline\\Pipeline->{closure:{closure:Illuminate\\Pipeline\\Pipeline::carry():184}:185}()
#49 /home/winston/Documents/projects/laravel-article-cms-Rest-API/vendor/laravel/framework/src/Illuminate/Pipeline/Pipeline.php(209): Illuminate\\Http\\Middleware\\TrustProxies->handle()
#50 /home/winston/Documents/projects/laravel-article-cms-Rest-API/vendor/laravel/framework/src/Illuminate/Foundation/Http/Middleware/InvokeDeferredCallbacks.php(22): Illuminate\\Pipeline\\Pipeline->{closure:{closure:Illuminate\\Pipeline\\Pipeline::carry():184}:185}()
#51 /home/winston/Documents/projects/laravel-article-cms-Rest-API/vendor/laravel/framework/src/Illuminate/Pipeline/Pipeline.php(209): Illuminate\\Foundation\\Http\\Middleware\\InvokeDeferredCallbacks->handle()
#52 /home/winston/Documents/projects/laravel-article-cms-Rest-API/vendor/laravel/framework/src/Illuminate/Pipeline/Pipeline.php(127): Illuminate\\Pipeline\\Pipeline->{closure:{closure:Illuminate\\Pipeline\\Pipeline::carry():184}:185}()
#53 /home/winston/Documents/projects/laravel-article-cms-Rest-API/vendor/laravel/framework/src/Illuminate/Foundation/Http/Kernel.php(176): Illuminate\\Pipeline\\Pipeline->then()
#54 /home/winston/Documents/projects/laravel-article-cms-Rest-API/vendor/laravel/framework/src/Illuminate/Foundation/Http/Kernel.php(145): Illuminate\\Foundation\\Http\\Kernel->sendRequestThroughRouter()
#55 /home/winston/Documents/projects/laravel-article-cms-Rest-API/public/index.php(21): Illuminate\\Foundation\\Http\\Kernel->handle()
#56 /home/winston/Documents/projects/laravel-article-cms-Rest-API/vendor/laravel/framework/src/Illuminate/Foundation/resources/server.php(23): require_once('...')
#57 {main}

[previous exception] [object] (PDOException(code: 23000): SQLSTATE[23000]: Integrity constraint violation: 1048 Column 'referrer' cannot be null at /home/winston/Documents/projects/laravel-article-cms-Rest-API/vendor/laravel/framework/src/Illuminate/Database/MySqlConnection.php:53)
[stacktrace]
#0 /home/winston/Documents/projects/laravel-article-cms-Rest-API/vendor/laravel/framework/src/Illuminate/Database/MySqlConnection.php(53): PDOStatement->execute()
#1 /home/winston/Documents/projects/laravel-article-cms-Rest-API/vendor/laravel/framework/src/Illuminate/Database/Connection.php(812): Illuminate\\Database\\MySqlConnection->{closure:Illuminate\\Database\\MySqlConnection::insert():42}()
#2 /home/winston/Documents/projects/laravel-article-cms-Rest-API/vendor/laravel/framework/src/Illuminate/Database/Connection.php(779): Illuminate\\Database\\Connection->runQueryCallback()
#3 /home/winston/Documents/projects/laravel-article-cms-Rest-API/vendor/laravel/framework/src/Illuminate/Database/MySqlConnection.php(42): Illuminate\\Database\\Connection->run()
#4 /home/winston/Documents/projects/laravel-article-cms-Rest-API/vendor/laravel/framework/src/Illuminate/Database/Query/Processors/MySqlProcessor.php(35): Illuminate\\Database\\MySqlConnection->insert()
#5 /home/winston/Documents/projects/laravel-article-cms-Rest-API/vendor/laravel/framework/src/Illuminate/Database/Query/Builder.php(3766): Illuminate\\Database\\Query\\Processors\\MySqlProcessor->processInsertGetId()
#6 /home/winston/Documents/projects/laravel-article-cms-Rest-API/vendor/laravel/framework/src/Illuminate/Database/Eloquent/Builder.php(2120): Illuminate\\Database\\Query\\Builder->insertGetId()
#7 /home/winston/Documents/projects/laravel-article-cms-Rest-API/vendor/laravel/framework/src/Illuminate/Database/Eloquent/Model.php(1359): Illuminate\\Database\\Eloquent\\Builder->__call()
#8 /home/winston/Documents/projects/laravel-article-cms-Rest-API/vendor/laravel/framework/src/Illuminate/Database/Eloquent/Model.php(1324): Illuminate\\Database\\Eloquent\\Model->insertAndSetId()
#9 /home/winston/Documents/projects/laravel-article-cms-Rest-API/vendor/laravel/framework/src/Illuminate/Database/Eloquent/Model.php(1163): Illuminate\\Database\\Eloquent\\Model->performInsert()
#10 /home/winston/Documents/projects/laravel-article-cms-Rest-API/vendor/laravel/framework/src/Illuminate/Database/Eloquent/Builder.php(1128): Illuminate\\Database\\Eloquent\\Model->save()
#11 /home/winston/Documents/projects/laravel-article-cms-Rest-API/vendor/laravel/framework/src/Illuminate/Support/helpers.php(399): Illuminate\\Database\\Eloquent\\Builder->{closure:Illuminate\\Database\\Eloquent\\Builder::create():1127}()
#12 /home/winston/Documents/projects/laravel-article-cms-Rest-API/vendor/laravel/framework/src/Illuminate/Database/Eloquent/Builder.php(1127): tap()
#13 /home/winston/Documents/projects/laravel-article-cms-Rest-API/vendor/laravel/framework/src/Illuminate/Support/Traits/ForwardsCalls.php(23): Illuminate\\Database\\Eloquent\\Builder->create()
#14 /home/winston/Documents/projects/laravel-article-cms-Rest-API/vendor/laravel/framework/src/Illuminate/Database/Eloquent/Model.php(2372): Illuminate\\Database\\Eloquent\\Model->forwardCallTo()
#15 /home/winston/Documents/projects/laravel-article-cms-Rest-API/vendor/laravel/framework/src/Illuminate/Database/Eloquent/Model.php(2384): Illuminate\\Database\\Eloquent\\Model->__call()
#16 /home/winston/Documents/projects/laravel-article-cms-Rest-API/app/Http/Controllers/AnalyticsController.php(32): Illuminate\\Database\\Eloquent\\Model::__callStatic()
#17 /home/winston/Documents/projects/laravel-article-cms-Rest-API/vendor/laravel/framework/src/Illuminate/Routing/ControllerDispatcher.php(47): App\\Http\\Controllers\\AnalyticsController->store()
#18 /home/winston/Documents/projects/laravel-article-cms-Rest-API/vendor/laravel/framework/src/Illuminate/Routing/Route.php(266): Illuminate\\Routing\\ControllerDispatcher->dispatch()
#19 /home/winston/Documents/projects/laravel-article-cms-Rest-API/vendor/laravel/framework/src/Illuminate/Routing/Route.php(212): Illuminate\\Routing\\Route->runController()
#20 /home/winston/Documents/projects/laravel-article-cms-Rest-API/vendor/laravel/framework/src/Illuminate/Routing/Router.php(808): Illuminate\\Routing\\Route->run()
#21 /home/winston/Documents/projects/laravel-article-cms-Rest-API/vendor/laravel/framework/src/Illuminate/Pipeline/Pipeline.php(170): Illuminate\\Routing\\Router->{closure:Illuminate\\Routing\\Router::runRouteWithinStack():807}()
#22 /home/winston/Documents/projects/laravel-article-cms-Rest-API/vendor/laravel/framework/src/Illuminate/Routing/Middleware/SubstituteBindings.php(51): Illuminate\\Pipeline\\Pipeline->{closure:Illuminate\\Pipeline\\Pipeline::prepareDestination():168}()
#23 /home/winston/Documents/projects/laravel-article-cms-Rest-API/vendor/laravel/framework/src/Illuminate/Pipeline/Pipeline.php(209): Illuminate\\Routing\\Middleware\\SubstituteBindings->handle()
#24 /home/winston/Documents/projects/laravel-article-cms-Rest-API/vendor/laravel/sanctum/src/Http/Middleware/EnsureFrontendRequestsAreStateful.php(26): Illuminate\\Pipeline\\Pipeline->{closure:{closure:Illuminate\\Pipeline\\Pipeline::carry():184}:185}()
#25 /home/winston/Documents/projects/laravel-article-cms-Rest-API/vendor/laravel/framework/src/Illuminate/Pipeline/Pipeline.php(170): Laravel\\Sanctum\\Http\\Middleware\\EnsureFrontendRequestsAreStateful->{closure:Laravel\\Sanctum\\Http\\Middleware\\EnsureFrontendRequestsAreStateful::handle():25}()
#26 /home/winston/Documents/projects/laravel-article-cms-Rest-API/vendor/laravel/framework/src/Illuminate/Pipeline/Pipeline.php(127): Illuminate\\Pipeline\\Pipeline->{closure:Illuminate\\Pipeline\\Pipeline::prepareDestination():168}()
#27 /home/winston/Documents/projects/laravel-article-cms-Rest-API/vendor/laravel/sanctum/src/Http/Middleware/EnsureFrontendRequestsAreStateful.php(25): Illuminate\\Pipeline\\Pipeline->then()
#28 /home/winston/Documents/projects/laravel-article-cms-Rest-API/vendor/laravel/framework/src/Illuminate/Pipeline/Pipeline.php(209): Laravel\\Sanctum\\Http\\Middleware\\EnsureFrontendRequestsAreStateful->handle()
#29 /home/winston/Documents/projects/laravel-article-cms-Rest-API/vendor/laravel/framework/src/Illuminate/Pipeline/Pipeline.php(127): Illuminate\\Pipeline\\Pipeline->{closure:{closure:Illuminate\\Pipeline\\Pipeline::carry():184}:185}()
#30 /home/winston/Documents/projects/laravel-article-cms-Rest-API/vendor/laravel/framework/src/Illuminate/Routing/Router.php(807): Illuminate\\Pipeline\\Pipeline->then()
#31 /home/winston/Documents/projects/laravel-article-cms-Rest-API/vendor/laravel/framework/src/Illuminate/Routing/Router.php(786): Illuminate\\Routing\\Router->runRouteWithinStack()
#32 /home/winston/Documents/projects/laravel-article-cms-Rest-API/vendor/laravel/framework/src/Illuminate/Routing/Router.php(750): Illuminate\\Routing\\Router->runRoute()
#33 /home/winston/Documents/projects/laravel-article-cms-Rest-API/vendor/laravel/framework/src/Illuminate/Routing/Router.php(739): Illuminate\\Routing\\Router->dispatchToRoute()
#34 /home/winston/Documents/projects/laravel-article-cms-Rest-API/vendor/laravel/framework/src/Illuminate/Foundation/Http/Kernel.php(201): Illuminate\\Routing\\Router->dispatch()
#35 /home/winston/Documents/projects/laravel-article-cms-Rest-API/vendor/laravel/framework/src/Illuminate/Pipeline/Pipeline.php(170): Illuminate\\Foundation\\Http\\Kernel->{closure:Illuminate\\Foundation\\Http\\Kernel::dispatchToRouter():198}()
#36 /home/winston/Documents/projects/laravel-article-cms-Rest-API/app/Http/Middleware/CorsMiddleware.php(26): Illuminate\\Pipeline\\Pipeline->{closure:Illuminate\\Pipeline\\Pipeline::prepareDestination():168}()
#37 /home/winston/Documents/projects/laravel-article-cms-Rest-API/vendor/laravel/framework/src/Illuminate/Pipeline/Pipeline.php(209): App\\Http\\Middleware\\CorsMiddleware->handle()
#38 /home/winston/Documents/projects/laravel-article-cms-Rest-API/vendor/laravel/framework/src/Illuminate/Foundation/Http/Middleware/TransformsRequest.php(21): Illuminate\\Pipeline\\Pipeline->{closure:{closure:Illuminate\\Pipeline\\Pipeline::carry():184}:185}()
#39 /home/winston/Documents/projects/laravel-article-cms-Rest-API/vendor/laravel/framework/src/Illuminate/Foundation/Http/Middleware/ConvertEmptyStringsToNull.php(31): Illuminate\\Foundation\\Http\\Middleware\\TransformsRequest->handle()
#40 /home/winston/Documents/projects/laravel-article-cms-Rest-API/vendor/laravel/framework/src/Illuminate/Pipeline/Pipeline.php(209): Illuminate\\Foundation\\Http\\Middleware\\ConvertEmptyStringsToNull->handle()
#41 /home/winston/Documents/projects/laravel-article-cms-Rest-API/vendor/laravel/framework/src/Illuminate/Foundation/Http/Middleware/TransformsRequest.php(21): Illuminate\\Pipeline\\Pipeline->{closure:{closure:Illuminate\\Pipeline\\Pipeline::carry():184}:185}()
#42 /home/winston/Documents/projects/laravel-article-cms-Rest-API/vendor/laravel/framework/src/Illuminate/Foundation/Http/Middleware/TrimStrings.php(51): Illuminate\\Foundation\\Http\\Middleware\\TransformsRequest->handle()
#43 /home/winston/Documents/projects/laravel-article-cms-Rest-API/vendor/laravel/framework/src/Illuminate/Pipeline/Pipeline.php(209): Illuminate\\Foundation\\Http\\Middleware\\TrimStrings->handle()
#44 /home/winston/Documents/projects/laravel-article-cms-Rest-API/vendor/laravel/framework/src/Illuminate/Http/Middleware/ValidatePostSize.php(27): Illuminate\\Pipeline\\Pipeline->{closure:{closure:Illuminate\\Pipeline\\Pipeline::carry():184}:185}()
#45 /home/winston/Documents/projects/laravel-article-cms-Rest-API/vendor/laravel/framework/src/Illuminate/Pipeline/Pipeline.php(209): Illuminate\\Http\\Middleware\\ValidatePostSize->handle()
#46 /home/winston/Documents/projects/laravel-article-cms-Rest-API/vendor/laravel/framework/src/Illuminate/Foundation/Http/Middleware/PreventRequestsDuringMaintenance.php(110): Illuminate\\Pipeline\\Pipeline->{closure:{closure:Illuminate\\Pipeline\\Pipeline::carry():184}:185}()
#47 /home/winston/Documents/projects/laravel-article-cms-Rest-API/vendor/laravel/framework/src/Illuminate/Pipeline/Pipeline.php(209): Illuminate\\Foundation\\Http\\Middleware\\PreventRequestsDuringMaintenance->handle()
#48 /home/winston/Documents/projects/laravel-article-cms-Rest-API/vendor/laravel/framework/src/Illuminate/Http/Middleware/HandleCors.php(62): Illuminate\\Pipeline\\Pipeline->{closure:{closure:Illuminate\\Pipeline\\Pipeline::carry():184}:185}()
#49 /home/winston/Documents/projects/laravel-article-cms-Rest-API/vendor/laravel/framework/src/Illuminate/Pipeline/Pipeline.php(209): Illuminate\\Http\\Middleware\\HandleCors->handle()
#50 /home/winston/Documents/projects/laravel-article-cms-Rest-API/vendor/laravel/framework/src/Illuminate/Http/Middleware/TrustProxies.php(58): Illuminate\\Pipeline\\Pipeline->{closure:{closure:Illuminate\\Pipeline\\Pipeline::carry():184}:185}()
#51 /home/winston/Documents/projects/laravel-article-cms-Rest-API/vendor/laravel/framework/src/Illuminate/Pipeline/Pipeline.php(209): Illuminate\\Http\\Middleware\\TrustProxies->handle()
#52 /home/winston/Documents/projects/laravel-article-cms-Rest-API/vendor/laravel/framework/src/Illuminate/Foundation/Http/Middleware/InvokeDeferredCallbacks.php(22): Illuminate\\Pipeline\\Pipeline->{closure:{closure:Illuminate\\Pipeline\\Pipeline::carry():184}:185}()
#53 /home/winston/Documents/projects/laravel-article-cms-Rest-API/vendor/laravel/framework/src/Illuminate/Pipeline/Pipeline.php(209): Illuminate\\Foundation\\Http\\Middleware\\InvokeDeferredCallbacks->handle()
#54 /home/winston/Documents/projects/laravel-article-cms-Rest-API/vendor/laravel/framework/src/Illuminate/Pipeline/Pipeline.php(127): Illuminate\\Pipeline\\Pipeline->{closure:{closure:Illuminate\\Pipeline\\Pipeline::carry():184}:185}()
#55 /home/winston/Documents/projects/laravel-article-cms-Rest-API/vendor/laravel/framework/src/Illuminate/Foundation/Http/Kernel.php(176): Illuminate\\Pipeline\\Pipeline->then()
#56 /home/winston/Documents/projects/laravel-article-cms-Rest-API/vendor/laravel/framework/src/Illuminate/Foundation/Http/Kernel.php(145): Illuminate\\Foundation\\Http\\Kernel->sendRequestThroughRouter()
#57 /home/winston/Documents/projects/laravel-article-cms-Rest-API/public/index.php(21): Illuminate\\Foundation\\Http\\Kernel->handle()
#58 /home/winston/Documents/projects/laravel-article-cms-Rest-API/vendor/laravel/framework/src/Illuminate/Foundation/resources/server.php(23): require_once('...')
#59 {main}
"} 
[2025-06-14 07:38:42] local.INFO: Request Origin: http://localhost:3000  
[2025-06-14 07:38:42] local.ERROR: SQLSTATE[23000]: Integrity constraint violation: 1048 Column 'referrer' cannot be null (Connection: mysql, SQL: insert into `analytics` (`eventType`, `url`, `path`, `referrer`, `timestamp`, `userId`, `browserName`, `browserVersion`, `os`, `deviceType`, `deviceVendor`, `deviceModel`, `cpuArchitecture`, `isArmCpu`, `isMobile`, `screenWidth`, `screenHeight`, `language`, `timezone`, `connectionType`, `updated_at`, `created_at`) values (pageview, http://localhost:3000/blog, /blog, ?, 2025-06-14T07:38:42.270Z, ?, Firefox, 139.0, Linux, desktop, unknown, unknown, amd64, 0, 0, 1920, 1080, en-US, Africa/Nouakchott, unknown, 2025-06-14 07:38:42, 2025-06-14 07:38:42)) {"exception":"[object] (Illuminate\\Database\\QueryException(code: 23000): SQLSTATE[23000]: Integrity constraint violation: 1048 Column 'referrer' cannot be null (Connection: mysql, SQL: insert into `analytics` (`eventType`, `url`, `path`, `referrer`, `timestamp`, `userId`, `browserName`, `browserVersion`, `os`, `deviceType`, `deviceVendor`, `deviceModel`, `cpuArchitecture`, `isArmCpu`, `isMobile`, `screenWidth`, `screenHeight`, `language`, `timezone`, `connectionType`, `updated_at`, `created_at`) values (pageview, http://localhost:3000/blog, /blog, ?, 2025-06-14T07:38:42.270Z, ?, Firefox, 139.0, Linux, desktop, unknown, unknown, amd64, 0, 0, 1920, 1080, en-US, Africa/Nouakchott, unknown, 2025-06-14 07:38:42, 2025-06-14 07:38:42)) at /home/winston/Documents/projects/laravel-article-cms-Rest-API/vendor/laravel/framework/src/Illuminate/Database/Connection.php:825)
[stacktrace]
#0 /home/winston/Documents/projects/laravel-article-cms-Rest-API/vendor/laravel/framework/src/Illuminate/Database/Connection.php(779): Illuminate\\Database\\Connection->runQueryCallback()
#1 /home/winston/Documents/projects/laravel-article-cms-Rest-API/vendor/laravel/framework/src/Illuminate/Database/MySqlConnection.php(42): Illuminate\\Database\\Connection->run()
#2 /home/winston/Documents/projects/laravel-article-cms-Rest-API/vendor/laravel/framework/src/Illuminate/Database/Query/Processors/MySqlProcessor.php(35): Illuminate\\Database\\MySqlConnection->insert()
#3 /home/winston/Documents/projects/laravel-article-cms-Rest-API/vendor/laravel/framework/src/Illuminate/Database/Query/Builder.php(3766): Illuminate\\Database\\Query\\Processors\\MySqlProcessor->processInsertGetId()
#4 /home/winston/Documents/projects/laravel-article-cms-Rest-API/vendor/laravel/framework/src/Illuminate/Database/Eloquent/Builder.php(2120): Illuminate\\Database\\Query\\Builder->insertGetId()
#5 /home/winston/Documents/projects/laravel-article-cms-Rest-API/vendor/laravel/framework/src/Illuminate/Database/Eloquent/Model.php(1359): Illuminate\\Database\\Eloquent\\Builder->__call()
#6 /home/winston/Documents/projects/laravel-article-cms-Rest-API/vendor/laravel/framework/src/Illuminate/Database/Eloquent/Model.php(1324): Illuminate\\Database\\Eloquent\\Model->insertAndSetId()
#7 /home/winston/Documents/projects/laravel-article-cms-Rest-API/vendor/laravel/framework/src/Illuminate/Database/Eloquent/Model.php(1163): Illuminate\\Database\\Eloquent\\Model->performInsert()
#8 /home/winston/Documents/projects/laravel-article-cms-Rest-API/vendor/laravel/framework/src/Illuminate/Database/Eloquent/Builder.php(1128): Illuminate\\Database\\Eloquent\\Model->save()
#9 /home/winston/Documents/projects/laravel-article-cms-Rest-API/vendor/laravel/framework/src/Illuminate/Support/helpers.php(399): Illuminate\\Database\\Eloquent\\Builder->{closure:Illuminate\\Database\\Eloquent\\Builder::create():1127}()
#10 /home/winston/Documents/projects/laravel-article-cms-Rest-API/vendor/laravel/framework/src/Illuminate/Database/Eloquent/Builder.php(1127): tap()
#11 /home/winston/Documents/projects/laravel-article-cms-Rest-API/vendor/laravel/framework/src/Illuminate/Support/Traits/ForwardsCalls.php(23): Illuminate\\Database\\Eloquent\\Builder->create()
#12 /home/winston/Documents/projects/laravel-article-cms-Rest-API/vendor/laravel/framework/src/Illuminate/Database/Eloquent/Model.php(2372): Illuminate\\Database\\Eloquent\\Model->forwardCallTo()
#13 /home/winston/Documents/projects/laravel-article-cms-Rest-API/vendor/laravel/framework/src/Illuminate/Database/Eloquent/Model.php(2384): Illuminate\\Database\\Eloquent\\Model->__call()
#14 /home/winston/Documents/projects/laravel-article-cms-Rest-API/app/Http/Controllers/AnalyticsController.php(32): Illuminate\\Database\\Eloquent\\Model::__callStatic()
#15 /home/winston/Documents/projects/laravel-article-cms-Rest-API/vendor/laravel/framework/src/Illuminate/Routing/ControllerDispatcher.php(47): App\\Http\\Controllers\\AnalyticsController->store()
#16 /home/winston/Documents/projects/laravel-article-cms-Rest-API/vendor/laravel/framework/src/Illuminate/Routing/Route.php(266): Illuminate\\Routing\\ControllerDispatcher->dispatch()
#17 /home/winston/Documents/projects/laravel-article-cms-Rest-API/vendor/laravel/framework/src/Illuminate/Routing/Route.php(212): Illuminate\\Routing\\Route->runController()
#18 /home/winston/Documents/projects/laravel-article-cms-Rest-API/vendor/laravel/framework/src/Illuminate/Routing/Router.php(808): Illuminate\\Routing\\Route->run()
#19 /home/winston/Documents/projects/laravel-article-cms-Rest-API/vendor/laravel/framework/src/Illuminate/Pipeline/Pipeline.php(170): Illuminate\\Routing\\Router->{closure:Illuminate\\Routing\\Router::runRouteWithinStack():807}()
#20 /home/winston/Documents/projects/laravel-article-cms-Rest-API/vendor/laravel/framework/src/Illuminate/Routing/Middleware/SubstituteBindings.php(51): Illuminate\\Pipeline\\Pipeline->{closure:Illuminate\\Pipeline\\Pipeline::prepareDestination():168}()
#21 /home/winston/Documents/projects/laravel-article-cms-Rest-API/vendor/laravel/framework/src/Illuminate/Pipeline/Pipeline.php(209): Illuminate\\Routing\\Middleware\\SubstituteBindings->handle()
#22 /home/winston/Documents/projects/laravel-article-cms-Rest-API/vendor/laravel/sanctum/src/Http/Middleware/EnsureFrontendRequestsAreStateful.php(26): Illuminate\\Pipeline\\Pipeline->{closure:{closure:Illuminate\\Pipeline\\Pipeline::carry():184}:185}()
#23 /home/winston/Documents/projects/laravel-article-cms-Rest-API/vendor/laravel/framework/src/Illuminate/Pipeline/Pipeline.php(170): Laravel\\Sanctum\\Http\\Middleware\\EnsureFrontendRequestsAreStateful->{closure:Laravel\\Sanctum\\Http\\Middleware\\EnsureFrontendRequestsAreStateful::handle():25}()
#24 /home/winston/Documents/projects/laravel-article-cms-Rest-API/vendor/laravel/framework/src/Illuminate/Pipeline/Pipeline.php(127): Illuminate\\Pipeline\\Pipeline->{closure:Illuminate\\Pipeline\\Pipeline::prepareDestination():168}()
#25 /home/winston/Documents/projects/laravel-article-cms-Rest-API/vendor/laravel/sanctum/src/Http/Middleware/EnsureFrontendRequestsAreStateful.php(25): Illuminate\\Pipeline\\Pipeline->then()
#26 /home/winston/Documents/projects/laravel-article-cms-Rest-API/vendor/laravel/framework/src/Illuminate/Pipeline/Pipeline.php(209): Laravel\\Sanctum\\Http\\Middleware\\EnsureFrontendRequestsAreStateful->handle()
#27 /home/winston/Documents/projects/laravel-article-cms-Rest-API/vendor/laravel/framework/src/Illuminate/Pipeline/Pipeline.php(127): Illuminate\\Pipeline\\Pipeline->{closure:{closure:Illuminate\\Pipeline\\Pipeline::carry():184}:185}()
#28 /home/winston/Documents/projects/laravel-article-cms-Rest-API/vendor/laravel/framework/src/Illuminate/Routing/Router.php(807): Illuminate\\Pipeline\\Pipeline->then()
#29 /home/winston/Documents/projects/laravel-article-cms-Rest-API/vendor/laravel/framework/src/Illuminate/Routing/Router.php(786): Illuminate\\Routing\\Router->runRouteWithinStack()
#30 /home/winston/Documents/projects/laravel-article-cms-Rest-API/vendor/laravel/framework/src/Illuminate/Routing/Router.php(750): Illuminate\\Routing\\Router->runRoute()
#31 /home/winston/Documents/projects/laravel-article-cms-Rest-API/vendor/laravel/framework/src/Illuminate/Routing/Router.php(739): Illuminate\\Routing\\Router->dispatchToRoute()
#32 /home/winston/Documents/projects/laravel-article-cms-Rest-API/vendor/laravel/framework/src/Illuminate/Foundation/Http/Kernel.php(201): Illuminate\\Routing\\Router->dispatch()
#33 /home/winston/Documents/projects/laravel-article-cms-Rest-API/vendor/laravel/framework/src/Illuminate/Pipeline/Pipeline.php(170): Illuminate\\Foundation\\Http\\Kernel->{closure:Illuminate\\Foundation\\Http\\Kernel::dispatchToRouter():198}()
#34 /home/winston/Documents/projects/laravel-article-cms-Rest-API/app/Http/Middleware/CorsMiddleware.php(26): Illuminate\\Pipeline\\Pipeline->{closure:Illuminate\\Pipeline\\Pipeline::prepareDestination():168}()
#35 /home/winston/Documents/projects/laravel-article-cms-Rest-API/vendor/laravel/framework/src/Illuminate/Pipeline/Pipeline.php(209): App\\Http\\Middleware\\CorsMiddleware->handle()
#36 /home/winston/Documents/projects/laravel-article-cms-Rest-API/vendor/laravel/framework/src/Illuminate/Foundation/Http/Middleware/TransformsRequest.php(21): Illuminate\\Pipeline\\Pipeline->{closure:{closure:Illuminate\\Pipeline\\Pipeline::carry():184}:185}()
#37 /home/winston/Documents/projects/laravel-article-cms-Rest-API/vendor/laravel/framework/src/Illuminate/Foundation/Http/Middleware/ConvertEmptyStringsToNull.php(31): Illuminate\\Foundation\\Http\\Middleware\\TransformsRequest->handle()
#38 /home/winston/Documents/projects/laravel-article-cms-Rest-API/vendor/laravel/framework/src/Illuminate/Pipeline/Pipeline.php(209): Illuminate\\Foundation\\Http\\Middleware\\ConvertEmptyStringsToNull->handle()
#39 /home/winston/Documents/projects/laravel-article-cms-Rest-API/vendor/laravel/framework/src/Illuminate/Foundation/Http/Middleware/TransformsRequest.php(21): Illuminate\\Pipeline\\Pipeline->{closure:{closure:Illuminate\\Pipeline\\Pipeline::carry():184}:185}()
#40 /home/winston/Documents/projects/laravel-article-cms-Rest-API/vendor/laravel/framework/src/Illuminate/Foundation/Http/Middleware/TrimStrings.php(51): Illuminate\\Foundation\\Http\\Middleware\\TransformsRequest->handle()
#41 /home/winston/Documents/projects/laravel-article-cms-Rest-API/vendor/laravel/framework/src/Illuminate/Pipeline/Pipeline.php(209): Illuminate\\Foundation\\Http\\Middleware\\TrimStrings->handle()
#42 /home/winston/Documents/projects/laravel-article-cms-Rest-API/vendor/laravel/framework/src/Illuminate/Http/Middleware/ValidatePostSize.php(27): Illuminate\\Pipeline\\Pipeline->{closure:{closure:Illuminate\\Pipeline\\Pipeline::carry():184}:185}()
#43 /home/winston/Documents/projects/laravel-article-cms-Rest-API/vendor/laravel/framework/src/Illuminate/Pipeline/Pipeline.php(209): Illuminate\\Http\\Middleware\\ValidatePostSize->handle()
#44 /home/winston/Documents/projects/laravel-article-cms-Rest-API/vendor/laravel/framework/src/Illuminate/Foundation/Http/Middleware/PreventRequestsDuringMaintenance.php(110): Illuminate\\Pipeline\\Pipeline->{closure:{closure:Illuminate\\Pipeline\\Pipeline::carry():184}:185}()
#45 /home/winston/Documents/projects/laravel-article-cms-Rest-API/vendor/laravel/framework/src/Illuminate/Pipeline/Pipeline.php(209): Illuminate\\Foundation\\Http\\Middleware\\PreventRequestsDuringMaintenance->handle()
#46 /home/winston/Documents/projects/laravel-article-cms-Rest-API/vendor/laravel/framework/src/Illuminate/Http/Middleware/HandleCors.php(62): Illuminate\\Pipeline\\Pipeline->{closure:{closure:Illuminate\\Pipeline\\Pipeline::carry():184}:185}()
#47 /home/winston/Documents/projects/laravel-article-cms-Rest-API/vendor/laravel/framework/src/Illuminate/Pipeline/Pipeline.php(209): Illuminate\\Http\\Middleware\\HandleCors->handle()
#48 /home/winston/Documents/projects/laravel-article-cms-Rest-API/vendor/laravel/framework/src/Illuminate/Http/Middleware/TrustProxies.php(58): Illuminate\\Pipeline\\Pipeline->{closure:{closure:Illuminate\\Pipeline\\Pipeline::carry():184}:185}()
#49 /home/winston/Documents/projects/laravel-article-cms-Rest-API/vendor/laravel/framework/src/Illuminate/Pipeline/Pipeline.php(209): Illuminate\\Http\\Middleware\\TrustProxies->handle()
#50 /home/winston/Documents/projects/laravel-article-cms-Rest-API/vendor/laravel/framework/src/Illuminate/Foundation/Http/Middleware/InvokeDeferredCallbacks.php(22): Illuminate\\Pipeline\\Pipeline->{closure:{closure:Illuminate\\Pipeline\\Pipeline::carry():184}:185}()
#51 /home/winston/Documents/projects/laravel-article-cms-Rest-API/vendor/laravel/framework/src/Illuminate/Pipeline/Pipeline.php(209): Illuminate\\Foundation\\Http\\Middleware\\InvokeDeferredCallbacks->handle()
#52 /home/winston/Documents/projects/laravel-article-cms-Rest-API/vendor/laravel/framework/src/Illuminate/Pipeline/Pipeline.php(127): Illuminate\\Pipeline\\Pipeline->{closure:{closure:Illuminate\\Pipeline\\Pipeline::carry():184}:185}()
#53 /home/winston/Documents/projects/laravel-article-cms-Rest-API/vendor/laravel/framework/src/Illuminate/Foundation/Http/Kernel.php(176): Illuminate\\Pipeline\\Pipeline->then()
#54 /home/winston/Documents/projects/laravel-article-cms-Rest-API/vendor/laravel/framework/src/Illuminate/Foundation/Http/Kernel.php(145): Illuminate\\Foundation\\Http\\Kernel->sendRequestThroughRouter()
#55 /home/winston/Documents/projects/laravel-article-cms-Rest-API/public/index.php(21): Illuminate\\Foundation\\Http\\Kernel->handle()
#56 /home/winston/Documents/projects/laravel-article-cms-Rest-API/vendor/laravel/framework/src/Illuminate/Foundation/resources/server.php(23): require_once('...')
#57 {main}

[previous exception] [object] (PDOException(code: 23000): SQLSTATE[23000]: Integrity constraint violation: 1048 Column 'referrer' cannot be null at /home/winston/Documents/projects/laravel-article-cms-Rest-API/vendor/laravel/framework/src/Illuminate/Database/MySqlConnection.php:53)
[stacktrace]
#0 /home/winston/Documents/projects/laravel-article-cms-Rest-API/vendor/laravel/framework/src/Illuminate/Database/MySqlConnection.php(53): PDOStatement->execute()
#1 /home/winston/Documents/projects/laravel-article-cms-Rest-API/vendor/laravel/framework/src/Illuminate/Database/Connection.php(812): Illuminate\\Database\\MySqlConnection->{closure:Illuminate\\Database\\MySqlConnection::insert():42}()
#2 /home/winston/Documents/projects/laravel-article-cms-Rest-API/vendor/laravel/framework/src/Illuminate/Database/Connection.php(779): Illuminate\\Database\\Connection->runQueryCallback()
#3 /home/winston/Documents/projects/laravel-article-cms-Rest-API/vendor/laravel/framework/src/Illuminate/Database/MySqlConnection.php(42): Illuminate\\Database\\Connection->run()
#4 /home/winston/Documents/projects/laravel-article-cms-Rest-API/vendor/laravel/framework/src/Illuminate/Database/Query/Processors/MySqlProcessor.php(35): Illuminate\\Database\\MySqlConnection->insert()
#5 /home/winston/Documents/projects/laravel-article-cms-Rest-API/vendor/laravel/framework/src/Illuminate/Database/Query/Builder.php(3766): Illuminate\\Database\\Query\\Processors\\MySqlProcessor->processInsertGetId()
#6 /home/winston/Documents/projects/laravel-article-cms-Rest-API/vendor/laravel/framework/src/Illuminate/Database/Eloquent/Builder.php(2120): Illuminate\\Database\\Query\\Builder->insertGetId()
#7 /home/winston/Documents/projects/laravel-article-cms-Rest-API/vendor/laravel/framework/src/Illuminate/Database/Eloquent/Model.php(1359): Illuminate\\Database\\Eloquent\\Builder->__call()
#8 /home/winston/Documents/projects/laravel-article-cms-Rest-API/vendor/laravel/framework/src/Illuminate/Database/Eloquent/Model.php(1324): Illuminate\\Database\\Eloquent\\Model->insertAndSetId()
#9 /home/winston/Documents/projects/laravel-article-cms-Rest-API/vendor/laravel/framework/src/Illuminate/Database/Eloquent/Model.php(1163): Illuminate\\Database\\Eloquent\\Model->performInsert()
#10 /home/winston/Documents/projects/laravel-article-cms-Rest-API/vendor/laravel/framework/src/Illuminate/Database/Eloquent/Builder.php(1128): Illuminate\\Database\\Eloquent\\Model->save()
#11 /home/winston/Documents/projects/laravel-article-cms-Rest-API/vendor/laravel/framework/src/Illuminate/Support/helpers.php(399): Illuminate\\Database\\Eloquent\\Builder->{closure:Illuminate\\Database\\Eloquent\\Builder::create():1127}()
#12 /home/winston/Documents/projects/laravel-article-cms-Rest-API/vendor/laravel/framework/src/Illuminate/Database/Eloquent/Builder.php(1127): tap()
#13 /home/winston/Documents/projects/laravel-article-cms-Rest-API/vendor/laravel/framework/src/Illuminate/Support/Traits/ForwardsCalls.php(23): Illuminate\\Database\\Eloquent\\Builder->create()
#14 /home/winston/Documents/projects/laravel-article-cms-Rest-API/vendor/laravel/framework/src/Illuminate/Database/Eloquent/Model.php(2372): Illuminate\\Database\\Eloquent\\Model->forwardCallTo()
#15 /home/winston/Documents/projects/laravel-article-cms-Rest-API/vendor/laravel/framework/src/Illuminate/Database/Eloquent/Model.php(2384): Illuminate\\Database\\Eloquent\\Model->__call()
#16 /home/winston/Documents/projects/laravel-article-cms-Rest-API/app/Http/Controllers/AnalyticsController.php(32): Illuminate\\Database\\Eloquent\\Model::__callStatic()
#17 /home/winston/Documents/projects/laravel-article-cms-Rest-API/vendor/laravel/framework/src/Illuminate/Routing/ControllerDispatcher.php(47): App\\Http\\Controllers\\AnalyticsController->store()
#18 /home/winston/Documents/projects/laravel-article-cms-Rest-API/vendor/laravel/framework/src/Illuminate/Routing/Route.php(266): Illuminate\\Routing\\ControllerDispatcher->dispatch()
#19 /home/winston/Documents/projects/laravel-article-cms-Rest-API/vendor/laravel/framework/src/Illuminate/Routing/Route.php(212): Illuminate\\Routing\\Route->runController()
#20 /home/winston/Documents/projects/laravel-article-cms-Rest-API/vendor/laravel/framework/src/Illuminate/Routing/Router.php(808): Illuminate\\Routing\\Route->run()
#21 /home/winston/Documents/projects/laravel-article-cms-Rest-API/vendor/laravel/framework/src/Illuminate/Pipeline/Pipeline.php(170): Illuminate\\Routing\\Router->{closure:Illuminate\\Routing\\Router::runRouteWithinStack():807}()
#22 /home/winston/Documents/projects/laravel-article-cms-Rest-API/vendor/laravel/framework/src/Illuminate/Routing/Middleware/SubstituteBindings.php(51): Illuminate\\Pipeline\\Pipeline->{closure:Illuminate\\Pipeline\\Pipeline::prepareDestination():168}()
#23 /home/winston/Documents/projects/laravel-article-cms-Rest-API/vendor/laravel/framework/src/Illuminate/Pipeline/Pipeline.php(209): Illuminate\\Routing\\Middleware\\SubstituteBindings->handle()
#24 /home/winston/Documents/projects/laravel-article-cms-Rest-API/vendor/laravel/sanctum/src/Http/Middleware/EnsureFrontendRequestsAreStateful.php(26): Illuminate\\Pipeline\\Pipeline->{closure:{closure:Illuminate\\Pipeline\\Pipeline::carry():184}:185}()
#25 /home/winston/Documents/projects/laravel-article-cms-Rest-API/vendor/laravel/framework/src/Illuminate/Pipeline/Pipeline.php(170): Laravel\\Sanctum\\Http\\Middleware\\EnsureFrontendRequestsAreStateful->{closure:Laravel\\Sanctum\\Http\\Middleware\\EnsureFrontendRequestsAreStateful::handle():25}()
#26 /home/winston/Documents/projects/laravel-article-cms-Rest-API/vendor/laravel/framework/src/Illuminate/Pipeline/Pipeline.php(127): Illuminate\\Pipeline\\Pipeline->{closure:Illuminate\\Pipeline\\Pipeline::prepareDestination():168}()
#27 /home/winston/Documents/projects/laravel-article-cms-Rest-API/vendor/laravel/sanctum/src/Http/Middleware/EnsureFrontendRequestsAreStateful.php(25): Illuminate\\Pipeline\\Pipeline->then()
#28 /home/winston/Documents/projects/laravel-article-cms-Rest-API/vendor/laravel/framework/src/Illuminate/Pipeline/Pipeline.php(209): Laravel\\Sanctum\\Http\\Middleware\\EnsureFrontendRequestsAreStateful->handle()
#29 /home/winston/Documents/projects/laravel-article-cms-Rest-API/vendor/laravel/framework/src/Illuminate/Pipeline/Pipeline.php(127): Illuminate\\Pipeline\\Pipeline->{closure:{closure:Illuminate\\Pipeline\\Pipeline::carry():184}:185}()
#30 /home/winston/Documents/projects/laravel-article-cms-Rest-API/vendor/laravel/framework/src/Illuminate/Routing/Router.php(807): Illuminate\\Pipeline\\Pipeline->then()
#31 /home/winston/Documents/projects/laravel-article-cms-Rest-API/vendor/laravel/framework/src/Illuminate/Routing/Router.php(786): Illuminate\\Routing\\Router->runRouteWithinStack()
#32 /home/winston/Documents/projects/laravel-article-cms-Rest-API/vendor/laravel/framework/src/Illuminate/Routing/Router.php(750): Illuminate\\Routing\\Router->runRoute()
#33 /home/winston/Documents/projects/laravel-article-cms-Rest-API/vendor/laravel/framework/src/Illuminate/Routing/Router.php(739): Illuminate\\Routing\\Router->dispatchToRoute()
#34 /home/winston/Documents/projects/laravel-article-cms-Rest-API/vendor/laravel/framework/src/Illuminate/Foundation/Http/Kernel.php(201): Illuminate\\Routing\\Router->dispatch()
#35 /home/winston/Documents/projects/laravel-article-cms-Rest-API/vendor/laravel/framework/src/Illuminate/Pipeline/Pipeline.php(170): Illuminate\\Foundation\\Http\\Kernel->{closure:Illuminate\\Foundation\\Http\\Kernel::dispatchToRouter():198}()
#36 /home/winston/Documents/projects/laravel-article-cms-Rest-API/app/Http/Middleware/CorsMiddleware.php(26): Illuminate\\Pipeline\\Pipeline->{closure:Illuminate\\Pipeline\\Pipeline::prepareDestination():168}()
#37 /home/winston/Documents/projects/laravel-article-cms-Rest-API/vendor/laravel/framework/src/Illuminate/Pipeline/Pipeline.php(209): App\\Http\\Middleware\\CorsMiddleware->handle()
#38 /home/winston/Documents/projects/laravel-article-cms-Rest-API/vendor/laravel/framework/src/Illuminate/Foundation/Http/Middleware/TransformsRequest.php(21): Illuminate\\Pipeline\\Pipeline->{closure:{closure:Illuminate\\Pipeline\\Pipeline::carry():184}:185}()
#39 /home/winston/Documents/projects/laravel-article-cms-Rest-API/vendor/laravel/framework/src/Illuminate/Foundation/Http/Middleware/ConvertEmptyStringsToNull.php(31): Illuminate\\Foundation\\Http\\Middleware\\TransformsRequest->handle()
#40 /home/winston/Documents/projects/laravel-article-cms-Rest-API/vendor/laravel/framework/src/Illuminate/Pipeline/Pipeline.php(209): Illuminate\\Foundation\\Http\\Middleware\\ConvertEmptyStringsToNull->handle()
#41 /home/winston/Documents/projects/laravel-article-cms-Rest-API/vendor/laravel/framework/src/Illuminate/Foundation/Http/Middleware/TransformsRequest.php(21): Illuminate\\Pipeline\\Pipeline->{closure:{closure:Illuminate\\Pipeline\\Pipeline::carry():184}:185}()
#42 /home/winston/Documents/projects/laravel-article-cms-Rest-API/vendor/laravel/framework/src/Illuminate/Foundation/Http/Middleware/TrimStrings.php(51): Illuminate\\Foundation\\Http\\Middleware\\TransformsRequest->handle()
#43 /home/winston/Documents/projects/laravel-article-cms-Rest-API/vendor/laravel/framework/src/Illuminate/Pipeline/Pipeline.php(209): Illuminate\\Foundation\\Http\\Middleware\\TrimStrings->handle()
#44 /home/winston/Documents/projects/laravel-article-cms-Rest-API/vendor/laravel/framework/src/Illuminate/Http/Middleware/ValidatePostSize.php(27): Illuminate\\Pipeline\\Pipeline->{closure:{closure:Illuminate\\Pipeline\\Pipeline::carry():184}:185}()
#45 /home/winston/Documents/projects/laravel-article-cms-Rest-API/vendor/laravel/framework/src/Illuminate/Pipeline/Pipeline.php(209): Illuminate\\Http\\Middleware\\ValidatePostSize->handle()
#46 /home/winston/Documents/projects/laravel-article-cms-Rest-API/vendor/laravel/framework/src/Illuminate/Foundation/Http/Middleware/PreventRequestsDuringMaintenance.php(110): Illuminate\\Pipeline\\Pipeline->{closure:{closure:Illuminate\\Pipeline\\Pipeline::carry():184}:185}()
#47 /home/winston/Documents/projects/laravel-article-cms-Rest-API/vendor/laravel/framework/src/Illuminate/Pipeline/Pipeline.php(209): Illuminate\\Foundation\\Http\\Middleware\\PreventRequestsDuringMaintenance->handle()
#48 /home/winston/Documents/projects/laravel-article-cms-Rest-API/vendor/laravel/framework/src/Illuminate/Http/Middleware/HandleCors.php(62): Illuminate\\Pipeline\\Pipeline->{closure:{closure:Illuminate\\Pipeline\\Pipeline::carry():184}:185}()
#49 /home/winston/Documents/projects/laravel-article-cms-Rest-API/vendor/laravel/framework/src/Illuminate/Pipeline/Pipeline.php(209): Illuminate\\Http\\Middleware\\HandleCors->handle()
#50 /home/winston/Documents/projects/laravel-article-cms-Rest-API/vendor/laravel/framework/src/Illuminate/Http/Middleware/TrustProxies.php(58): Illuminate\\Pipeline\\Pipeline->{closure:{closure:Illuminate\\Pipeline\\Pipeline::carry():184}:185}()
#51 /home/winston/Documents/projects/laravel-article-cms-Rest-API/vendor/laravel/framework/src/Illuminate/Pipeline/Pipeline.php(209): Illuminate\\Http\\Middleware\\TrustProxies->handle()
#52 /home/winston/Documents/projects/laravel-article-cms-Rest-API/vendor/laravel/framework/src/Illuminate/Foundation/Http/Middleware/InvokeDeferredCallbacks.php(22): Illuminate\\Pipeline\\Pipeline->{closure:{closure:Illuminate\\Pipeline\\Pipeline::carry():184}:185}()
#53 /home/winston/Documents/projects/laravel-article-cms-Rest-API/vendor/laravel/framework/src/Illuminate/Pipeline/Pipeline.php(209): Illuminate\\Foundation\\Http\\Middleware\\InvokeDeferredCallbacks->handle()
#54 /home/winston/Documents/projects/laravel-article-cms-Rest-API/vendor/laravel/framework/src/Illuminate/Pipeline/Pipeline.php(127): Illuminate\\Pipeline\\Pipeline->{closure:{closure:Illuminate\\Pipeline\\Pipeline::carry():184}:185}()
#55 /home/winston/Documents/projects/laravel-article-cms-Rest-API/vendor/laravel/framework/src/Illuminate/Foundation/Http/Kernel.php(176): Illuminate\\Pipeline\\Pipeline->then()
#56 /home/winston/Documents/projects/laravel-article-cms-Rest-API/vendor/laravel/framework/src/Illuminate/Foundation/Http/Kernel.php(145): Illuminate\\Foundation\\Http\\Kernel->sendRequestThroughRouter()
#57 /home/winston/Documents/projects/laravel-article-cms-Rest-API/public/index.php(21): Illuminate\\Foundation\\Http\\Kernel->handle()
#58 /home/winston/Documents/projects/laravel-article-cms-Rest-API/vendor/laravel/framework/src/Illuminate/Foundation/resources/server.php(23): require_once('...')
#59 {main}
"} 
[2025-06-14 07:38:56] local.INFO: Request Origin: http://localhost:3000  
[2025-06-14 07:38:56] local.ERROR: SQLSTATE[23000]: Integrity constraint violation: 1048 Column 'referrer' cannot be null (Connection: mysql, SQL: insert into `analytics` (`eventType`, `url`, `path`, `referrer`, `timestamp`, `userId`, `browserName`, `browserVersion`, `os`, `deviceType`, `deviceVendor`, `deviceModel`, `cpuArchitecture`, `isArmCpu`, `isMobile`, `screenWidth`, `screenHeight`, `language`, `timezone`, `connectionType`, `updated_at`, `created_at`) values (pageview, http://localhost:3000/blog, /blog, ?, 2025-06-14T07:38:56.034Z, ?, Firefox, 139.0, Linux, desktop, unknown, unknown, amd64, 0, 0, 1920, 1080, en-US, Africa/Nouakchott, unknown, 2025-06-14 07:38:56, 2025-06-14 07:38:56)) {"exception":"[object] (Illuminate\\Database\\QueryException(code: 23000): SQLSTATE[23000]: Integrity constraint violation: 1048 Column 'referrer' cannot be null (Connection: mysql, SQL: insert into `analytics` (`eventType`, `url`, `path`, `referrer`, `timestamp`, `userId`, `browserName`, `browserVersion`, `os`, `deviceType`, `deviceVendor`, `deviceModel`, `cpuArchitecture`, `isArmCpu`, `isMobile`, `screenWidth`, `screenHeight`, `language`, `timezone`, `connectionType`, `updated_at`, `created_at`) values (pageview, http://localhost:3000/blog, /blog, ?, 2025-06-14T07:38:56.034Z, ?, Firefox, 139.0, Linux, desktop, unknown, unknown, amd64, 0, 0, 1920, 1080, en-US, Africa/Nouakchott, unknown, 2025-06-14 07:38:56, 2025-06-14 07:38:56)) at /home/winston/Documents/projects/laravel-article-cms-Rest-API/vendor/laravel/framework/src/Illuminate/Database/Connection.php:825)
[stacktrace]
#0 /home/winston/Documents/projects/laravel-article-cms-Rest-API/vendor/laravel/framework/src/Illuminate/Database/Connection.php(779): Illuminate\\Database\\Connection->runQueryCallback()
#1 /home/winston/Documents/projects/laravel-article-cms-Rest-API/vendor/laravel/framework/src/Illuminate/Database/MySqlConnection.php(42): Illuminate\\Database\\Connection->run()
#2 /home/winston/Documents/projects/laravel-article-cms-Rest-API/vendor/laravel/framework/src/Illuminate/Database/Query/Processors/MySqlProcessor.php(35): Illuminate\\Database\\MySqlConnection->insert()
#3 /home/winston/Documents/projects/laravel-article-cms-Rest-API/vendor/laravel/framework/src/Illuminate/Database/Query/Builder.php(3766): Illuminate\\Database\\Query\\Processors\\MySqlProcessor->processInsertGetId()
#4 /home/winston/Documents/projects/laravel-article-cms-Rest-API/vendor/laravel/framework/src/Illuminate/Database/Eloquent/Builder.php(2120): Illuminate\\Database\\Query\\Builder->insertGetId()
#5 /home/winston/Documents/projects/laravel-article-cms-Rest-API/vendor/laravel/framework/src/Illuminate/Database/Eloquent/Model.php(1359): Illuminate\\Database\\Eloquent\\Builder->__call()
#6 /home/winston/Documents/projects/laravel-article-cms-Rest-API/vendor/laravel/framework/src/Illuminate/Database/Eloquent/Model.php(1324): Illuminate\\Database\\Eloquent\\Model->insertAndSetId()
#7 /home/winston/Documents/projects/laravel-article-cms-Rest-API/vendor/laravel/framework/src/Illuminate/Database/Eloquent/Model.php(1163): Illuminate\\Database\\Eloquent\\Model->performInsert()
#8 /home/winston/Documents/projects/laravel-article-cms-Rest-API/vendor/laravel/framework/src/Illuminate/Database/Eloquent/Builder.php(1128): Illuminate\\Database\\Eloquent\\Model->save()
#9 /home/winston/Documents/projects/laravel-article-cms-Rest-API/vendor/laravel/framework/src/Illuminate/Support/helpers.php(399): Illuminate\\Database\\Eloquent\\Builder->{closure:Illuminate\\Database\\Eloquent\\Builder::create():1127}()
#10 /home/winston/Documents/projects/laravel-article-cms-Rest-API/vendor/laravel/framework/src/Illuminate/Database/Eloquent/Builder.php(1127): tap()
#11 /home/winston/Documents/projects/laravel-article-cms-Rest-API/vendor/laravel/framework/src/Illuminate/Support/Traits/ForwardsCalls.php(23): Illuminate\\Database\\Eloquent\\Builder->create()
#12 /home/winston/Documents/projects/laravel-article-cms-Rest-API/vendor/laravel/framework/src/Illuminate/Database/Eloquent/Model.php(2372): Illuminate\\Database\\Eloquent\\Model->forwardCallTo()
#13 /home/winston/Documents/projects/laravel-article-cms-Rest-API/vendor/laravel/framework/src/Illuminate/Database/Eloquent/Model.php(2384): Illuminate\\Database\\Eloquent\\Model->__call()
#14 /home/winston/Documents/projects/laravel-article-cms-Rest-API/app/Http/Controllers/AnalyticsController.php(32): Illuminate\\Database\\Eloquent\\Model::__callStatic()
#15 /home/winston/Documents/projects/laravel-article-cms-Rest-API/vendor/laravel/framework/src/Illuminate/Routing/ControllerDispatcher.php(47): App\\Http\\Controllers\\AnalyticsController->store()
#16 /home/winston/Documents/projects/laravel-article-cms-Rest-API/vendor/laravel/framework/src/Illuminate/Routing/Route.php(266): Illuminate\\Routing\\ControllerDispatcher->dispatch()
#17 /home/winston/Documents/projects/laravel-article-cms-Rest-API/vendor/laravel/framework/src/Illuminate/Routing/Route.php(212): Illuminate\\Routing\\Route->runController()
#18 /home/winston/Documents/projects/laravel-article-cms-Rest-API/vendor/laravel/framework/src/Illuminate/Routing/Router.php(808): Illuminate\\Routing\\Route->run()
#19 /home/winston/Documents/projects/laravel-article-cms-Rest-API/vendor/laravel/framework/src/Illuminate/Pipeline/Pipeline.php(170): Illuminate\\Routing\\Router->{closure:Illuminate\\Routing\\Router::runRouteWithinStack():807}()
#20 /home/winston/Documents/projects/laravel-article-cms-Rest-API/vendor/laravel/framework/src/Illuminate/Routing/Middleware/SubstituteBindings.php(51): Illuminate\\Pipeline\\Pipeline->{closure:Illuminate\\Pipeline\\Pipeline::prepareDestination():168}()
#21 /home/winston/Documents/projects/laravel-article-cms-Rest-API/vendor/laravel/framework/src/Illuminate/Pipeline/Pipeline.php(209): Illuminate\\Routing\\Middleware\\SubstituteBindings->handle()
#22 /home/winston/Documents/projects/laravel-article-cms-Rest-API/vendor/laravel/sanctum/src/Http/Middleware/EnsureFrontendRequestsAreStateful.php(26): Illuminate\\Pipeline\\Pipeline->{closure:{closure:Illuminate\\Pipeline\\Pipeline::carry():184}:185}()
#23 /home/winston/Documents/projects/laravel-article-cms-Rest-API/vendor/laravel/framework/src/Illuminate/Pipeline/Pipeline.php(170): Laravel\\Sanctum\\Http\\Middleware\\EnsureFrontendRequestsAreStateful->{closure:Laravel\\Sanctum\\Http\\Middleware\\EnsureFrontendRequestsAreStateful::handle():25}()
#24 /home/winston/Documents/projects/laravel-article-cms-Rest-API/vendor/laravel/framework/src/Illuminate/Pipeline/Pipeline.php(127): Illuminate\\Pipeline\\Pipeline->{closure:Illuminate\\Pipeline\\Pipeline::prepareDestination():168}()
#25 /home/winston/Documents/projects/laravel-article-cms-Rest-API/vendor/laravel/sanctum/src/Http/Middleware/EnsureFrontendRequestsAreStateful.php(25): Illuminate\\Pipeline\\Pipeline->then()
#26 /home/winston/Documents/projects/laravel-article-cms-Rest-API/vendor/laravel/framework/src/Illuminate/Pipeline/Pipeline.php(209): Laravel\\Sanctum\\Http\\Middleware\\EnsureFrontendRequestsAreStateful->handle()
#27 /home/winston/Documents/projects/laravel-article-cms-Rest-API/vendor/laravel/framework/src/Illuminate/Pipeline/Pipeline.php(127): Illuminate\\Pipeline\\Pipeline->{closure:{closure:Illuminate\\Pipeline\\Pipeline::carry():184}:185}()
#28 /home/winston/Documents/projects/laravel-article-cms-Rest-API/vendor/laravel/framework/src/Illuminate/Routing/Router.php(807): Illuminate\\Pipeline\\Pipeline->then()
#29 /home/winston/Documents/projects/laravel-article-cms-Rest-API/vendor/laravel/framework/src/Illuminate/Routing/Router.php(786): Illuminate\\Routing\\Router->runRouteWithinStack()
#30 /home/winston/Documents/projects/laravel-article-cms-Rest-API/vendor/laravel/framework/src/Illuminate/Routing/Router.php(750): Illuminate\\Routing\\Router->runRoute()
#31 /home/winston/Documents/projects/laravel-article-cms-Rest-API/vendor/laravel/framework/src/Illuminate/Routing/Router.php(739): Illuminate\\Routing\\Router->dispatchToRoute()
#32 /home/winston/Documents/projects/laravel-article-cms-Rest-API/vendor/laravel/framework/src/Illuminate/Foundation/Http/Kernel.php(201): Illuminate\\Routing\\Router->dispatch()
#33 /home/winston/Documents/projects/laravel-article-cms-Rest-API/vendor/laravel/framework/src/Illuminate/Pipeline/Pipeline.php(170): Illuminate\\Foundation\\Http\\Kernel->{closure:Illuminate\\Foundation\\Http\\Kernel::dispatchToRouter():198}()
#34 /home/winston/Documents/projects/laravel-article-cms-Rest-API/app/Http/Middleware/CorsMiddleware.php(26): Illuminate\\Pipeline\\Pipeline->{closure:Illuminate\\Pipeline\\Pipeline::prepareDestination():168}()
#35 /home/winston/Documents/projects/laravel-article-cms-Rest-API/vendor/laravel/framework/src/Illuminate/Pipeline/Pipeline.php(209): App\\Http\\Middleware\\CorsMiddleware->handle()
#36 /home/winston/Documents/projects/laravel-article-cms-Rest-API/vendor/laravel/framework/src/Illuminate/Foundation/Http/Middleware/TransformsRequest.php(21): Illuminate\\Pipeline\\Pipeline->{closure:{closure:Illuminate\\Pipeline\\Pipeline::carry():184}:185}()
#37 /home/winston/Documents/projects/laravel-article-cms-Rest-API/vendor/laravel/framework/src/Illuminate/Foundation/Http/Middleware/ConvertEmptyStringsToNull.php(31): Illuminate\\Foundation\\Http\\Middleware\\TransformsRequest->handle()
#38 /home/winston/Documents/projects/laravel-article-cms-Rest-API/vendor/laravel/framework/src/Illuminate/Pipeline/Pipeline.php(209): Illuminate\\Foundation\\Http\\Middleware\\ConvertEmptyStringsToNull->handle()
#39 /home/winston/Documents/projects/laravel-article-cms-Rest-API/vendor/laravel/framework/src/Illuminate/Foundation/Http/Middleware/TransformsRequest.php(21): Illuminate\\Pipeline\\Pipeline->{closure:{closure:Illuminate\\Pipeline\\Pipeline::carry():184}:185}()
#40 /home/winston/Documents/projects/laravel-article-cms-Rest-API/vendor/laravel/framework/src/Illuminate/Foundation/Http/Middleware/TrimStrings.php(51): Illuminate\\Foundation\\Http\\Middleware\\TransformsRequest->handle()
#41 /home/winston/Documents/projects/laravel-article-cms-Rest-API/vendor/laravel/framework/src/Illuminate/Pipeline/Pipeline.php(209): Illuminate\\Foundation\\Http\\Middleware\\TrimStrings->handle()
#42 /home/winston/Documents/projects/laravel-article-cms-Rest-API/vendor/laravel/framework/src/Illuminate/Http/Middleware/ValidatePostSize.php(27): Illuminate\\Pipeline\\Pipeline->{closure:{closure:Illuminate\\Pipeline\\Pipeline::carry():184}:185}()
#43 /home/winston/Documents/projects/laravel-article-cms-Rest-API/vendor/laravel/framework/src/Illuminate/Pipeline/Pipeline.php(209): Illuminate\\Http\\Middleware\\ValidatePostSize->handle()
#44 /home/winston/Documents/projects/laravel-article-cms-Rest-API/vendor/laravel/framework/src/Illuminate/Foundation/Http/Middleware/PreventRequestsDuringMaintenance.php(110): Illuminate\\Pipeline\\Pipeline->{closure:{closure:Illuminate\\Pipeline\\Pipeline::carry():184}:185}()
#45 /home/winston/Documents/projects/laravel-article-cms-Rest-API/vendor/laravel/framework/src/Illuminate/Pipeline/Pipeline.php(209): Illuminate\\Foundation\\Http\\Middleware\\PreventRequestsDuringMaintenance->handle()
#46 /home/winston/Documents/projects/laravel-article-cms-Rest-API/vendor/laravel/framework/src/Illuminate/Http/Middleware/HandleCors.php(62): Illuminate\\Pipeline\\Pipeline->{closure:{closure:Illuminate\\Pipeline\\Pipeline::carry():184}:185}()
#47 /home/winston/Documents/projects/laravel-article-cms-Rest-API/vendor/laravel/framework/src/Illuminate/Pipeline/Pipeline.php(209): Illuminate\\Http\\Middleware\\HandleCors->handle()
#48 /home/winston/Documents/projects/laravel-article-cms-Rest-API/vendor/laravel/framework/src/Illuminate/Http/Middleware/TrustProxies.php(58): Illuminate\\Pipeline\\Pipeline->{closure:{closure:Illuminate\\Pipeline\\Pipeline::carry():184}:185}()
#49 /home/winston/Documents/projects/laravel-article-cms-Rest-API/vendor/laravel/framework/src/Illuminate/Pipeline/Pipeline.php(209): Illuminate\\Http\\Middleware\\TrustProxies->handle()
#50 /home/winston/Documents/projects/laravel-article-cms-Rest-API/vendor/laravel/framework/src/Illuminate/Foundation/Http/Middleware/InvokeDeferredCallbacks.php(22): Illuminate\\Pipeline\\Pipeline->{closure:{closure:Illuminate\\Pipeline\\Pipeline::carry():184}:185}()
#51 /home/winston/Documents/projects/laravel-article-cms-Rest-API/vendor/laravel/framework/src/Illuminate/Pipeline/Pipeline.php(209): Illuminate\\Foundation\\Http\\Middleware\\InvokeDeferredCallbacks->handle()
#52 /home/winston/Documents/projects/laravel-article-cms-Rest-API/vendor/laravel/framework/src/Illuminate/Pipeline/Pipeline.php(127): Illuminate\\Pipeline\\Pipeline->{closure:{closure:Illuminate\\Pipeline\\Pipeline::carry():184}:185}()
#53 /home/winston/Documents/projects/laravel-article-cms-Rest-API/vendor/laravel/framework/src/Illuminate/Foundation/Http/Kernel.php(176): Illuminate\\Pipeline\\Pipeline->then()
#54 /home/winston/Documents/projects/laravel-article-cms-Rest-API/vendor/laravel/framework/src/Illuminate/Foundation/Http/Kernel.php(145): Illuminate\\Foundation\\Http\\Kernel->sendRequestThroughRouter()
#55 /home/winston/Documents/projects/laravel-article-cms-Rest-API/public/index.php(21): Illuminate\\Foundation\\Http\\Kernel->handle()
#56 /home/winston/Documents/projects/laravel-article-cms-Rest-API/vendor/laravel/framework/src/Illuminate/Foundation/resources/server.php(23): require_once('...')
#57 {main}

[previous exception] [object] (PDOException(code: 23000): SQLSTATE[23000]: Integrity constraint violation: 1048 Column 'referrer' cannot be null at /home/winston/Documents/projects/laravel-article-cms-Rest-API/vendor/laravel/framework/src/Illuminate/Database/MySqlConnection.php:53)
[stacktrace]
#0 /home/winston/Documents/projects/laravel-article-cms-Rest-API/vendor/laravel/framework/src/Illuminate/Database/MySqlConnection.php(53): PDOStatement->execute()
#1 /home/winston/Documents/projects/laravel-article-cms-Rest-API/vendor/laravel/framework/src/Illuminate/Database/Connection.php(812): Illuminate\\Database\\MySqlConnection->{closure:Illuminate\\Database\\MySqlConnection::insert():42}()
#2 /home/winston/Documents/projects/laravel-article-cms-Rest-API/vendor/laravel/framework/src/Illuminate/Database/Connection.php(779): Illuminate\\Database\\Connection->runQueryCallback()
#3 /home/winston/Documents/projects/laravel-article-cms-Rest-API/vendor/laravel/framework/src/Illuminate/Database/MySqlConnection.php(42): Illuminate\\Database\\Connection->run()
#4 /home/winston/Documents/projects/laravel-article-cms-Rest-API/vendor/laravel/framework/src/Illuminate/Database/Query/Processors/MySqlProcessor.php(35): Illuminate\\Database\\MySqlConnection->insert()
#5 /home/winston/Documents/projects/laravel-article-cms-Rest-API/vendor/laravel/framework/src/Illuminate/Database/Query/Builder.php(3766): Illuminate\\Database\\Query\\Processors\\MySqlProcessor->processInsertGetId()
#6 /home/winston/Documents/projects/laravel-article-cms-Rest-API/vendor/laravel/framework/src/Illuminate/Database/Eloquent/Builder.php(2120): Illuminate\\Database\\Query\\Builder->insertGetId()
#7 /home/winston/Documents/projects/laravel-article-cms-Rest-API/vendor/laravel/framework/src/Illuminate/Database/Eloquent/Model.php(1359): Illuminate\\Database\\Eloquent\\Builder->__call()
#8 /home/winston/Documents/projects/laravel-article-cms-Rest-API/vendor/laravel/framework/src/Illuminate/Database/Eloquent/Model.php(1324): Illuminate\\Database\\Eloquent\\Model->insertAndSetId()
#9 /home/winston/Documents/projects/laravel-article-cms-Rest-API/vendor/laravel/framework/src/Illuminate/Database/Eloquent/Model.php(1163): Illuminate\\Database\\Eloquent\\Model->performInsert()
#10 /home/winston/Documents/projects/laravel-article-cms-Rest-API/vendor/laravel/framework/src/Illuminate/Database/Eloquent/Builder.php(1128): Illuminate\\Database\\Eloquent\\Model->save()
#11 /home/winston/Documents/projects/laravel-article-cms-Rest-API/vendor/laravel/framework/src/Illuminate/Support/helpers.php(399): Illuminate\\Database\\Eloquent\\Builder->{closure:Illuminate\\Database\\Eloquent\\Builder::create():1127}()
#12 /home/winston/Documents/projects/laravel-article-cms-Rest-API/vendor/laravel/framework/src/Illuminate/Database/Eloquent/Builder.php(1127): tap()
#13 /home/winston/Documents/projects/laravel-article-cms-Rest-API/vendor/laravel/framework/src/Illuminate/Support/Traits/ForwardsCalls.php(23): Illuminate\\Database\\Eloquent\\Builder->create()
#14 /home/winston/Documents/projects/laravel-article-cms-Rest-API/vendor/laravel/framework/src/Illuminate/Database/Eloquent/Model.php(2372): Illuminate\\Database\\Eloquent\\Model->forwardCallTo()
#15 /home/winston/Documents/projects/laravel-article-cms-Rest-API/vendor/laravel/framework/src/Illuminate/Database/Eloquent/Model.php(2384): Illuminate\\Database\\Eloquent\\Model->__call()
#16 /home/winston/Documents/projects/laravel-article-cms-Rest-API/app/Http/Controllers/AnalyticsController.php(32): Illuminate\\Database\\Eloquent\\Model::__callStatic()
#17 /home/winston/Documents/projects/laravel-article-cms-Rest-API/vendor/laravel/framework/src/Illuminate/Routing/ControllerDispatcher.php(47): App\\Http\\Controllers\\AnalyticsController->store()
#18 /home/winston/Documents/projects/laravel-article-cms-Rest-API/vendor/laravel/framework/src/Illuminate/Routing/Route.php(266): Illuminate\\Routing\\ControllerDispatcher->dispatch()
#19 /home/winston/Documents/projects/laravel-article-cms-Rest-API/vendor/laravel/framework/src/Illuminate/Routing/Route.php(212): Illuminate\\Routing\\Route->runController()
#20 /home/winston/Documents/projects/laravel-article-cms-Rest-API/vendor/laravel/framework/src/Illuminate/Routing/Router.php(808): Illuminate\\Routing\\Route->run()
#21 /home/winston/Documents/projects/laravel-article-cms-Rest-API/vendor/laravel/framework/src/Illuminate/Pipeline/Pipeline.php(170): Illuminate\\Routing\\Router->{closure:Illuminate\\Routing\\Router::runRouteWithinStack():807}()
#22 /home/winston/Documents/projects/laravel-article-cms-Rest-API/vendor/laravel/framework/src/Illuminate/Routing/Middleware/SubstituteBindings.php(51): Illuminate\\Pipeline\\Pipeline->{closure:Illuminate\\Pipeline\\Pipeline::prepareDestination():168}()
#23 /home/winston/Documents/projects/laravel-article-cms-Rest-API/vendor/laravel/framework/src/Illuminate/Pipeline/Pipeline.php(209): Illuminate\\Routing\\Middleware\\SubstituteBindings->handle()
#24 /home/winston/Documents/projects/laravel-article-cms-Rest-API/vendor/laravel/sanctum/src/Http/Middleware/EnsureFrontendRequestsAreStateful.php(26): Illuminate\\Pipeline\\Pipeline->{closure:{closure:Illuminate\\Pipeline\\Pipeline::carry():184}:185}()
#25 /home/winston/Documents/projects/laravel-article-cms-Rest-API/vendor/laravel/framework/src/Illuminate/Pipeline/Pipeline.php(170): Laravel\\Sanctum\\Http\\Middleware\\EnsureFrontendRequestsAreStateful->{closure:Laravel\\Sanctum\\Http\\Middleware\\EnsureFrontendRequestsAreStateful::handle():25}()
#26 /home/winston/Documents/projects/laravel-article-cms-Rest-API/vendor/laravel/framework/src/Illuminate/Pipeline/Pipeline.php(127): Illuminate\\Pipeline\\Pipeline->{closure:Illuminate\\Pipeline\\Pipeline::prepareDestination():168}()
#27 /home/winston/Documents/projects/laravel-article-cms-Rest-API/vendor/laravel/sanctum/src/Http/Middleware/EnsureFrontendRequestsAreStateful.php(25): Illuminate\\Pipeline\\Pipeline->then()
#28 /home/winston/Documents/projects/laravel-article-cms-Rest-API/vendor/laravel/framework/src/Illuminate/Pipeline/Pipeline.php(209): Laravel\\Sanctum\\Http\\Middleware\\EnsureFrontendRequestsAreStateful->handle()
#29 /home/winston/Documents/projects/laravel-article-cms-Rest-API/vendor/laravel/framework/src/Illuminate/Pipeline/Pipeline.php(127): Illuminate\\Pipeline\\Pipeline->{closure:{closure:Illuminate\\Pipeline\\Pipeline::carry():184}:185}()
#30 /home/winston/Documents/projects/laravel-article-cms-Rest-API/vendor/laravel/framework/src/Illuminate/Routing/Router.php(807): Illuminate\\Pipeline\\Pipeline->then()
#31 /home/winston/Documents/projects/laravel-article-cms-Rest-API/vendor/laravel/framework/src/Illuminate/Routing/Router.php(786): Illuminate\\Routing\\Router->runRouteWithinStack()
#32 /home/winston/Documents/projects/laravel-article-cms-Rest-API/vendor/laravel/framework/src/Illuminate/Routing/Router.php(750): Illuminate\\Routing\\Router->runRoute()
#33 /home/winston/Documents/projects/laravel-article-cms-Rest-API/vendor/laravel/framework/src/Illuminate/Routing/Router.php(739): Illuminate\\Routing\\Router->dispatchToRoute()
#34 /home/winston/Documents/projects/laravel-article-cms-Rest-API/vendor/laravel/framework/src/Illuminate/Foundation/Http/Kernel.php(201): Illuminate\\Routing\\Router->dispatch()
#35 /home/winston/Documents/projects/laravel-article-cms-Rest-API/vendor/laravel/framework/src/Illuminate/Pipeline/Pipeline.php(170): Illuminate\\Foundation\\Http\\Kernel->{closure:Illuminate\\Foundation\\Http\\Kernel::dispatchToRouter():198}()
#36 /home/winston/Documents/projects/laravel-article-cms-Rest-API/app/Http/Middleware/CorsMiddleware.php(26): Illuminate\\Pipeline\\Pipeline->{closure:Illuminate\\Pipeline\\Pipeline::prepareDestination():168}()
#37 /home/winston/Documents/projects/laravel-article-cms-Rest-API/vendor/laravel/framework/src/Illuminate/Pipeline/Pipeline.php(209): App\\Http\\Middleware\\CorsMiddleware->handle()
#38 /home/winston/Documents/projects/laravel-article-cms-Rest-API/vendor/laravel/framework/src/Illuminate/Foundation/Http/Middleware/TransformsRequest.php(21): Illuminate\\Pipeline\\Pipeline->{closure:{closure:Illuminate\\Pipeline\\Pipeline::carry():184}:185}()
#39 /home/winston/Documents/projects/laravel-article-cms-Rest-API/vendor/laravel/framework/src/Illuminate/Foundation/Http/Middleware/ConvertEmptyStringsToNull.php(31): Illuminate\\Foundation\\Http\\Middleware\\TransformsRequest->handle()
#40 /home/winston/Documents/projects/laravel-article-cms-Rest-API/vendor/laravel/framework/src/Illuminate/Pipeline/Pipeline.php(209): Illuminate\\Foundation\\Http\\Middleware\\ConvertEmptyStringsToNull->handle()
#41 /home/winston/Documents/projects/laravel-article-cms-Rest-API/vendor/laravel/framework/src/Illuminate/Foundation/Http/Middleware/TransformsRequest.php(21): Illuminate\\Pipeline\\Pipeline->{closure:{closure:Illuminate\\Pipeline\\Pipeline::carry():184}:185}()
#42 /home/winston/Documents/projects/laravel-article-cms-Rest-API/vendor/laravel/framework/src/Illuminate/Foundation/Http/Middleware/TrimStrings.php(51): Illuminate\\Foundation\\Http\\Middleware\\TransformsRequest->handle()
#43 /home/winston/Documents/projects/laravel-article-cms-Rest-API/vendor/laravel/framework/src/Illuminate/Pipeline/Pipeline.php(209): Illuminate\\Foundation\\Http\\Middleware\\TrimStrings->handle()
#44 /home/winston/Documents/projects/laravel-article-cms-Rest-API/vendor/laravel/framework/src/Illuminate/Http/Middleware/ValidatePostSize.php(27): Illuminate\\Pipeline\\Pipeline->{closure:{closure:Illuminate\\Pipeline\\Pipeline::carry():184}:185}()
#45 /home/winston/Documents/projects/laravel-article-cms-Rest-API/vendor/laravel/framework/src/Illuminate/Pipeline/Pipeline.php(209): Illuminate\\Http\\Middleware\\ValidatePostSize->handle()
#46 /home/winston/Documents/projects/laravel-article-cms-Rest-API/vendor/laravel/framework/src/Illuminate/Foundation/Http/Middleware/PreventRequestsDuringMaintenance.php(110): Illuminate\\Pipeline\\Pipeline->{closure:{closure:Illuminate\\Pipeline\\Pipeline::carry():184}:185}()
#47 /home/winston/Documents/projects/laravel-article-cms-Rest-API/vendor/laravel/framework/src/Illuminate/Pipeline/Pipeline.php(209): Illuminate\\Foundation\\Http\\Middleware\\PreventRequestsDuringMaintenance->handle()
#48 /home/winston/Documents/projects/laravel-article-cms-Rest-API/vendor/laravel/framework/src/Illuminate/Http/Middleware/HandleCors.php(62): Illuminate\\Pipeline\\Pipeline->{closure:{closure:Illuminate\\Pipeline\\Pipeline::carry():184}:185}()
#49 /home/winston/Documents/projects/laravel-article-cms-Rest-API/vendor/laravel/framework/src/Illuminate/Pipeline/Pipeline.php(209): Illuminate\\Http\\Middleware\\HandleCors->handle()
#50 /home/winston/Documents/projects/laravel-article-cms-Rest-API/vendor/laravel/framework/src/Illuminate/Http/Middleware/TrustProxies.php(58): Illuminate\\Pipeline\\Pipeline->{closure:{closure:Illuminate\\Pipeline\\Pipeline::carry():184}:185}()
#51 /home/winston/Documents/projects/laravel-article-cms-Rest-API/vendor/laravel/framework/src/Illuminate/Pipeline/Pipeline.php(209): Illuminate\\Http\\Middleware\\TrustProxies->handle()
#52 /home/winston/Documents/projects/laravel-article-cms-Rest-API/vendor/laravel/framework/src/Illuminate/Foundation/Http/Middleware/InvokeDeferredCallbacks.php(22): Illuminate\\Pipeline\\Pipeline->{closure:{closure:Illuminate\\Pipeline\\Pipeline::carry():184}:185}()
#53 /home/winston/Documents/projects/laravel-article-cms-Rest-API/vendor/laravel/framework/src/Illuminate/Pipeline/Pipeline.php(209): Illuminate\\Foundation\\Http\\Middleware\\InvokeDeferredCallbacks->handle()
#54 /home/winston/Documents/projects/laravel-article-cms-Rest-API/vendor/laravel/framework/src/Illuminate/Pipeline/Pipeline.php(127): Illuminate\\Pipeline\\Pipeline->{closure:{closure:Illuminate\\Pipeline\\Pipeline::carry():184}:185}()
#55 /home/winston/Documents/projects/laravel-article-cms-Rest-API/vendor/laravel/framework/src/Illuminate/Foundation/Http/Kernel.php(176): Illuminate\\Pipeline\\Pipeline->then()
#56 /home/winston/Documents/projects/laravel-article-cms-Rest-API/vendor/laravel/framework/src/Illuminate/Foundation/Http/Kernel.php(145): Illuminate\\Foundation\\Http\\Kernel->sendRequestThroughRouter()
#57 /home/winston/Documents/projects/laravel-article-cms-Rest-API/public/index.php(21): Illuminate\\Foundation\\Http\\Kernel->handle()
#58 /home/winston/Documents/projects/laravel-article-cms-Rest-API/vendor/laravel/framework/src/Illuminate/Foundation/resources/server.php(23): require_once('...')
#59 {main}
"} 
[2025-06-14 07:39:04] local.INFO: Request Origin: http://localhost:3000  
[2025-06-14 07:39:05] local.ERROR: SQLSTATE[23000]: Integrity constraint violation: 1048 Column 'referrer' cannot be null (Connection: mysql, SQL: insert into `analytics` (`eventType`, `url`, `path`, `referrer`, `timestamp`, `userId`, `browserName`, `browserVersion`, `os`, `deviceType`, `deviceVendor`, `deviceModel`, `cpuArchitecture`, `isArmCpu`, `isMobile`, `screenWidth`, `screenHeight`, `language`, `timezone`, `connectionType`, `updated_at`, `created_at`) values (pageview, http://localhost:3000/article/article-title-17, /article/article-title-17, ?, 2025-06-14T07:39:04.491Z, ?, Firefox, 139.0, Linux, desktop, unknown, unknown, amd64, 0, 0, 1920, 1080, en-US, Africa/Nouakchott, unknown, 2025-06-14 07:39:04, 2025-06-14 07:39:04)) {"exception":"[object] (Illuminate\\Database\\QueryException(code: 23000): SQLSTATE[23000]: Integrity constraint violation: 1048 Column 'referrer' cannot be null (Connection: mysql, SQL: insert into `analytics` (`eventType`, `url`, `path`, `referrer`, `timestamp`, `userId`, `browserName`, `browserVersion`, `os`, `deviceType`, `deviceVendor`, `deviceModel`, `cpuArchitecture`, `isArmCpu`, `isMobile`, `screenWidth`, `screenHeight`, `language`, `timezone`, `connectionType`, `updated_at`, `created_at`) values (pageview, http://localhost:3000/article/article-title-17, /article/article-title-17, ?, 2025-06-14T07:39:04.491Z, ?, Firefox, 139.0, Linux, desktop, unknown, unknown, amd64, 0, 0, 1920, 1080, en-US, Africa/Nouakchott, unknown, 2025-06-14 07:39:04, 2025-06-14 07:39:04)) at /home/winston/Documents/projects/laravel-article-cms-Rest-API/vendor/laravel/framework/src/Illuminate/Database/Connection.php:825)
[stacktrace]
#0 /home/winston/Documents/projects/laravel-article-cms-Rest-API/vendor/laravel/framework/src/Illuminate/Database/Connection.php(779): Illuminate\\Database\\Connection->runQueryCallback()
#1 /home/winston/Documents/projects/laravel-article-cms-Rest-API/vendor/laravel/framework/src/Illuminate/Database/MySqlConnection.php(42): Illuminate\\Database\\Connection->run()
#2 /home/winston/Documents/projects/laravel-article-cms-Rest-API/vendor/laravel/framework/src/Illuminate/Database/Query/Processors/MySqlProcessor.php(35): Illuminate\\Database\\MySqlConnection->insert()
#3 /home/winston/Documents/projects/laravel-article-cms-Rest-API/vendor/laravel/framework/src/Illuminate/Database/Query/Builder.php(3766): Illuminate\\Database\\Query\\Processors\\MySqlProcessor->processInsertGetId()
#4 /home/winston/Documents/projects/laravel-article-cms-Rest-API/vendor/laravel/framework/src/Illuminate/Database/Eloquent/Builder.php(2120): Illuminate\\Database\\Query\\Builder->insertGetId()
#5 /home/winston/Documents/projects/laravel-article-cms-Rest-API/vendor/laravel/framework/src/Illuminate/Database/Eloquent/Model.php(1359): Illuminate\\Database\\Eloquent\\Builder->__call()
#6 /home/winston/Documents/projects/laravel-article-cms-Rest-API/vendor/laravel/framework/src/Illuminate/Database/Eloquent/Model.php(1324): Illuminate\\Database\\Eloquent\\Model->insertAndSetId()
#7 /home/winston/Documents/projects/laravel-article-cms-Rest-API/vendor/laravel/framework/src/Illuminate/Database/Eloquent/Model.php(1163): Illuminate\\Database\\Eloquent\\Model->performInsert()
#8 /home/winston/Documents/projects/laravel-article-cms-Rest-API/vendor/laravel/framework/src/Illuminate/Database/Eloquent/Builder.php(1128): Illuminate\\Database\\Eloquent\\Model->save()
#9 /home/winston/Documents/projects/laravel-article-cms-Rest-API/vendor/laravel/framework/src/Illuminate/Support/helpers.php(399): Illuminate\\Database\\Eloquent\\Builder->{closure:Illuminate\\Database\\Eloquent\\Builder::create():1127}()
#10 /home/winston/Documents/projects/laravel-article-cms-Rest-API/vendor/laravel/framework/src/Illuminate/Database/Eloquent/Builder.php(1127): tap()
#11 /home/winston/Documents/projects/laravel-article-cms-Rest-API/vendor/laravel/framework/src/Illuminate/Support/Traits/ForwardsCalls.php(23): Illuminate\\Database\\Eloquent\\Builder->create()
#12 /home/winston/Documents/projects/laravel-article-cms-Rest-API/vendor/laravel/framework/src/Illuminate/Database/Eloquent/Model.php(2372): Illuminate\\Database\\Eloquent\\Model->forwardCallTo()
#13 /home/winston/Documents/projects/laravel-article-cms-Rest-API/vendor/laravel/framework/src/Illuminate/Database/Eloquent/Model.php(2384): Illuminate\\Database\\Eloquent\\Model->__call()
#14 /home/winston/Documents/projects/laravel-article-cms-Rest-API/app/Http/Controllers/AnalyticsController.php(32): Illuminate\\Database\\Eloquent\\Model::__callStatic()
#15 /home/winston/Documents/projects/laravel-article-cms-Rest-API/vendor/laravel/framework/src/Illuminate/Routing/ControllerDispatcher.php(47): App\\Http\\Controllers\\AnalyticsController->store()
#16 /home/winston/Documents/projects/laravel-article-cms-Rest-API/vendor/laravel/framework/src/Illuminate/Routing/Route.php(266): Illuminate\\Routing\\ControllerDispatcher->dispatch()
#17 /home/winston/Documents/projects/laravel-article-cms-Rest-API/vendor/laravel/framework/src/Illuminate/Routing/Route.php(212): Illuminate\\Routing\\Route->runController()
#18 /home/winston/Documents/projects/laravel-article-cms-Rest-API/vendor/laravel/framework/src/Illuminate/Routing/Router.php(808): Illuminate\\Routing\\Route->run()
#19 /home/winston/Documents/projects/laravel-article-cms-Rest-API/vendor/laravel/framework/src/Illuminate/Pipeline/Pipeline.php(170): Illuminate\\Routing\\Router->{closure:Illuminate\\Routing\\Router::runRouteWithinStack():807}()
#20 /home/winston/Documents/projects/laravel-article-cms-Rest-API/vendor/laravel/framework/src/Illuminate/Routing/Middleware/SubstituteBindings.php(51): Illuminate\\Pipeline\\Pipeline->{closure:Illuminate\\Pipeline\\Pipeline::prepareDestination():168}()
#21 /home/winston/Documents/projects/laravel-article-cms-Rest-API/vendor/laravel/framework/src/Illuminate/Pipeline/Pipeline.php(209): Illuminate\\Routing\\Middleware\\SubstituteBindings->handle()
#22 /home/winston/Documents/projects/laravel-article-cms-Rest-API/vendor/laravel/sanctum/src/Http/Middleware/EnsureFrontendRequestsAreStateful.php(26): Illuminate\\Pipeline\\Pipeline->{closure:{closure:Illuminate\\Pipeline\\Pipeline::carry():184}:185}()
#23 /home/winston/Documents/projects/laravel-article-cms-Rest-API/vendor/laravel/framework/src/Illuminate/Pipeline/Pipeline.php(170): Laravel\\Sanctum\\Http\\Middleware\\EnsureFrontendRequestsAreStateful->{closure:Laravel\\Sanctum\\Http\\Middleware\\EnsureFrontendRequestsAreStateful::handle():25}()
#24 /home/winston/Documents/projects/laravel-article-cms-Rest-API/vendor/laravel/framework/src/Illuminate/Pipeline/Pipeline.php(127): Illuminate\\Pipeline\\Pipeline->{closure:Illuminate\\Pipeline\\Pipeline::prepareDestination():168}()
#25 /home/winston/Documents/projects/laravel-article-cms-Rest-API/vendor/laravel/sanctum/src/Http/Middleware/EnsureFrontendRequestsAreStateful.php(25): Illuminate\\Pipeline\\Pipeline->then()
#26 /home/winston/Documents/projects/laravel-article-cms-Rest-API/vendor/laravel/framework/src/Illuminate/Pipeline/Pipeline.php(209): Laravel\\Sanctum\\Http\\Middleware\\EnsureFrontendRequestsAreStateful->handle()
#27 /home/winston/Documents/projects/laravel-article-cms-Rest-API/vendor/laravel/framework/src/Illuminate/Pipeline/Pipeline.php(127): Illuminate\\Pipeline\\Pipeline->{closure:{closure:Illuminate\\Pipeline\\Pipeline::carry():184}:185}()
#28 /home/winston/Documents/projects/laravel-article-cms-Rest-API/vendor/laravel/framework/src/Illuminate/Routing/Router.php(807): Illuminate\\Pipeline\\Pipeline->then()
#29 /home/winston/Documents/projects/laravel-article-cms-Rest-API/vendor/laravel/framework/src/Illuminate/Routing/Router.php(786): Illuminate\\Routing\\Router->runRouteWithinStack()
#30 /home/winston/Documents/projects/laravel-article-cms-Rest-API/vendor/laravel/framework/src/Illuminate/Routing/Router.php(750): Illuminate\\Routing\\Router->runRoute()
#31 /home/winston/Documents/projects/laravel-article-cms-Rest-API/vendor/laravel/framework/src/Illuminate/Routing/Router.php(739): Illuminate\\Routing\\Router->dispatchToRoute()
#32 /home/winston/Documents/projects/laravel-article-cms-Rest-API/vendor/laravel/framework/src/Illuminate/Foundation/Http/Kernel.php(201): Illuminate\\Routing\\Router->dispatch()
#33 /home/winston/Documents/projects/laravel-article-cms-Rest-API/vendor/laravel/framework/src/Illuminate/Pipeline/Pipeline.php(170): Illuminate\\Foundation\\Http\\Kernel->{closure:Illuminate\\Foundation\\Http\\Kernel::dispatchToRouter():198}()
#34 /home/winston/Documents/projects/laravel-article-cms-Rest-API/app/Http/Middleware/CorsMiddleware.php(26): Illuminate\\Pipeline\\Pipeline->{closure:Illuminate\\Pipeline\\Pipeline::prepareDestination():168}()
#35 /home/winston/Documents/projects/laravel-article-cms-Rest-API/vendor/laravel/framework/src/Illuminate/Pipeline/Pipeline.php(209): App\\Http\\Middleware\\CorsMiddleware->handle()
#36 /home/winston/Documents/projects/laravel-article-cms-Rest-API/vendor/laravel/framework/src/Illuminate/Foundation/Http/Middleware/TransformsRequest.php(21): Illuminate\\Pipeline\\Pipeline->{closure:{closure:Illuminate\\Pipeline\\Pipeline::carry():184}:185}()
#37 /home/winston/Documents/projects/laravel-article-cms-Rest-API/vendor/laravel/framework/src/Illuminate/Foundation/Http/Middleware/ConvertEmptyStringsToNull.php(31): Illuminate\\Foundation\\Http\\Middleware\\TransformsRequest->handle()
#38 /home/winston/Documents/projects/laravel-article-cms-Rest-API/vendor/laravel/framework/src/Illuminate/Pipeline/Pipeline.php(209): Illuminate\\Foundation\\Http\\Middleware\\ConvertEmptyStringsToNull->handle()
#39 /home/winston/Documents/projects/laravel-article-cms-Rest-API/vendor/laravel/framework/src/Illuminate/Foundation/Http/Middleware/TransformsRequest.php(21): Illuminate\\Pipeline\\Pipeline->{closure:{closure:Illuminate\\Pipeline\\Pipeline::carry():184}:185}()
#40 /home/winston/Documents/projects/laravel-article-cms-Rest-API/vendor/laravel/framework/src/Illuminate/Foundation/Http/Middleware/TrimStrings.php(51): Illuminate\\Foundation\\Http\\Middleware\\TransformsRequest->handle()
#41 /home/winston/Documents/projects/laravel-article-cms-Rest-API/vendor/laravel/framework/src/Illuminate/Pipeline/Pipeline.php(209): Illuminate\\Foundation\\Http\\Middleware\\TrimStrings->handle()
#42 /home/winston/Documents/projects/laravel-article-cms-Rest-API/vendor/laravel/framework/src/Illuminate/Http/Middleware/ValidatePostSize.php(27): Illuminate\\Pipeline\\Pipeline->{closure:{closure:Illuminate\\Pipeline\\Pipeline::carry():184}:185}()
#43 /home/winston/Documents/projects/laravel-article-cms-Rest-API/vendor/laravel/framework/src/Illuminate/Pipeline/Pipeline.php(209): Illuminate\\Http\\Middleware\\ValidatePostSize->handle()
#44 /home/winston/Documents/projects/laravel-article-cms-Rest-API/vendor/laravel/framework/src/Illuminate/Foundation/Http/Middleware/PreventRequestsDuringMaintenance.php(110): Illuminate\\Pipeline\\Pipeline->{closure:{closure:Illuminate\\Pipeline\\Pipeline::carry():184}:185}()
#45 /home/winston/Documents/projects/laravel-article-cms-Rest-API/vendor/laravel/framework/src/Illuminate/Pipeline/Pipeline.php(209): Illuminate\\Foundation\\Http\\Middleware\\PreventRequestsDuringMaintenance->handle()
#46 /home/winston/Documents/projects/laravel-article-cms-Rest-API/vendor/laravel/framework/src/Illuminate/Http/Middleware/HandleCors.php(62): Illuminate\\Pipeline\\Pipeline->{closure:{closure:Illuminate\\Pipeline\\Pipeline::carry():184}:185}()
#47 /home/winston/Documents/projects/laravel-article-cms-Rest-API/vendor/laravel/framework/src/Illuminate/Pipeline/Pipeline.php(209): Illuminate\\Http\\Middleware\\HandleCors->handle()
#48 /home/winston/Documents/projects/laravel-article-cms-Rest-API/vendor/laravel/framework/src/Illuminate/Http/Middleware/TrustProxies.php(58): Illuminate\\Pipeline\\Pipeline->{closure:{closure:Illuminate\\Pipeline\\Pipeline::carry():184}:185}()
#49 /home/winston/Documents/projects/laravel-article-cms-Rest-API/vendor/laravel/framework/src/Illuminate/Pipeline/Pipeline.php(209): Illuminate\\Http\\Middleware\\TrustProxies->handle()
#50 /home/winston/Documents/projects/laravel-article-cms-Rest-API/vendor/laravel/framework/src/Illuminate/Foundation/Http/Middleware/InvokeDeferredCallbacks.php(22): Illuminate\\Pipeline\\Pipeline->{closure:{closure:Illuminate\\Pipeline\\Pipeline::carry():184}:185}()
#51 /home/winston/Documents/projects/laravel-article-cms-Rest-API/vendor/laravel/framework/src/Illuminate/Pipeline/Pipeline.php(209): Illuminate\\Foundation\\Http\\Middleware\\InvokeDeferredCallbacks->handle()
#52 /home/winston/Documents/projects/laravel-article-cms-Rest-API/vendor/laravel/framework/src/Illuminate/Pipeline/Pipeline.php(127): Illuminate\\Pipeline\\Pipeline->{closure:{closure:Illuminate\\Pipeline\\Pipeline::carry():184}:185}()
#53 /home/winston/Documents/projects/laravel-article-cms-Rest-API/vendor/laravel/framework/src/Illuminate/Foundation/Http/Kernel.php(176): Illuminate\\Pipeline\\Pipeline->then()
#54 /home/winston/Documents/projects/laravel-article-cms-Rest-API/vendor/laravel/framework/src/Illuminate/Foundation/Http/Kernel.php(145): Illuminate\\Foundation\\Http\\Kernel->sendRequestThroughRouter()
#55 /home/winston/Documents/projects/laravel-article-cms-Rest-API/public/index.php(21): Illuminate\\Foundation\\Http\\Kernel->handle()
#56 /home/winston/Documents/projects/laravel-article-cms-Rest-API/vendor/laravel/framework/src/Illuminate/Foundation/resources/server.php(23): require_once('...')
#57 {main}

[previous exception] [object] (PDOException(code: 23000): SQLSTATE[23000]: Integrity constraint violation: 1048 Column 'referrer' cannot be null at /home/winston/Documents/projects/laravel-article-cms-Rest-API/vendor/laravel/framework/src/Illuminate/Database/MySqlConnection.php:53)
[stacktrace]
#0 /home/winston/Documents/projects/laravel-article-cms-Rest-API/vendor/laravel/framework/src/Illuminate/Database/MySqlConnection.php(53): PDOStatement->execute()
#1 /home/winston/Documents/projects/laravel-article-cms-Rest-API/vendor/laravel/framework/src/Illuminate/Database/Connection.php(812): Illuminate\\Database\\MySqlConnection->{closure:Illuminate\\Database\\MySqlConnection::insert():42}()
#2 /home/winston/Documents/projects/laravel-article-cms-Rest-API/vendor/laravel/framework/src/Illuminate/Database/Connection.php(779): Illuminate\\Database\\Connection->runQueryCallback()
#3 /home/winston/Documents/projects/laravel-article-cms-Rest-API/vendor/laravel/framework/src/Illuminate/Database/MySqlConnection.php(42): Illuminate\\Database\\Connection->run()
#4 /home/winston/Documents/projects/laravel-article-cms-Rest-API/vendor/laravel/framework/src/Illuminate/Database/Query/Processors/MySqlProcessor.php(35): Illuminate\\Database\\MySqlConnection->insert()
#5 /home/winston/Documents/projects/laravel-article-cms-Rest-API/vendor/laravel/framework/src/Illuminate/Database/Query/Builder.php(3766): Illuminate\\Database\\Query\\Processors\\MySqlProcessor->processInsertGetId()
#6 /home/winston/Documents/projects/laravel-article-cms-Rest-API/vendor/laravel/framework/src/Illuminate/Database/Eloquent/Builder.php(2120): Illuminate\\Database\\Query\\Builder->insertGetId()
#7 /home/winston/Documents/projects/laravel-article-cms-Rest-API/vendor/laravel/framework/src/Illuminate/Database/Eloquent/Model.php(1359): Illuminate\\Database\\Eloquent\\Builder->__call()
#8 /home/winston/Documents/projects/laravel-article-cms-Rest-API/vendor/laravel/framework/src/Illuminate/Database/Eloquent/Model.php(1324): Illuminate\\Database\\Eloquent\\Model->insertAndSetId()
#9 /home/winston/Documents/projects/laravel-article-cms-Rest-API/vendor/laravel/framework/src/Illuminate/Database/Eloquent/Model.php(1163): Illuminate\\Database\\Eloquent\\Model->performInsert()
#10 /home/winston/Documents/projects/laravel-article-cms-Rest-API/vendor/laravel/framework/src/Illuminate/Database/Eloquent/Builder.php(1128): Illuminate\\Database\\Eloquent\\Model->save()
#11 /home/winston/Documents/projects/laravel-article-cms-Rest-API/vendor/laravel/framework/src/Illuminate/Support/helpers.php(399): Illuminate\\Database\\Eloquent\\Builder->{closure:Illuminate\\Database\\Eloquent\\Builder::create():1127}()
#12 /home/winston/Documents/projects/laravel-article-cms-Rest-API/vendor/laravel/framework/src/Illuminate/Database/Eloquent/Builder.php(1127): tap()
#13 /home/winston/Documents/projects/laravel-article-cms-Rest-API/vendor/laravel/framework/src/Illuminate/Support/Traits/ForwardsCalls.php(23): Illuminate\\Database\\Eloquent\\Builder->create()
#14 /home/winston/Documents/projects/laravel-article-cms-Rest-API/vendor/laravel/framework/src/Illuminate/Database/Eloquent/Model.php(2372): Illuminate\\Database\\Eloquent\\Model->forwardCallTo()
#15 /home/winston/Documents/projects/laravel-article-cms-Rest-API/vendor/laravel/framework/src/Illuminate/Database/Eloquent/Model.php(2384): Illuminate\\Database\\Eloquent\\Model->__call()
#16 /home/winston/Documents/projects/laravel-article-cms-Rest-API/app/Http/Controllers/AnalyticsController.php(32): Illuminate\\Database\\Eloquent\\Model::__callStatic()
#17 /home/winston/Documents/projects/laravel-article-cms-Rest-API/vendor/laravel/framework/src/Illuminate/Routing/ControllerDispatcher.php(47): App\\Http\\Controllers\\AnalyticsController->store()
#18 /home/winston/Documents/projects/laravel-article-cms-Rest-API/vendor/laravel/framework/src/Illuminate/Routing/Route.php(266): Illuminate\\Routing\\ControllerDispatcher->dispatch()
#19 /home/winston/Documents/projects/laravel-article-cms-Rest-API/vendor/laravel/framework/src/Illuminate/Routing/Route.php(212): Illuminate\\Routing\\Route->runController()
#20 /home/winston/Documents/projects/laravel-article-cms-Rest-API/vendor/laravel/framework/src/Illuminate/Routing/Router.php(808): Illuminate\\Routing\\Route->run()
#21 /home/winston/Documents/projects/laravel-article-cms-Rest-API/vendor/laravel/framework/src/Illuminate/Pipeline/Pipeline.php(170): Illuminate\\Routing\\Router->{closure:Illuminate\\Routing\\Router::runRouteWithinStack():807}()
#22 /home/winston/Documents/projects/laravel-article-cms-Rest-API/vendor/laravel/framework/src/Illuminate/Routing/Middleware/SubstituteBindings.php(51): Illuminate\\Pipeline\\Pipeline->{closure:Illuminate\\Pipeline\\Pipeline::prepareDestination():168}()
#23 /home/winston/Documents/projects/laravel-article-cms-Rest-API/vendor/laravel/framework/src/Illuminate/Pipeline/Pipeline.php(209): Illuminate\\Routing\\Middleware\\SubstituteBindings->handle()
#24 /home/winston/Documents/projects/laravel-article-cms-Rest-API/vendor/laravel/sanctum/src/Http/Middleware/EnsureFrontendRequestsAreStateful.php(26): Illuminate\\Pipeline\\Pipeline->{closure:{closure:Illuminate\\Pipeline\\Pipeline::carry():184}:185}()
#25 /home/winston/Documents/projects/laravel-article-cms-Rest-API/vendor/laravel/framework/src/Illuminate/Pipeline/Pipeline.php(170): Laravel\\Sanctum\\Http\\Middleware\\EnsureFrontendRequestsAreStateful->{closure:Laravel\\Sanctum\\Http\\Middleware\\EnsureFrontendRequestsAreStateful::handle():25}()
#26 /home/winston/Documents/projects/laravel-article-cms-Rest-API/vendor/laravel/framework/src/Illuminate/Pipeline/Pipeline.php(127): Illuminate\\Pipeline\\Pipeline->{closure:Illuminate\\Pipeline\\Pipeline::prepareDestination():168}()
#27 /home/winston/Documents/projects/laravel-article-cms-Rest-API/vendor/laravel/sanctum/src/Http/Middleware/EnsureFrontendRequestsAreStateful.php(25): Illuminate\\Pipeline\\Pipeline->then()
#28 /home/winston/Documents/projects/laravel-article-cms-Rest-API/vendor/laravel/framework/src/Illuminate/Pipeline/Pipeline.php(209): Laravel\\Sanctum\\Http\\Middleware\\EnsureFrontendRequestsAreStateful->handle()
#29 /home/winston/Documents/projects/laravel-article-cms-Rest-API/vendor/laravel/framework/src/Illuminate/Pipeline/Pipeline.php(127): Illuminate\\Pipeline\\Pipeline->{closure:{closure:Illuminate\\Pipeline\\Pipeline::carry():184}:185}()
#30 /home/winston/Documents/projects/laravel-article-cms-Rest-API/vendor/laravel/framework/src/Illuminate/Routing/Router.php(807): Illuminate\\Pipeline\\Pipeline->then()
#31 /home/winston/Documents/projects/laravel-article-cms-Rest-API/vendor/laravel/framework/src/Illuminate/Routing/Router.php(786): Illuminate\\Routing\\Router->runRouteWithinStack()
#32 /home/winston/Documents/projects/laravel-article-cms-Rest-API/vendor/laravel/framework/src/Illuminate/Routing/Router.php(750): Illuminate\\Routing\\Router->runRoute()
#33 /home/winston/Documents/projects/laravel-article-cms-Rest-API/vendor/laravel/framework/src/Illuminate/Routing/Router.php(739): Illuminate\\Routing\\Router->dispatchToRoute()
#34 /home/winston/Documents/projects/laravel-article-cms-Rest-API/vendor/laravel/framework/src/Illuminate/Foundation/Http/Kernel.php(201): Illuminate\\Routing\\Router->dispatch()
#35 /home/winston/Documents/projects/laravel-article-cms-Rest-API/vendor/laravel/framework/src/Illuminate/Pipeline/Pipeline.php(170): Illuminate\\Foundation\\Http\\Kernel->{closure:Illuminate\\Foundation\\Http\\Kernel::dispatchToRouter():198}()
#36 /home/winston/Documents/projects/laravel-article-cms-Rest-API/app/Http/Middleware/CorsMiddleware.php(26): Illuminate\\Pipeline\\Pipeline->{closure:Illuminate\\Pipeline\\Pipeline::prepareDestination():168}()
#37 /home/winston/Documents/projects/laravel-article-cms-Rest-API/vendor/laravel/framework/src/Illuminate/Pipeline/Pipeline.php(209): App\\Http\\Middleware\\CorsMiddleware->handle()
#38 /home/winston/Documents/projects/laravel-article-cms-Rest-API/vendor/laravel/framework/src/Illuminate/Foundation/Http/Middleware/TransformsRequest.php(21): Illuminate\\Pipeline\\Pipeline->{closure:{closure:Illuminate\\Pipeline\\Pipeline::carry():184}:185}()
#39 /home/winston/Documents/projects/laravel-article-cms-Rest-API/vendor/laravel/framework/src/Illuminate/Foundation/Http/Middleware/ConvertEmptyStringsToNull.php(31): Illuminate\\Foundation\\Http\\Middleware\\TransformsRequest->handle()
#40 /home/winston/Documents/projects/laravel-article-cms-Rest-API/vendor/laravel/framework/src/Illuminate/Pipeline/Pipeline.php(209): Illuminate\\Foundation\\Http\\Middleware\\ConvertEmptyStringsToNull->handle()
#41 /home/winston/Documents/projects/laravel-article-cms-Rest-API/vendor/laravel/framework/src/Illuminate/Foundation/Http/Middleware/TransformsRequest.php(21): Illuminate\\Pipeline\\Pipeline->{closure:{closure:Illuminate\\Pipeline\\Pipeline::carry():184}:185}()
#42 /home/winston/Documents/projects/laravel-article-cms-Rest-API/vendor/laravel/framework/src/Illuminate/Foundation/Http/Middleware/TrimStrings.php(51): Illuminate\\Foundation\\Http\\Middleware\\TransformsRequest->handle()
#43 /home/winston/Documents/projects/laravel-article-cms-Rest-API/vendor/laravel/framework/src/Illuminate/Pipeline/Pipeline.php(209): Illuminate\\Foundation\\Http\\Middleware\\TrimStrings->handle()
#44 /home/winston/Documents/projects/laravel-article-cms-Rest-API/vendor/laravel/framework/src/Illuminate/Http/Middleware/ValidatePostSize.php(27): Illuminate\\Pipeline\\Pipeline->{closure:{closure:Illuminate\\Pipeline\\Pipeline::carry():184}:185}()
#45 /home/winston/Documents/projects/laravel-article-cms-Rest-API/vendor/laravel/framework/src/Illuminate/Pipeline/Pipeline.php(209): Illuminate\\Http\\Middleware\\ValidatePostSize->handle()
#46 /home/winston/Documents/projects/laravel-article-cms-Rest-API/vendor/laravel/framework/src/Illuminate/Foundation/Http/Middleware/PreventRequestsDuringMaintenance.php(110): Illuminate\\Pipeline\\Pipeline->{closure:{closure:Illuminate\\Pipeline\\Pipeline::carry():184}:185}()
#47 /home/winston/Documents/projects/laravel-article-cms-Rest-API/vendor/laravel/framework/src/Illuminate/Pipeline/Pipeline.php(209): Illuminate\\Foundation\\Http\\Middleware\\PreventRequestsDuringMaintenance->handle()
#48 /home/winston/Documents/projects/laravel-article-cms-Rest-API/vendor/laravel/framework/src/Illuminate/Http/Middleware/HandleCors.php(62): Illuminate\\Pipeline\\Pipeline->{closure:{closure:Illuminate\\Pipeline\\Pipeline::carry():184}:185}()
#49 /home/winston/Documents/projects/laravel-article-cms-Rest-API/vendor/laravel/framework/src/Illuminate/Pipeline/Pipeline.php(209): Illuminate\\Http\\Middleware\\HandleCors->handle()
#50 /home/winston/Documents/projects/laravel-article-cms-Rest-API/vendor/laravel/framework/src/Illuminate/Http/Middleware/TrustProxies.php(58): Illuminate\\Pipeline\\Pipeline->{closure:{closure:Illuminate\\Pipeline\\Pipeline::carry():184}:185}()
#51 /home/winston/Documents/projects/laravel-article-cms-Rest-API/vendor/laravel/framework/src/Illuminate/Pipeline/Pipeline.php(209): Illuminate\\Http\\Middleware\\TrustProxies->handle()
#52 /home/winston/Documents/projects/laravel-article-cms-Rest-API/vendor/laravel/framework/src/Illuminate/Foundation/Http/Middleware/InvokeDeferredCallbacks.php(22): Illuminate\\Pipeline\\Pipeline->{closure:{closure:Illuminate\\Pipeline\\Pipeline::carry():184}:185}()
#53 /home/winston/Documents/projects/laravel-article-cms-Rest-API/vendor/laravel/framework/src/Illuminate/Pipeline/Pipeline.php(209): Illuminate\\Foundation\\Http\\Middleware\\InvokeDeferredCallbacks->handle()
#54 /home/winston/Documents/projects/laravel-article-cms-Rest-API/vendor/laravel/framework/src/Illuminate/Pipeline/Pipeline.php(127): Illuminate\\Pipeline\\Pipeline->{closure:{closure:Illuminate\\Pipeline\\Pipeline::carry():184}:185}()
#55 /home/winston/Documents/projects/laravel-article-cms-Rest-API/vendor/laravel/framework/src/Illuminate/Foundation/Http/Kernel.php(176): Illuminate\\Pipeline\\Pipeline->then()
#56 /home/winston/Documents/projects/laravel-article-cms-Rest-API/vendor/laravel/framework/src/Illuminate/Foundation/Http/Kernel.php(145): Illuminate\\Foundation\\Http\\Kernel->sendRequestThroughRouter()
#57 /home/winston/Documents/projects/laravel-article-cms-Rest-API/public/index.php(21): Illuminate\\Foundation\\Http\\Kernel->handle()
#58 /home/winston/Documents/projects/laravel-article-cms-Rest-API/vendor/laravel/framework/src/Illuminate/Foundation/resources/server.php(23): require_once('...')
#59 {main}
"} 
[2025-06-14 07:39:05] local.INFO: Request Origin: http://localhost:3000  
[2025-06-14 07:39:36] local.INFO: Request Origin: http://localhost:3000  
[2025-06-14 07:39:36] local.ERROR: SQLSTATE[23000]: Integrity constraint violation: 1048 Column 'referrer' cannot be null (Connection: mysql, SQL: insert into `analytics` (`eventType`, `url`, `path`, `referrer`, `timestamp`, `userId`, `browserName`, `browserVersion`, `os`, `deviceType`, `deviceVendor`, `deviceModel`, `cpuArchitecture`, `isArmCpu`, `isMobile`, `screenWidth`, `screenHeight`, `language`, `timezone`, `connectionType`, `updated_at`, `created_at`) values (pageview, http://localhost:3000/article/article-title-17, /article/article-title-17, ?, 2025-06-14T07:39:36.210Z, ?, Firefox, 139.0, Linux, desktop, unknown, unknown, amd64, 0, 0, 1920, 1080, en-US, Africa/Nouakchott, unknown, 2025-06-14 07:39:36, 2025-06-14 07:39:36)) {"exception":"[object] (Illuminate\\Database\\QueryException(code: 23000): SQLSTATE[23000]: Integrity constraint violation: 1048 Column 'referrer' cannot be null (Connection: mysql, SQL: insert into `analytics` (`eventType`, `url`, `path`, `referrer`, `timestamp`, `userId`, `browserName`, `browserVersion`, `os`, `deviceType`, `deviceVendor`, `deviceModel`, `cpuArchitecture`, `isArmCpu`, `isMobile`, `screenWidth`, `screenHeight`, `language`, `timezone`, `connectionType`, `updated_at`, `created_at`) values (pageview, http://localhost:3000/article/article-title-17, /article/article-title-17, ?, 2025-06-14T07:39:36.210Z, ?, Firefox, 139.0, Linux, desktop, unknown, unknown, amd64, 0, 0, 1920, 1080, en-US, Africa/Nouakchott, unknown, 2025-06-14 07:39:36, 2025-06-14 07:39:36)) at /home/winston/Documents/projects/laravel-article-cms-Rest-API/vendor/laravel/framework/src/Illuminate/Database/Connection.php:825)
[stacktrace]
#0 /home/winston/Documents/projects/laravel-article-cms-Rest-API/vendor/laravel/framework/src/Illuminate/Database/Connection.php(779): Illuminate\\Database\\Connection->runQueryCallback()
#1 /home/winston/Documents/projects/laravel-article-cms-Rest-API/vendor/laravel/framework/src/Illuminate/Database/MySqlConnection.php(42): Illuminate\\Database\\Connection->run()
#2 /home/winston/Documents/projects/laravel-article-cms-Rest-API/vendor/laravel/framework/src/Illuminate/Database/Query/Processors/MySqlProcessor.php(35): Illuminate\\Database\\MySqlConnection->insert()
#3 /home/winston/Documents/projects/laravel-article-cms-Rest-API/vendor/laravel/framework/src/Illuminate/Database/Query/Builder.php(3766): Illuminate\\Database\\Query\\Processors\\MySqlProcessor->processInsertGetId()
#4 /home/winston/Documents/projects/laravel-article-cms-Rest-API/vendor/laravel/framework/src/Illuminate/Database/Eloquent/Builder.php(2120): Illuminate\\Database\\Query\\Builder->insertGetId()
#5 /home/winston/Documents/projects/laravel-article-cms-Rest-API/vendor/laravel/framework/src/Illuminate/Database/Eloquent/Model.php(1359): Illuminate\\Database\\Eloquent\\Builder->__call()
#6 /home/winston/Documents/projects/laravel-article-cms-Rest-API/vendor/laravel/framework/src/Illuminate/Database/Eloquent/Model.php(1324): Illuminate\\Database\\Eloquent\\Model->insertAndSetId()
#7 /home/winston/Documents/projects/laravel-article-cms-Rest-API/vendor/laravel/framework/src/Illuminate/Database/Eloquent/Model.php(1163): Illuminate\\Database\\Eloquent\\Model->performInsert()
#8 /home/winston/Documents/projects/laravel-article-cms-Rest-API/vendor/laravel/framework/src/Illuminate/Database/Eloquent/Builder.php(1128): Illuminate\\Database\\Eloquent\\Model->save()
#9 /home/winston/Documents/projects/laravel-article-cms-Rest-API/vendor/laravel/framework/src/Illuminate/Support/helpers.php(399): Illuminate\\Database\\Eloquent\\Builder->{closure:Illuminate\\Database\\Eloquent\\Builder::create():1127}()
#10 /home/winston/Documents/projects/laravel-article-cms-Rest-API/vendor/laravel/framework/src/Illuminate/Database/Eloquent/Builder.php(1127): tap()
#11 /home/winston/Documents/projects/laravel-article-cms-Rest-API/vendor/laravel/framework/src/Illuminate/Support/Traits/ForwardsCalls.php(23): Illuminate\\Database\\Eloquent\\Builder->create()
#12 /home/winston/Documents/projects/laravel-article-cms-Rest-API/vendor/laravel/framework/src/Illuminate/Database/Eloquent/Model.php(2372): Illuminate\\Database\\Eloquent\\Model->forwardCallTo()
#13 /home/winston/Documents/projects/laravel-article-cms-Rest-API/vendor/laravel/framework/src/Illuminate/Database/Eloquent/Model.php(2384): Illuminate\\Database\\Eloquent\\Model->__call()
#14 /home/winston/Documents/projects/laravel-article-cms-Rest-API/app/Http/Controllers/AnalyticsController.php(32): Illuminate\\Database\\Eloquent\\Model::__callStatic()
#15 /home/winston/Documents/projects/laravel-article-cms-Rest-API/vendor/laravel/framework/src/Illuminate/Routing/ControllerDispatcher.php(47): App\\Http\\Controllers\\AnalyticsController->store()
#16 /home/winston/Documents/projects/laravel-article-cms-Rest-API/vendor/laravel/framework/src/Illuminate/Routing/Route.php(266): Illuminate\\Routing\\ControllerDispatcher->dispatch()
#17 /home/winston/Documents/projects/laravel-article-cms-Rest-API/vendor/laravel/framework/src/Illuminate/Routing/Route.php(212): Illuminate\\Routing\\Route->runController()
#18 /home/winston/Documents/projects/laravel-article-cms-Rest-API/vendor/laravel/framework/src/Illuminate/Routing/Router.php(808): Illuminate\\Routing\\Route->run()
#19 /home/winston/Documents/projects/laravel-article-cms-Rest-API/vendor/laravel/framework/src/Illuminate/Pipeline/Pipeline.php(170): Illuminate\\Routing\\Router->{closure:Illuminate\\Routing\\Router::runRouteWithinStack():807}()
#20 /home/winston/Documents/projects/laravel-article-cms-Rest-API/vendor/laravel/framework/src/Illuminate/Routing/Middleware/SubstituteBindings.php(51): Illuminate\\Pipeline\\Pipeline->{closure:Illuminate\\Pipeline\\Pipeline::prepareDestination():168}()
#21 /home/winston/Documents/projects/laravel-article-cms-Rest-API/vendor/laravel/framework/src/Illuminate/Pipeline/Pipeline.php(209): Illuminate\\Routing\\Middleware\\SubstituteBindings->handle()
#22 /home/winston/Documents/projects/laravel-article-cms-Rest-API/vendor/laravel/sanctum/src/Http/Middleware/EnsureFrontendRequestsAreStateful.php(26): Illuminate\\Pipeline\\Pipeline->{closure:{closure:Illuminate\\Pipeline\\Pipeline::carry():184}:185}()
#23 /home/winston/Documents/projects/laravel-article-cms-Rest-API/vendor/laravel/framework/src/Illuminate/Pipeline/Pipeline.php(170): Laravel\\Sanctum\\Http\\Middleware\\EnsureFrontendRequestsAreStateful->{closure:Laravel\\Sanctum\\Http\\Middleware\\EnsureFrontendRequestsAreStateful::handle():25}()
#24 /home/winston/Documents/projects/laravel-article-cms-Rest-API/vendor/laravel/framework/src/Illuminate/Pipeline/Pipeline.php(127): Illuminate\\Pipeline\\Pipeline->{closure:Illuminate\\Pipeline\\Pipeline::prepareDestination():168}()
#25 /home/winston/Documents/projects/laravel-article-cms-Rest-API/vendor/laravel/sanctum/src/Http/Middleware/EnsureFrontendRequestsAreStateful.php(25): Illuminate\\Pipeline\\Pipeline->then()
#26 /home/winston/Documents/projects/laravel-article-cms-Rest-API/vendor/laravel/framework/src/Illuminate/Pipeline/Pipeline.php(209): Laravel\\Sanctum\\Http\\Middleware\\EnsureFrontendRequestsAreStateful->handle()
#27 /home/winston/Documents/projects/laravel-article-cms-Rest-API/vendor/laravel/framework/src/Illuminate/Pipeline/Pipeline.php(127): Illuminate\\Pipeline\\Pipeline->{closure:{closure:Illuminate\\Pipeline\\Pipeline::carry():184}:185}()
#28 /home/winston/Documents/projects/laravel-article-cms-Rest-API/vendor/laravel/framework/src/Illuminate/Routing/Router.php(807): Illuminate\\Pipeline\\Pipeline->then()
#29 /home/winston/Documents/projects/laravel-article-cms-Rest-API/vendor/laravel/framework/src/Illuminate/Routing/Router.php(786): Illuminate\\Routing\\Router->runRouteWithinStack()
#30 /home/winston/Documents/projects/laravel-article-cms-Rest-API/vendor/laravel/framework/src/Illuminate/Routing/Router.php(750): Illuminate\\Routing\\Router->runRoute()
#31 /home/winston/Documents/projects/laravel-article-cms-Rest-API/vendor/laravel/framework/src/Illuminate/Routing/Router.php(739): Illuminate\\Routing\\Router->dispatchToRoute()
#32 /home/winston/Documents/projects/laravel-article-cms-Rest-API/vendor/laravel/framework/src/Illuminate/Foundation/Http/Kernel.php(201): Illuminate\\Routing\\Router->dispatch()
#33 /home/winston/Documents/projects/laravel-article-cms-Rest-API/vendor/laravel/framework/src/Illuminate/Pipeline/Pipeline.php(170): Illuminate\\Foundation\\Http\\Kernel->{closure:Illuminate\\Foundation\\Http\\Kernel::dispatchToRouter():198}()
#34 /home/winston/Documents/projects/laravel-article-cms-Rest-API/app/Http/Middleware/CorsMiddleware.php(26): Illuminate\\Pipeline\\Pipeline->{closure:Illuminate\\Pipeline\\Pipeline::prepareDestination():168}()
#35 /home/winston/Documents/projects/laravel-article-cms-Rest-API/vendor/laravel/framework/src/Illuminate/Pipeline/Pipeline.php(209): App\\Http\\Middleware\\CorsMiddleware->handle()
#36 /home/winston/Documents/projects/laravel-article-cms-Rest-API/vendor/laravel/framework/src/Illuminate/Foundation/Http/Middleware/TransformsRequest.php(21): Illuminate\\Pipeline\\Pipeline->{closure:{closure:Illuminate\\Pipeline\\Pipeline::carry():184}:185}()
#37 /home/winston/Documents/projects/laravel-article-cms-Rest-API/vendor/laravel/framework/src/Illuminate/Foundation/Http/Middleware/ConvertEmptyStringsToNull.php(31): Illuminate\\Foundation\\Http\\Middleware\\TransformsRequest->handle()
#38 /home/winston/Documents/projects/laravel-article-cms-Rest-API/vendor/laravel/framework/src/Illuminate/Pipeline/Pipeline.php(209): Illuminate\\Foundation\\Http\\Middleware\\ConvertEmptyStringsToNull->handle()
#39 /home/winston/Documents/projects/laravel-article-cms-Rest-API/vendor/laravel/framework/src/Illuminate/Foundation/Http/Middleware/TransformsRequest.php(21): Illuminate\\Pipeline\\Pipeline->{closure:{closure:Illuminate\\Pipeline\\Pipeline::carry():184}:185}()
#40 /home/winston/Documents/projects/laravel-article-cms-Rest-API/vendor/laravel/framework/src/Illuminate/Foundation/Http/Middleware/TrimStrings.php(51): Illuminate\\Foundation\\Http\\Middleware\\TransformsRequest->handle()
#41 /home/winston/Documents/projects/laravel-article-cms-Rest-API/vendor/laravel/framework/src/Illuminate/Pipeline/Pipeline.php(209): Illuminate\\Foundation\\Http\\Middleware\\TrimStrings->handle()
#42 /home/winston/Documents/projects/laravel-article-cms-Rest-API/vendor/laravel/framework/src/Illuminate/Http/Middleware/ValidatePostSize.php(27): Illuminate\\Pipeline\\Pipeline->{closure:{closure:Illuminate\\Pipeline\\Pipeline::carry():184}:185}()
#43 /home/winston/Documents/projects/laravel-article-cms-Rest-API/vendor/laravel/framework/src/Illuminate/Pipeline/Pipeline.php(209): Illuminate\\Http\\Middleware\\ValidatePostSize->handle()
#44 /home/winston/Documents/projects/laravel-article-cms-Rest-API/vendor/laravel/framework/src/Illuminate/Foundation/Http/Middleware/PreventRequestsDuringMaintenance.php(110): Illuminate\\Pipeline\\Pipeline->{closure:{closure:Illuminate\\Pipeline\\Pipeline::carry():184}:185}()
#45 /home/winston/Documents/projects/laravel-article-cms-Rest-API/vendor/laravel/framework/src/Illuminate/Pipeline/Pipeline.php(209): Illuminate\\Foundation\\Http\\Middleware\\PreventRequestsDuringMaintenance->handle()
#46 /home/winston/Documents/projects/laravel-article-cms-Rest-API/vendor/laravel/framework/src/Illuminate/Http/Middleware/HandleCors.php(62): Illuminate\\Pipeline\\Pipeline->{closure:{closure:Illuminate\\Pipeline\\Pipeline::carry():184}:185}()
#47 /home/winston/Documents/projects/laravel-article-cms-Rest-API/vendor/laravel/framework/src/Illuminate/Pipeline/Pipeline.php(209): Illuminate\\Http\\Middleware\\HandleCors->handle()
#48 /home/winston/Documents/projects/laravel-article-cms-Rest-API/vendor/laravel/framework/src/Illuminate/Http/Middleware/TrustProxies.php(58): Illuminate\\Pipeline\\Pipeline->{closure:{closure:Illuminate\\Pipeline\\Pipeline::carry():184}:185}()
#49 /home/winston/Documents/projects/laravel-article-cms-Rest-API/vendor/laravel/framework/src/Illuminate/Pipeline/Pipeline.php(209): Illuminate\\Http\\Middleware\\TrustProxies->handle()
#50 /home/winston/Documents/projects/laravel-article-cms-Rest-API/vendor/laravel/framework/src/Illuminate/Foundation/Http/Middleware/InvokeDeferredCallbacks.php(22): Illuminate\\Pipeline\\Pipeline->{closure:{closure:Illuminate\\Pipeline\\Pipeline::carry():184}:185}()
#51 /home/winston/Documents/projects/laravel-article-cms-Rest-API/vendor/laravel/framework/src/Illuminate/Pipeline/Pipeline.php(209): Illuminate\\Foundation\\Http\\Middleware\\InvokeDeferredCallbacks->handle()
#52 /home/winston/Documents/projects/laravel-article-cms-Rest-API/vendor/laravel/framework/src/Illuminate/Pipeline/Pipeline.php(127): Illuminate\\Pipeline\\Pipeline->{closure:{closure:Illuminate\\Pipeline\\Pipeline::carry():184}:185}()
#53 /home/winston/Documents/projects/laravel-article-cms-Rest-API/vendor/laravel/framework/src/Illuminate/Foundation/Http/Kernel.php(176): Illuminate\\Pipeline\\Pipeline->then()
#54 /home/winston/Documents/projects/laravel-article-cms-Rest-API/vendor/laravel/framework/src/Illuminate/Foundation/Http/Kernel.php(145): Illuminate\\Foundation\\Http\\Kernel->sendRequestThroughRouter()
#55 /home/winston/Documents/projects/laravel-article-cms-Rest-API/public/index.php(21): Illuminate\\Foundation\\Http\\Kernel->handle()
#56 /home/winston/Documents/projects/laravel-article-cms-Rest-API/vendor/laravel/framework/src/Illuminate/Foundation/resources/server.php(23): require_once('...')
#57 {main}

[previous exception] [object] (PDOException(code: 23000): SQLSTATE[23000]: Integrity constraint violation: 1048 Column 'referrer' cannot be null at /home/winston/Documents/projects/laravel-article-cms-Rest-API/vendor/laravel/framework/src/Illuminate/Database/MySqlConnection.php:53)
[stacktrace]
#0 /home/winston/Documents/projects/laravel-article-cms-Rest-API/vendor/laravel/framework/src/Illuminate/Database/MySqlConnection.php(53): PDOStatement->execute()
#1 /home/winston/Documents/projects/laravel-article-cms-Rest-API/vendor/laravel/framework/src/Illuminate/Database/Connection.php(812): Illuminate\\Database\\MySqlConnection->{closure:Illuminate\\Database\\MySqlConnection::insert():42}()
#2 /home/winston/Documents/projects/laravel-article-cms-Rest-API/vendor/laravel/framework/src/Illuminate/Database/Connection.php(779): Illuminate\\Database\\Connection->runQueryCallback()
#3 /home/winston/Documents/projects/laravel-article-cms-Rest-API/vendor/laravel/framework/src/Illuminate/Database/MySqlConnection.php(42): Illuminate\\Database\\Connection->run()
#4 /home/winston/Documents/projects/laravel-article-cms-Rest-API/vendor/laravel/framework/src/Illuminate/Database/Query/Processors/MySqlProcessor.php(35): Illuminate\\Database\\MySqlConnection->insert()
#5 /home/winston/Documents/projects/laravel-article-cms-Rest-API/vendor/laravel/framework/src/Illuminate/Database/Query/Builder.php(3766): Illuminate\\Database\\Query\\Processors\\MySqlProcessor->processInsertGetId()
#6 /home/winston/Documents/projects/laravel-article-cms-Rest-API/vendor/laravel/framework/src/Illuminate/Database/Eloquent/Builder.php(2120): Illuminate\\Database\\Query\\Builder->insertGetId()
#7 /home/winston/Documents/projects/laravel-article-cms-Rest-API/vendor/laravel/framework/src/Illuminate/Database/Eloquent/Model.php(1359): Illuminate\\Database\\Eloquent\\Builder->__call()
#8 /home/winston/Documents/projects/laravel-article-cms-Rest-API/vendor/laravel/framework/src/Illuminate/Database/Eloquent/Model.php(1324): Illuminate\\Database\\Eloquent\\Model->insertAndSetId()
#9 /home/winston/Documents/projects/laravel-article-cms-Rest-API/vendor/laravel/framework/src/Illuminate/Database/Eloquent/Model.php(1163): Illuminate\\Database\\Eloquent\\Model->performInsert()
#10 /home/winston/Documents/projects/laravel-article-cms-Rest-API/vendor/laravel/framework/src/Illuminate/Database/Eloquent/Builder.php(1128): Illuminate\\Database\\Eloquent\\Model->save()
#11 /home/winston/Documents/projects/laravel-article-cms-Rest-API/vendor/laravel/framework/src/Illuminate/Support/helpers.php(399): Illuminate\\Database\\Eloquent\\Builder->{closure:Illuminate\\Database\\Eloquent\\Builder::create():1127}()
#12 /home/winston/Documents/projects/laravel-article-cms-Rest-API/vendor/laravel/framework/src/Illuminate/Database/Eloquent/Builder.php(1127): tap()
#13 /home/winston/Documents/projects/laravel-article-cms-Rest-API/vendor/laravel/framework/src/Illuminate/Support/Traits/ForwardsCalls.php(23): Illuminate\\Database\\Eloquent\\Builder->create()
#14 /home/winston/Documents/projects/laravel-article-cms-Rest-API/vendor/laravel/framework/src/Illuminate/Database/Eloquent/Model.php(2372): Illuminate\\Database\\Eloquent\\Model->forwardCallTo()
#15 /home/winston/Documents/projects/laravel-article-cms-Rest-API/vendor/laravel/framework/src/Illuminate/Database/Eloquent/Model.php(2384): Illuminate\\Database\\Eloquent\\Model->__call()
#16 /home/winston/Documents/projects/laravel-article-cms-Rest-API/app/Http/Controllers/AnalyticsController.php(32): Illuminate\\Database\\Eloquent\\Model::__callStatic()
#17 /home/winston/Documents/projects/laravel-article-cms-Rest-API/vendor/laravel/framework/src/Illuminate/Routing/ControllerDispatcher.php(47): App\\Http\\Controllers\\AnalyticsController->store()
#18 /home/winston/Documents/projects/laravel-article-cms-Rest-API/vendor/laravel/framework/src/Illuminate/Routing/Route.php(266): Illuminate\\Routing\\ControllerDispatcher->dispatch()
#19 /home/winston/Documents/projects/laravel-article-cms-Rest-API/vendor/laravel/framework/src/Illuminate/Routing/Route.php(212): Illuminate\\Routing\\Route->runController()
#20 /home/winston/Documents/projects/laravel-article-cms-Rest-API/vendor/laravel/framework/src/Illuminate/Routing/Router.php(808): Illuminate\\Routing\\Route->run()
#21 /home/winston/Documents/projects/laravel-article-cms-Rest-API/vendor/laravel/framework/src/Illuminate/Pipeline/Pipeline.php(170): Illuminate\\Routing\\Router->{closure:Illuminate\\Routing\\Router::runRouteWithinStack():807}()
#22 /home/winston/Documents/projects/laravel-article-cms-Rest-API/vendor/laravel/framework/src/Illuminate/Routing/Middleware/SubstituteBindings.php(51): Illuminate\\Pipeline\\Pipeline->{closure:Illuminate\\Pipeline\\Pipeline::prepareDestination():168}()
#23 /home/winston/Documents/projects/laravel-article-cms-Rest-API/vendor/laravel/framework/src/Illuminate/Pipeline/Pipeline.php(209): Illuminate\\Routing\\Middleware\\SubstituteBindings->handle()
#24 /home/winston/Documents/projects/laravel-article-cms-Rest-API/vendor/laravel/sanctum/src/Http/Middleware/EnsureFrontendRequestsAreStateful.php(26): Illuminate\\Pipeline\\Pipeline->{closure:{closure:Illuminate\\Pipeline\\Pipeline::carry():184}:185}()
#25 /home/winston/Documents/projects/laravel-article-cms-Rest-API/vendor/laravel/framework/src/Illuminate/Pipeline/Pipeline.php(170): Laravel\\Sanctum\\Http\\Middleware\\EnsureFrontendRequestsAreStateful->{closure:Laravel\\Sanctum\\Http\\Middleware\\EnsureFrontendRequestsAreStateful::handle():25}()
#26 /home/winston/Documents/projects/laravel-article-cms-Rest-API/vendor/laravel/framework/src/Illuminate/Pipeline/Pipeline.php(127): Illuminate\\Pipeline\\Pipeline->{closure:Illuminate\\Pipeline\\Pipeline::prepareDestination():168}()
#27 /home/winston/Documents/projects/laravel-article-cms-Rest-API/vendor/laravel/sanctum/src/Http/Middleware/EnsureFrontendRequestsAreStateful.php(25): Illuminate\\Pipeline\\Pipeline->then()
#28 /home/winston/Documents/projects/laravel-article-cms-Rest-API/vendor/laravel/framework/src/Illuminate/Pipeline/Pipeline.php(209): Laravel\\Sanctum\\Http\\Middleware\\EnsureFrontendRequestsAreStateful->handle()
#29 /home/winston/Documents/projects/laravel-article-cms-Rest-API/vendor/laravel/framework/src/Illuminate/Pipeline/Pipeline.php(127): Illuminate\\Pipeline\\Pipeline->{closure:{closure:Illuminate\\Pipeline\\Pipeline::carry():184}:185}()
#30 /home/winston/Documents/projects/laravel-article-cms-Rest-API/vendor/laravel/framework/src/Illuminate/Routing/Router.php(807): Illuminate\\Pipeline\\Pipeline->then()
#31 /home/winston/Documents/projects/laravel-article-cms-Rest-API/vendor/laravel/framework/src/Illuminate/Routing/Router.php(786): Illuminate\\Routing\\Router->runRouteWithinStack()
#32 /home/winston/Documents/projects/laravel-article-cms-Rest-API/vendor/laravel/framework/src/Illuminate/Routing/Router.php(750): Illuminate\\Routing\\Router->runRoute()
#33 /home/winston/Documents/projects/laravel-article-cms-Rest-API/vendor/laravel/framework/src/Illuminate/Routing/Router.php(739): Illuminate\\Routing\\Router->dispatchToRoute()
#34 /home/winston/Documents/projects/laravel-article-cms-Rest-API/vendor/laravel/framework/src/Illuminate/Foundation/Http/Kernel.php(201): Illuminate\\Routing\\Router->dispatch()
#35 /home/winston/Documents/projects/laravel-article-cms-Rest-API/vendor/laravel/framework/src/Illuminate/Pipeline/Pipeline.php(170): Illuminate\\Foundation\\Http\\Kernel->{closure:Illuminate\\Foundation\\Http\\Kernel::dispatchToRouter():198}()
#36 /home/winston/Documents/projects/laravel-article-cms-Rest-API/app/Http/Middleware/CorsMiddleware.php(26): Illuminate\\Pipeline\\Pipeline->{closure:Illuminate\\Pipeline\\Pipeline::prepareDestination():168}()
#37 /home/winston/Documents/projects/laravel-article-cms-Rest-API/vendor/laravel/framework/src/Illuminate/Pipeline/Pipeline.php(209): App\\Http\\Middleware\\CorsMiddleware->handle()
#38 /home/winston/Documents/projects/laravel-article-cms-Rest-API/vendor/laravel/framework/src/Illuminate/Foundation/Http/Middleware/TransformsRequest.php(21): Illuminate\\Pipeline\\Pipeline->{closure:{closure:Illuminate\\Pipeline\\Pipeline::carry():184}:185}()
#39 /home/winston/Documents/projects/laravel-article-cms-Rest-API/vendor/laravel/framework/src/Illuminate/Foundation/Http/Middleware/ConvertEmptyStringsToNull.php(31): Illuminate\\Foundation\\Http\\Middleware\\TransformsRequest->handle()
#40 /home/winston/Documents/projects/laravel-article-cms-Rest-API/vendor/laravel/framework/src/Illuminate/Pipeline/Pipeline.php(209): Illuminate\\Foundation\\Http\\Middleware\\ConvertEmptyStringsToNull->handle()
#41 /home/winston/Documents/projects/laravel-article-cms-Rest-API/vendor/laravel/framework/src/Illuminate/Foundation/Http/Middleware/TransformsRequest.php(21): Illuminate\\Pipeline\\Pipeline->{closure:{closure:Illuminate\\Pipeline\\Pipeline::carry():184}:185}()
#42 /home/winston/Documents/projects/laravel-article-cms-Rest-API/vendor/laravel/framework/src/Illuminate/Foundation/Http/Middleware/TrimStrings.php(51): Illuminate\\Foundation\\Http\\Middleware\\TransformsRequest->handle()
#43 /home/winston/Documents/projects/laravel-article-cms-Rest-API/vendor/laravel/framework/src/Illuminate/Pipeline/Pipeline.php(209): Illuminate\\Foundation\\Http\\Middleware\\TrimStrings->handle()
#44 /home/winston/Documents/projects/laravel-article-cms-Rest-API/vendor/laravel/framework/src/Illuminate/Http/Middleware/ValidatePostSize.php(27): Illuminate\\Pipeline\\Pipeline->{closure:{closure:Illuminate\\Pipeline\\Pipeline::carry():184}:185}()
#45 /home/winston/Documents/projects/laravel-article-cms-Rest-API/vendor/laravel/framework/src/Illuminate/Pipeline/Pipeline.php(209): Illuminate\\Http\\Middleware\\ValidatePostSize->handle()
#46 /home/winston/Documents/projects/laravel-article-cms-Rest-API/vendor/laravel/framework/src/Illuminate/Foundation/Http/Middleware/PreventRequestsDuringMaintenance.php(110): Illuminate\\Pipeline\\Pipeline->{closure:{closure:Illuminate\\Pipeline\\Pipeline::carry():184}:185}()
#47 /home/winston/Documents/projects/laravel-article-cms-Rest-API/vendor/laravel/framework/src/Illuminate/Pipeline/Pipeline.php(209): Illuminate\\Foundation\\Http\\Middleware\\PreventRequestsDuringMaintenance->handle()
#48 /home/winston/Documents/projects/laravel-article-cms-Rest-API/vendor/laravel/framework/src/Illuminate/Http/Middleware/HandleCors.php(62): Illuminate\\Pipeline\\Pipeline->{closure:{closure:Illuminate\\Pipeline\\Pipeline::carry():184}:185}()
#49 /home/winston/Documents/projects/laravel-article-cms-Rest-API/vendor/laravel/framework/src/Illuminate/Pipeline/Pipeline.php(209): Illuminate\\Http\\Middleware\\HandleCors->handle()
#50 /home/winston/Documents/projects/laravel-article-cms-Rest-API/vendor/laravel/framework/src/Illuminate/Http/Middleware/TrustProxies.php(58): Illuminate\\Pipeline\\Pipeline->{closure:{closure:Illuminate\\Pipeline\\Pipeline::carry():184}:185}()
#51 /home/winston/Documents/projects/laravel-article-cms-Rest-API/vendor/laravel/framework/src/Illuminate/Pipeline/Pipeline.php(209): Illuminate\\Http\\Middleware\\TrustProxies->handle()
#52 /home/winston/Documents/projects/laravel-article-cms-Rest-API/vendor/laravel/framework/src/Illuminate/Foundation/Http/Middleware/InvokeDeferredCallbacks.php(22): Illuminate\\Pipeline\\Pipeline->{closure:{closure:Illuminate\\Pipeline\\Pipeline::carry():184}:185}()
#53 /home/winston/Documents/projects/laravel-article-cms-Rest-API/vendor/laravel/framework/src/Illuminate/Pipeline/Pipeline.php(209): Illuminate\\Foundation\\Http\\Middleware\\InvokeDeferredCallbacks->handle()
#54 /home/winston/Documents/projects/laravel-article-cms-Rest-API/vendor/laravel/framework/src/Illuminate/Pipeline/Pipeline.php(127): Illuminate\\Pipeline\\Pipeline->{closure:{closure:Illuminate\\Pipeline\\Pipeline::carry():184}:185}()
#55 /home/winston/Documents/projects/laravel-article-cms-Rest-API/vendor/laravel/framework/src/Illuminate/Foundation/Http/Kernel.php(176): Illuminate\\Pipeline\\Pipeline->then()
#56 /home/winston/Documents/projects/laravel-article-cms-Rest-API/vendor/laravel/framework/src/Illuminate/Foundation/Http/Kernel.php(145): Illuminate\\Foundation\\Http\\Kernel->sendRequestThroughRouter()
#57 /home/winston/Documents/projects/laravel-article-cms-Rest-API/public/index.php(21): Illuminate\\Foundation\\Http\\Kernel->handle()
#58 /home/winston/Documents/projects/laravel-article-cms-Rest-API/vendor/laravel/framework/src/Illuminate/Foundation/resources/server.php(23): require_once('...')
#59 {main}
"} 
[2025-06-14 07:39:43] local.INFO: Request Origin: http://localhost:3000  
[2025-06-14 07:39:43] local.INFO: Request Origin: http://localhost:3000  
[2025-06-14 07:39:43] local.ERROR: SQLSTATE[23000]: Integrity constraint violation: 1048 Column 'referrer' cannot be null (Connection: mysql, SQL: insert into `analytics` (`eventType`, `url`, `path`, `referrer`, `timestamp`, `userId`, `browserName`, `browserVersion`, `os`, `deviceType`, `deviceVendor`, `deviceModel`, `cpuArchitecture`, `isArmCpu`, `isMobile`, `screenWidth`, `screenHeight`, `language`, `timezone`, `connectionType`, `updated_at`, `created_at`) values (pageview, http://localhost:3000/article/article-title-17, /article/article-title-17, ?, 2025-06-14T07:39:43.011Z, ?, Firefox, 139.0, Linux, desktop, unknown, unknown, amd64, 0, 0, 1920, 1080, en-US, Africa/Nouakchott, unknown, 2025-06-14 07:39:43, 2025-06-14 07:39:43)) {"exception":"[object] (Illuminate\\Database\\QueryException(code: 23000): SQLSTATE[23000]: Integrity constraint violation: 1048 Column 'referrer' cannot be null (Connection: mysql, SQL: insert into `analytics` (`eventType`, `url`, `path`, `referrer`, `timestamp`, `userId`, `browserName`, `browserVersion`, `os`, `deviceType`, `deviceVendor`, `deviceModel`, `cpuArchitecture`, `isArmCpu`, `isMobile`, `screenWidth`, `screenHeight`, `language`, `timezone`, `connectionType`, `updated_at`, `created_at`) values (pageview, http://localhost:3000/article/article-title-17, /article/article-title-17, ?, 2025-06-14T07:39:43.011Z, ?, Firefox, 139.0, Linux, desktop, unknown, unknown, amd64, 0, 0, 1920, 1080, en-US, Africa/Nouakchott, unknown, 2025-06-14 07:39:43, 2025-06-14 07:39:43)) at /home/winston/Documents/projects/laravel-article-cms-Rest-API/vendor/laravel/framework/src/Illuminate/Database/Connection.php:825)
[stacktrace]
#0 /home/winston/Documents/projects/laravel-article-cms-Rest-API/vendor/laravel/framework/src/Illuminate/Database/Connection.php(779): Illuminate\\Database\\Connection->runQueryCallback()
#1 /home/winston/Documents/projects/laravel-article-cms-Rest-API/vendor/laravel/framework/src/Illuminate/Database/MySqlConnection.php(42): Illuminate\\Database\\Connection->run()
#2 /home/winston/Documents/projects/laravel-article-cms-Rest-API/vendor/laravel/framework/src/Illuminate/Database/Query/Processors/MySqlProcessor.php(35): Illuminate\\Database\\MySqlConnection->insert()
#3 /home/winston/Documents/projects/laravel-article-cms-Rest-API/vendor/laravel/framework/src/Illuminate/Database/Query/Builder.php(3766): Illuminate\\Database\\Query\\Processors\\MySqlProcessor->processInsertGetId()
#4 /home/winston/Documents/projects/laravel-article-cms-Rest-API/vendor/laravel/framework/src/Illuminate/Database/Eloquent/Builder.php(2120): Illuminate\\Database\\Query\\Builder->insertGetId()
#5 /home/winston/Documents/projects/laravel-article-cms-Rest-API/vendor/laravel/framework/src/Illuminate/Database/Eloquent/Model.php(1359): Illuminate\\Database\\Eloquent\\Builder->__call()
#6 /home/winston/Documents/projects/laravel-article-cms-Rest-API/vendor/laravel/framework/src/Illuminate/Database/Eloquent/Model.php(1324): Illuminate\\Database\\Eloquent\\Model->insertAndSetId()
#7 /home/winston/Documents/projects/laravel-article-cms-Rest-API/vendor/laravel/framework/src/Illuminate/Database/Eloquent/Model.php(1163): Illuminate\\Database\\Eloquent\\Model->performInsert()
#8 /home/winston/Documents/projects/laravel-article-cms-Rest-API/vendor/laravel/framework/src/Illuminate/Database/Eloquent/Builder.php(1128): Illuminate\\Database\\Eloquent\\Model->save()
#9 /home/winston/Documents/projects/laravel-article-cms-Rest-API/vendor/laravel/framework/src/Illuminate/Support/helpers.php(399): Illuminate\\Database\\Eloquent\\Builder->{closure:Illuminate\\Database\\Eloquent\\Builder::create():1127}()
#10 /home/winston/Documents/projects/laravel-article-cms-Rest-API/vendor/laravel/framework/src/Illuminate/Database/Eloquent/Builder.php(1127): tap()
#11 /home/winston/Documents/projects/laravel-article-cms-Rest-API/vendor/laravel/framework/src/Illuminate/Support/Traits/ForwardsCalls.php(23): Illuminate\\Database\\Eloquent\\Builder->create()
#12 /home/winston/Documents/projects/laravel-article-cms-Rest-API/vendor/laravel/framework/src/Illuminate/Database/Eloquent/Model.php(2372): Illuminate\\Database\\Eloquent\\Model->forwardCallTo()
#13 /home/winston/Documents/projects/laravel-article-cms-Rest-API/vendor/laravel/framework/src/Illuminate/Database/Eloquent/Model.php(2384): Illuminate\\Database\\Eloquent\\Model->__call()
#14 /home/winston/Documents/projects/laravel-article-cms-Rest-API/app/Http/Controllers/AnalyticsController.php(32): Illuminate\\Database\\Eloquent\\Model::__callStatic()
#15 /home/winston/Documents/projects/laravel-article-cms-Rest-API/vendor/laravel/framework/src/Illuminate/Routing/ControllerDispatcher.php(47): App\\Http\\Controllers\\AnalyticsController->store()
#16 /home/winston/Documents/projects/laravel-article-cms-Rest-API/vendor/laravel/framework/src/Illuminate/Routing/Route.php(266): Illuminate\\Routing\\ControllerDispatcher->dispatch()
#17 /home/winston/Documents/projects/laravel-article-cms-Rest-API/vendor/laravel/framework/src/Illuminate/Routing/Route.php(212): Illuminate\\Routing\\Route->runController()
#18 /home/winston/Documents/projects/laravel-article-cms-Rest-API/vendor/laravel/framework/src/Illuminate/Routing/Router.php(808): Illuminate\\Routing\\Route->run()
#19 /home/winston/Documents/projects/laravel-article-cms-Rest-API/vendor/laravel/framework/src/Illuminate/Pipeline/Pipeline.php(170): Illuminate\\Routing\\Router->{closure:Illuminate\\Routing\\Router::runRouteWithinStack():807}()
#20 /home/winston/Documents/projects/laravel-article-cms-Rest-API/vendor/laravel/framework/src/Illuminate/Routing/Middleware/SubstituteBindings.php(51): Illuminate\\Pipeline\\Pipeline->{closure:Illuminate\\Pipeline\\Pipeline::prepareDestination():168}()
#21 /home/winston/Documents/projects/laravel-article-cms-Rest-API/vendor/laravel/framework/src/Illuminate/Pipeline/Pipeline.php(209): Illuminate\\Routing\\Middleware\\SubstituteBindings->handle()
#22 /home/winston/Documents/projects/laravel-article-cms-Rest-API/vendor/laravel/sanctum/src/Http/Middleware/EnsureFrontendRequestsAreStateful.php(26): Illuminate\\Pipeline\\Pipeline->{closure:{closure:Illuminate\\Pipeline\\Pipeline::carry():184}:185}()
#23 /home/winston/Documents/projects/laravel-article-cms-Rest-API/vendor/laravel/framework/src/Illuminate/Pipeline/Pipeline.php(170): Laravel\\Sanctum\\Http\\Middleware\\EnsureFrontendRequestsAreStateful->{closure:Laravel\\Sanctum\\Http\\Middleware\\EnsureFrontendRequestsAreStateful::handle():25}()
#24 /home/winston/Documents/projects/laravel-article-cms-Rest-API/vendor/laravel/framework/src/Illuminate/Pipeline/Pipeline.php(127): Illuminate\\Pipeline\\Pipeline->{closure:Illuminate\\Pipeline\\Pipeline::prepareDestination():168}()
#25 /home/winston/Documents/projects/laravel-article-cms-Rest-API/vendor/laravel/sanctum/src/Http/Middleware/EnsureFrontendRequestsAreStateful.php(25): Illuminate\\Pipeline\\Pipeline->then()
#26 /home/winston/Documents/projects/laravel-article-cms-Rest-API/vendor/laravel/framework/src/Illuminate/Pipeline/Pipeline.php(209): Laravel\\Sanctum\\Http\\Middleware\\EnsureFrontendRequestsAreStateful->handle()
#27 /home/winston/Documents/projects/laravel-article-cms-Rest-API/vendor/laravel/framework/src/Illuminate/Pipeline/Pipeline.php(127): Illuminate\\Pipeline\\Pipeline->{closure:{closure:Illuminate\\Pipeline\\Pipeline::carry():184}:185}()
#28 /home/winston/Documents/projects/laravel-article-cms-Rest-API/vendor/laravel/framework/src/Illuminate/Routing/Router.php(807): Illuminate\\Pipeline\\Pipeline->then()
#29 /home/winston/Documents/projects/laravel-article-cms-Rest-API/vendor/laravel/framework/src/Illuminate/Routing/Router.php(786): Illuminate\\Routing\\Router->runRouteWithinStack()
#30 /home/winston/Documents/projects/laravel-article-cms-Rest-API/vendor/laravel/framework/src/Illuminate/Routing/Router.php(750): Illuminate\\Routing\\Router->runRoute()
#31 /home/winston/Documents/projects/laravel-article-cms-Rest-API/vendor/laravel/framework/src/Illuminate/Routing/Router.php(739): Illuminate\\Routing\\Router->dispatchToRoute()
#32 /home/winston/Documents/projects/laravel-article-cms-Rest-API/vendor/laravel/framework/src/Illuminate/Foundation/Http/Kernel.php(201): Illuminate\\Routing\\Router->dispatch()
#33 /home/winston/Documents/projects/laravel-article-cms-Rest-API/vendor/laravel/framework/src/Illuminate/Pipeline/Pipeline.php(170): Illuminate\\Foundation\\Http\\Kernel->{closure:Illuminate\\Foundation\\Http\\Kernel::dispatchToRouter():198}()
#34 /home/winston/Documents/projects/laravel-article-cms-Rest-API/app/Http/Middleware/CorsMiddleware.php(26): Illuminate\\Pipeline\\Pipeline->{closure:Illuminate\\Pipeline\\Pipeline::prepareDestination():168}()
#35 /home/winston/Documents/projects/laravel-article-cms-Rest-API/vendor/laravel/framework/src/Illuminate/Pipeline/Pipeline.php(209): App\\Http\\Middleware\\CorsMiddleware->handle()
#36 /home/winston/Documents/projects/laravel-article-cms-Rest-API/vendor/laravel/framework/src/Illuminate/Foundation/Http/Middleware/TransformsRequest.php(21): Illuminate\\Pipeline\\Pipeline->{closure:{closure:Illuminate\\Pipeline\\Pipeline::carry():184}:185}()
#37 /home/winston/Documents/projects/laravel-article-cms-Rest-API/vendor/laravel/framework/src/Illuminate/Foundation/Http/Middleware/ConvertEmptyStringsToNull.php(31): Illuminate\\Foundation\\Http\\Middleware\\TransformsRequest->handle()
#38 /home/winston/Documents/projects/laravel-article-cms-Rest-API/vendor/laravel/framework/src/Illuminate/Pipeline/Pipeline.php(209): Illuminate\\Foundation\\Http\\Middleware\\ConvertEmptyStringsToNull->handle()
#39 /home/winston/Documents/projects/laravel-article-cms-Rest-API/vendor/laravel/framework/src/Illuminate/Foundation/Http/Middleware/TransformsRequest.php(21): Illuminate\\Pipeline\\Pipeline->{closure:{closure:Illuminate\\Pipeline\\Pipeline::carry():184}:185}()
#40 /home/winston/Documents/projects/laravel-article-cms-Rest-API/vendor/laravel/framework/src/Illuminate/Foundation/Http/Middleware/TrimStrings.php(51): Illuminate\\Foundation\\Http\\Middleware\\TransformsRequest->handle()
#41 /home/winston/Documents/projects/laravel-article-cms-Rest-API/vendor/laravel/framework/src/Illuminate/Pipeline/Pipeline.php(209): Illuminate\\Foundation\\Http\\Middleware\\TrimStrings->handle()
#42 /home/winston/Documents/projects/laravel-article-cms-Rest-API/vendor/laravel/framework/src/Illuminate/Http/Middleware/ValidatePostSize.php(27): Illuminate\\Pipeline\\Pipeline->{closure:{closure:Illuminate\\Pipeline\\Pipeline::carry():184}:185}()
#43 /home/winston/Documents/projects/laravel-article-cms-Rest-API/vendor/laravel/framework/src/Illuminate/Pipeline/Pipeline.php(209): Illuminate\\Http\\Middleware\\ValidatePostSize->handle()
#44 /home/winston/Documents/projects/laravel-article-cms-Rest-API/vendor/laravel/framework/src/Illuminate/Foundation/Http/Middleware/PreventRequestsDuringMaintenance.php(110): Illuminate\\Pipeline\\Pipeline->{closure:{closure:Illuminate\\Pipeline\\Pipeline::carry():184}:185}()
#45 /home/winston/Documents/projects/laravel-article-cms-Rest-API/vendor/laravel/framework/src/Illuminate/Pipeline/Pipeline.php(209): Illuminate\\Foundation\\Http\\Middleware\\PreventRequestsDuringMaintenance->handle()
#46 /home/winston/Documents/projects/laravel-article-cms-Rest-API/vendor/laravel/framework/src/Illuminate/Http/Middleware/HandleCors.php(62): Illuminate\\Pipeline\\Pipeline->{closure:{closure:Illuminate\\Pipeline\\Pipeline::carry():184}:185}()
#47 /home/winston/Documents/projects/laravel-article-cms-Rest-API/vendor/laravel/framework/src/Illuminate/Pipeline/Pipeline.php(209): Illuminate\\Http\\Middleware\\HandleCors->handle()
#48 /home/winston/Documents/projects/laravel-article-cms-Rest-API/vendor/laravel/framework/src/Illuminate/Http/Middleware/TrustProxies.php(58): Illuminate\\Pipeline\\Pipeline->{closure:{closure:Illuminate\\Pipeline\\Pipeline::carry():184}:185}()
#49 /home/winston/Documents/projects/laravel-article-cms-Rest-API/vendor/laravel/framework/src/Illuminate/Pipeline/Pipeline.php(209): Illuminate\\Http\\Middleware\\TrustProxies->handle()
#50 /home/winston/Documents/projects/laravel-article-cms-Rest-API/vendor/laravel/framework/src/Illuminate/Foundation/Http/Middleware/InvokeDeferredCallbacks.php(22): Illuminate\\Pipeline\\Pipeline->{closure:{closure:Illuminate\\Pipeline\\Pipeline::carry():184}:185}()
#51 /home/winston/Documents/projects/laravel-article-cms-Rest-API/vendor/laravel/framework/src/Illuminate/Pipeline/Pipeline.php(209): Illuminate\\Foundation\\Http\\Middleware\\InvokeDeferredCallbacks->handle()
#52 /home/winston/Documents/projects/laravel-article-cms-Rest-API/vendor/laravel/framework/src/Illuminate/Pipeline/Pipeline.php(127): Illuminate\\Pipeline\\Pipeline->{closure:{closure:Illuminate\\Pipeline\\Pipeline::carry():184}:185}()
#53 /home/winston/Documents/projects/laravel-article-cms-Rest-API/vendor/laravel/framework/src/Illuminate/Foundation/Http/Kernel.php(176): Illuminate\\Pipeline\\Pipeline->then()
#54 /home/winston/Documents/projects/laravel-article-cms-Rest-API/vendor/laravel/framework/src/Illuminate/Foundation/Http/Kernel.php(145): Illuminate\\Foundation\\Http\\Kernel->sendRequestThroughRouter()
#55 /home/winston/Documents/projects/laravel-article-cms-Rest-API/public/index.php(21): Illuminate\\Foundation\\Http\\Kernel->handle()
#56 /home/winston/Documents/projects/laravel-article-cms-Rest-API/vendor/laravel/framework/src/Illuminate/Foundation/resources/server.php(23): require_once('...')
#57 {main}

[previous exception] [object] (PDOException(code: 23000): SQLSTATE[23000]: Integrity constraint violation: 1048 Column 'referrer' cannot be null at /home/winston/Documents/projects/laravel-article-cms-Rest-API/vendor/laravel/framework/src/Illuminate/Database/MySqlConnection.php:53)
[stacktrace]
#0 /home/winston/Documents/projects/laravel-article-cms-Rest-API/vendor/laravel/framework/src/Illuminate/Database/MySqlConnection.php(53): PDOStatement->execute()
#1 /home/winston/Documents/projects/laravel-article-cms-Rest-API/vendor/laravel/framework/src/Illuminate/Database/Connection.php(812): Illuminate\\Database\\MySqlConnection->{closure:Illuminate\\Database\\MySqlConnection::insert():42}()
#2 /home/winston/Documents/projects/laravel-article-cms-Rest-API/vendor/laravel/framework/src/Illuminate/Database/Connection.php(779): Illuminate\\Database\\Connection->runQueryCallback()
#3 /home/winston/Documents/projects/laravel-article-cms-Rest-API/vendor/laravel/framework/src/Illuminate/Database/MySqlConnection.php(42): Illuminate\\Database\\Connection->run()
#4 /home/winston/Documents/projects/laravel-article-cms-Rest-API/vendor/laravel/framework/src/Illuminate/Database/Query/Processors/MySqlProcessor.php(35): Illuminate\\Database\\MySqlConnection->insert()
#5 /home/winston/Documents/projects/laravel-article-cms-Rest-API/vendor/laravel/framework/src/Illuminate/Database/Query/Builder.php(3766): Illuminate\\Database\\Query\\Processors\\MySqlProcessor->processInsertGetId()
#6 /home/winston/Documents/projects/laravel-article-cms-Rest-API/vendor/laravel/framework/src/Illuminate/Database/Eloquent/Builder.php(2120): Illuminate\\Database\\Query\\Builder->insertGetId()
#7 /home/winston/Documents/projects/laravel-article-cms-Rest-API/vendor/laravel/framework/src/Illuminate/Database/Eloquent/Model.php(1359): Illuminate\\Database\\Eloquent\\Builder->__call()
#8 /home/winston/Documents/projects/laravel-article-cms-Rest-API/vendor/laravel/framework/src/Illuminate/Database/Eloquent/Model.php(1324): Illuminate\\Database\\Eloquent\\Model->insertAndSetId()
#9 /home/winston/Documents/projects/laravel-article-cms-Rest-API/vendor/laravel/framework/src/Illuminate/Database/Eloquent/Model.php(1163): Illuminate\\Database\\Eloquent\\Model->performInsert()
#10 /home/winston/Documents/projects/laravel-article-cms-Rest-API/vendor/laravel/framework/src/Illuminate/Database/Eloquent/Builder.php(1128): Illuminate\\Database\\Eloquent\\Model->save()
#11 /home/winston/Documents/projects/laravel-article-cms-Rest-API/vendor/laravel/framework/src/Illuminate/Support/helpers.php(399): Illuminate\\Database\\Eloquent\\Builder->{closure:Illuminate\\Database\\Eloquent\\Builder::create():1127}()
#12 /home/winston/Documents/projects/laravel-article-cms-Rest-API/vendor/laravel/framework/src/Illuminate/Database/Eloquent/Builder.php(1127): tap()
#13 /home/winston/Documents/projects/laravel-article-cms-Rest-API/vendor/laravel/framework/src/Illuminate/Support/Traits/ForwardsCalls.php(23): Illuminate\\Database\\Eloquent\\Builder->create()
#14 /home/winston/Documents/projects/laravel-article-cms-Rest-API/vendor/laravel/framework/src/Illuminate/Database/Eloquent/Model.php(2372): Illuminate\\Database\\Eloquent\\Model->forwardCallTo()
#15 /home/winston/Documents/projects/laravel-article-cms-Rest-API/vendor/laravel/framework/src/Illuminate/Database/Eloquent/Model.php(2384): Illuminate\\Database\\Eloquent\\Model->__call()
#16 /home/winston/Documents/projects/laravel-article-cms-Rest-API/app/Http/Controllers/AnalyticsController.php(32): Illuminate\\Database\\Eloquent\\Model::__callStatic()
#17 /home/winston/Documents/projects/laravel-article-cms-Rest-API/vendor/laravel/framework/src/Illuminate/Routing/ControllerDispatcher.php(47): App\\Http\\Controllers\\AnalyticsController->store()
#18 /home/winston/Documents/projects/laravel-article-cms-Rest-API/vendor/laravel/framework/src/Illuminate/Routing/Route.php(266): Illuminate\\Routing\\ControllerDispatcher->dispatch()
#19 /home/winston/Documents/projects/laravel-article-cms-Rest-API/vendor/laravel/framework/src/Illuminate/Routing/Route.php(212): Illuminate\\Routing\\Route->runController()
#20 /home/winston/Documents/projects/laravel-article-cms-Rest-API/vendor/laravel/framework/src/Illuminate/Routing/Router.php(808): Illuminate\\Routing\\Route->run()
#21 /home/winston/Documents/projects/laravel-article-cms-Rest-API/vendor/laravel/framework/src/Illuminate/Pipeline/Pipeline.php(170): Illuminate\\Routing\\Router->{closure:Illuminate\\Routing\\Router::runRouteWithinStack():807}()
#22 /home/winston/Documents/projects/laravel-article-cms-Rest-API/vendor/laravel/framework/src/Illuminate/Routing/Middleware/SubstituteBindings.php(51): Illuminate\\Pipeline\\Pipeline->{closure:Illuminate\\Pipeline\\Pipeline::prepareDestination():168}()
#23 /home/winston/Documents/projects/laravel-article-cms-Rest-API/vendor/laravel/framework/src/Illuminate/Pipeline/Pipeline.php(209): Illuminate\\Routing\\Middleware\\SubstituteBindings->handle()
#24 /home/winston/Documents/projects/laravel-article-cms-Rest-API/vendor/laravel/sanctum/src/Http/Middleware/EnsureFrontendRequestsAreStateful.php(26): Illuminate\\Pipeline\\Pipeline->{closure:{closure:Illuminate\\Pipeline\\Pipeline::carry():184}:185}()
#25 /home/winston/Documents/projects/laravel-article-cms-Rest-API/vendor/laravel/framework/src/Illuminate/Pipeline/Pipeline.php(170): Laravel\\Sanctum\\Http\\Middleware\\EnsureFrontendRequestsAreStateful->{closure:Laravel\\Sanctum\\Http\\Middleware\\EnsureFrontendRequestsAreStateful::handle():25}()
#26 /home/winston/Documents/projects/laravel-article-cms-Rest-API/vendor/laravel/framework/src/Illuminate/Pipeline/Pipeline.php(127): Illuminate\\Pipeline\\Pipeline->{closure:Illuminate\\Pipeline\\Pipeline::prepareDestination():168}()
#27 /home/winston/Documents/projects/laravel-article-cms-Rest-API/vendor/laravel/sanctum/src/Http/Middleware/EnsureFrontendRequestsAreStateful.php(25): Illuminate\\Pipeline\\Pipeline->then()
#28 /home/winston/Documents/projects/laravel-article-cms-Rest-API/vendor/laravel/framework/src/Illuminate/Pipeline/Pipeline.php(209): Laravel\\Sanctum\\Http\\Middleware\\EnsureFrontendRequestsAreStateful->handle()
#29 /home/winston/Documents/projects/laravel-article-cms-Rest-API/vendor/laravel/framework/src/Illuminate/Pipeline/Pipeline.php(127): Illuminate\\Pipeline\\Pipeline->{closure:{closure:Illuminate\\Pipeline\\Pipeline::carry():184}:185}()
#30 /home/winston/Documents/projects/laravel-article-cms-Rest-API/vendor/laravel/framework/src/Illuminate/Routing/Router.php(807): Illuminate\\Pipeline\\Pipeline->then()
#31 /home/winston/Documents/projects/laravel-article-cms-Rest-API/vendor/laravel/framework/src/Illuminate/Routing/Router.php(786): Illuminate\\Routing\\Router->runRouteWithinStack()
#32 /home/winston/Documents/projects/laravel-article-cms-Rest-API/vendor/laravel/framework/src/Illuminate/Routing/Router.php(750): Illuminate\\Routing\\Router->runRoute()
#33 /home/winston/Documents/projects/laravel-article-cms-Rest-API/vendor/laravel/framework/src/Illuminate/Routing/Router.php(739): Illuminate\\Routing\\Router->dispatchToRoute()
#34 /home/winston/Documents/projects/laravel-article-cms-Rest-API/vendor/laravel/framework/src/Illuminate/Foundation/Http/Kernel.php(201): Illuminate\\Routing\\Router->dispatch()
#35 /home/winston/Documents/projects/laravel-article-cms-Rest-API/vendor/laravel/framework/src/Illuminate/Pipeline/Pipeline.php(170): Illuminate\\Foundation\\Http\\Kernel->{closure:Illuminate\\Foundation\\Http\\Kernel::dispatchToRouter():198}()
#36 /home/winston/Documents/projects/laravel-article-cms-Rest-API/app/Http/Middleware/CorsMiddleware.php(26): Illuminate\\Pipeline\\Pipeline->{closure:Illuminate\\Pipeline\\Pipeline::prepareDestination():168}()
#37 /home/winston/Documents/projects/laravel-article-cms-Rest-API/vendor/laravel/framework/src/Illuminate/Pipeline/Pipeline.php(209): App\\Http\\Middleware\\CorsMiddleware->handle()
#38 /home/winston/Documents/projects/laravel-article-cms-Rest-API/vendor/laravel/framework/src/Illuminate/Foundation/Http/Middleware/TransformsRequest.php(21): Illuminate\\Pipeline\\Pipeline->{closure:{closure:Illuminate\\Pipeline\\Pipeline::carry():184}:185}()
#39 /home/winston/Documents/projects/laravel-article-cms-Rest-API/vendor/laravel/framework/src/Illuminate/Foundation/Http/Middleware/ConvertEmptyStringsToNull.php(31): Illuminate\\Foundation\\Http\\Middleware\\TransformsRequest->handle()
#40 /home/winston/Documents/projects/laravel-article-cms-Rest-API/vendor/laravel/framework/src/Illuminate/Pipeline/Pipeline.php(209): Illuminate\\Foundation\\Http\\Middleware\\ConvertEmptyStringsToNull->handle()
#41 /home/winston/Documents/projects/laravel-article-cms-Rest-API/vendor/laravel/framework/src/Illuminate/Foundation/Http/Middleware/TransformsRequest.php(21): Illuminate\\Pipeline\\Pipeline->{closure:{closure:Illuminate\\Pipeline\\Pipeline::carry():184}:185}()
#42 /home/winston/Documents/projects/laravel-article-cms-Rest-API/vendor/laravel/framework/src/Illuminate/Foundation/Http/Middleware/TrimStrings.php(51): Illuminate\\Foundation\\Http\\Middleware\\TransformsRequest->handle()
#43 /home/winston/Documents/projects/laravel-article-cms-Rest-API/vendor/laravel/framework/src/Illuminate/Pipeline/Pipeline.php(209): Illuminate\\Foundation\\Http\\Middleware\\TrimStrings->handle()
#44 /home/winston/Documents/projects/laravel-article-cms-Rest-API/vendor/laravel/framework/src/Illuminate/Http/Middleware/ValidatePostSize.php(27): Illuminate\\Pipeline\\Pipeline->{closure:{closure:Illuminate\\Pipeline\\Pipeline::carry():184}:185}()
#45 /home/winston/Documents/projects/laravel-article-cms-Rest-API/vendor/laravel/framework/src/Illuminate/Pipeline/Pipeline.php(209): Illuminate\\Http\\Middleware\\ValidatePostSize->handle()
#46 /home/winston/Documents/projects/laravel-article-cms-Rest-API/vendor/laravel/framework/src/Illuminate/Foundation/Http/Middleware/PreventRequestsDuringMaintenance.php(110): Illuminate\\Pipeline\\Pipeline->{closure:{closure:Illuminate\\Pipeline\\Pipeline::carry():184}:185}()
#47 /home/winston/Documents/projects/laravel-article-cms-Rest-API/vendor/laravel/framework/src/Illuminate/Pipeline/Pipeline.php(209): Illuminate\\Foundation\\Http\\Middleware\\PreventRequestsDuringMaintenance->handle()
#48 /home/winston/Documents/projects/laravel-article-cms-Rest-API/vendor/laravel/framework/src/Illuminate/Http/Middleware/HandleCors.php(62): Illuminate\\Pipeline\\Pipeline->{closure:{closure:Illuminate\\Pipeline\\Pipeline::carry():184}:185}()
#49 /home/winston/Documents/projects/laravel-article-cms-Rest-API/vendor/laravel/framework/src/Illuminate/Pipeline/Pipeline.php(209): Illuminate\\Http\\Middleware\\HandleCors->handle()
#50 /home/winston/Documents/projects/laravel-article-cms-Rest-API/vendor/laravel/framework/src/Illuminate/Http/Middleware/TrustProxies.php(58): Illuminate\\Pipeline\\Pipeline->{closure:{closure:Illuminate\\Pipeline\\Pipeline::carry():184}:185}()
#51 /home/winston/Documents/projects/laravel-article-cms-Rest-API/vendor/laravel/framework/src/Illuminate/Pipeline/Pipeline.php(209): Illuminate\\Http\\Middleware\\TrustProxies->handle()
#52 /home/winston/Documents/projects/laravel-article-cms-Rest-API/vendor/laravel/framework/src/Illuminate/Foundation/Http/Middleware/InvokeDeferredCallbacks.php(22): Illuminate\\Pipeline\\Pipeline->{closure:{closure:Illuminate\\Pipeline\\Pipeline::carry():184}:185}()
#53 /home/winston/Documents/projects/laravel-article-cms-Rest-API/vendor/laravel/framework/src/Illuminate/Pipeline/Pipeline.php(209): Illuminate\\Foundation\\Http\\Middleware\\InvokeDeferredCallbacks->handle()
#54 /home/winston/Documents/projects/laravel-article-cms-Rest-API/vendor/laravel/framework/src/Illuminate/Pipeline/Pipeline.php(127): Illuminate\\Pipeline\\Pipeline->{closure:{closure:Illuminate\\Pipeline\\Pipeline::carry():184}:185}()
#55 /home/winston/Documents/projects/laravel-article-cms-Rest-API/vendor/laravel/framework/src/Illuminate/Foundation/Http/Kernel.php(176): Illuminate\\Pipeline\\Pipeline->then()
#56 /home/winston/Documents/projects/laravel-article-cms-Rest-API/vendor/laravel/framework/src/Illuminate/Foundation/Http/Kernel.php(145): Illuminate\\Foundation\\Http\\Kernel->sendRequestThroughRouter()
#57 /home/winston/Documents/projects/laravel-article-cms-Rest-API/public/index.php(21): Illuminate\\Foundation\\Http\\Kernel->handle()
#58 /home/winston/Documents/projects/laravel-article-cms-Rest-API/vendor/laravel/framework/src/Illuminate/Foundation/resources/server.php(23): require_once('...')
#59 {main}
"} 
[2025-06-14 07:41:59] local.ERROR: SQLSTATE[42S21]: Column already exists: 1060 Duplicate column name 'isArmCpu' (Connection: mysql, SQL: create table `analytics` (`id` bigint unsigned not null auto_increment primary key, `eventType` varchar(255) null, `url` varchar(255) null, `path` varchar(255) null, `referrer` varchar(255) null, `timestamp` varchar(255) null, `userId` varchar(255) null, `browserName` varchar(255) null, `browserVersion` varchar(255) null, `os` varchar(255) null, `deviceType` varchar(255) null, `deviceVendor` varchar(255) null, `deviceModel` varchar(255) null, `cpuArchitecture` varchar(255) null, `isArmCpu` varchar(255) null, `isArmCpu` varchar(255) null, `isMobile` varchar(255) null, `isArmCpu` varchar(255) null, `screenWidth` varchar(255) null, `screenHeight` varchar(255) null, `language` varchar(255) null, `timezone` varchar(255) null, `connectionType` varchar(255) null, `created_at` timestamp null, `updated_at` timestamp null) default character set utf8mb4 collate 'utf8mb4_unicode_ci') {"exception":"[object] (Illuminate\\Database\\QueryException(code: 42S21): SQLSTATE[42S21]: Column already exists: 1060 Duplicate column name 'isArmCpu' (Connection: mysql, SQL: create table `analytics` (`id` bigint unsigned not null auto_increment primary key, `eventType` varchar(255) null, `url` varchar(255) null, `path` varchar(255) null, `referrer` varchar(255) null, `timestamp` varchar(255) null, `userId` varchar(255) null, `browserName` varchar(255) null, `browserVersion` varchar(255) null, `os` varchar(255) null, `deviceType` varchar(255) null, `deviceVendor` varchar(255) null, `deviceModel` varchar(255) null, `cpuArchitecture` varchar(255) null, `isArmCpu` varchar(255) null, `isArmCpu` varchar(255) null, `isMobile` varchar(255) null, `isArmCpu` varchar(255) null, `screenWidth` varchar(255) null, `screenHeight` varchar(255) null, `language` varchar(255) null, `timezone` varchar(255) null, `connectionType` varchar(255) null, `created_at` timestamp null, `updated_at` timestamp null) default character set utf8mb4 collate 'utf8mb4_unicode_ci') at /home/winston/Documents/projects/laravel-article-cms-Rest-API/vendor/laravel/framework/src/Illuminate/Database/Connection.php:825)
[stacktrace]
#0 /home/winston/Documents/projects/laravel-article-cms-Rest-API/vendor/laravel/framework/src/Illuminate/Database/Connection.php(779): Illuminate\\Database\\Connection->runQueryCallback()
#1 /home/winston/Documents/projects/laravel-article-cms-Rest-API/vendor/laravel/framework/src/Illuminate/Database/Connection.php(560): Illuminate\\Database\\Connection->run()
#2 /home/winston/Documents/projects/laravel-article-cms-Rest-API/vendor/laravel/framework/src/Illuminate/Database/Schema/Blueprint.php(118): Illuminate\\Database\\Connection->statement()
#3 /home/winston/Documents/projects/laravel-article-cms-Rest-API/vendor/laravel/framework/src/Illuminate/Database/Schema/Builder.php(564): Illuminate\\Database\\Schema\\Blueprint->build()
#4 /home/winston/Documents/projects/laravel-article-cms-Rest-API/vendor/laravel/framework/src/Illuminate/Database/Schema/Builder.php(418): Illuminate\\Database\\Schema\\Builder->build()
#5 /home/winston/Documents/projects/laravel-article-cms-Rest-API/vendor/laravel/framework/src/Illuminate/Support/Facades/Facade.php(361): Illuminate\\Database\\Schema\\Builder->create()
#6 /home/winston/Documents/projects/laravel-article-cms-Rest-API/database/migrations/2025_06_13_161847_create_analytics_table.php(14): Illuminate\\Support\\Facades\\Facade::__callStatic()
#7 /home/winston/Documents/projects/laravel-article-cms-Rest-API/vendor/laravel/framework/src/Illuminate/Database/Migrations/Migrator.php(507): Illuminate\\Database\\Migrations\\Migration@anonymous->up()
#8 /home/winston/Documents/projects/laravel-article-cms-Rest-API/vendor/laravel/framework/src/Illuminate/Database/Migrations/Migrator.php(432): Illuminate\\Database\\Migrations\\Migrator->runMethod()
#9 /home/winston/Documents/projects/laravel-article-cms-Rest-API/vendor/laravel/framework/src/Illuminate/Database/Migrations/Migrator.php(441): Illuminate\\Database\\Migrations\\Migrator->{closure:Illuminate\\Database\\Migrations\\Migrator::runMigration():428}()
#10 /home/winston/Documents/projects/laravel-article-cms-Rest-API/vendor/laravel/framework/src/Illuminate/Database/Migrations/Migrator.php(244): Illuminate\\Database\\Migrations\\Migrator->runMigration()
#11 /home/winston/Documents/projects/laravel-article-cms-Rest-API/vendor/laravel/framework/src/Illuminate/Console/View/Components/Task.php(40): Illuminate\\Database\\Migrations\\Migrator->{closure:Illuminate\\Database\\Migrations\\Migrator::runUp():244}()
#12 /home/winston/Documents/projects/laravel-article-cms-Rest-API/vendor/laravel/framework/src/Illuminate/Database/Migrations/Migrator.php(798): Illuminate\\Console\\View\\Components\\Task->render()
#13 /home/winston/Documents/projects/laravel-article-cms-Rest-API/vendor/laravel/framework/src/Illuminate/Database/Migrations/Migrator.php(244): Illuminate\\Database\\Migrations\\Migrator->write()
#14 /home/winston/Documents/projects/laravel-article-cms-Rest-API/vendor/laravel/framework/src/Illuminate/Database/Migrations/Migrator.php(211): Illuminate\\Database\\Migrations\\Migrator->runUp()
#15 /home/winston/Documents/projects/laravel-article-cms-Rest-API/vendor/laravel/framework/src/Illuminate/Database/Migrations/Migrator.php(138): Illuminate\\Database\\Migrations\\Migrator->runPending()
#16 /home/winston/Documents/projects/laravel-article-cms-Rest-API/vendor/laravel/framework/src/Illuminate/Database/Console/Migrations/MigrateCommand.php(117): Illuminate\\Database\\Migrations\\Migrator->run()
#17 /home/winston/Documents/projects/laravel-article-cms-Rest-API/vendor/laravel/framework/src/Illuminate/Database/Migrations/Migrator.php(658): Illuminate\\Database\\Console\\Migrations\\MigrateCommand->{closure:Illuminate\\Database\\Console\\Migrations\\MigrateCommand::runMigrations():110}()
#18 /home/winston/Documents/projects/laravel-article-cms-Rest-API/vendor/laravel/framework/src/Illuminate/Database/Console/Migrations/MigrateCommand.php(110): Illuminate\\Database\\Migrations\\Migrator->usingConnection()
#19 /home/winston/Documents/projects/laravel-article-cms-Rest-API/vendor/laravel/framework/src/Illuminate/Database/Console/Migrations/MigrateCommand.php(89): Illuminate\\Database\\Console\\Migrations\\MigrateCommand->runMigrations()
#20 /home/winston/Documents/projects/laravel-article-cms-Rest-API/vendor/laravel/framework/src/Illuminate/Container/BoundMethod.php(36): Illuminate\\Database\\Console\\Migrations\\MigrateCommand->handle()
#21 /home/winston/Documents/projects/laravel-article-cms-Rest-API/vendor/laravel/framework/src/Illuminate/Container/Util.php(43): Illuminate\\Container\\BoundMethod::{closure:Illuminate\\Container\\BoundMethod::call():35}()
#22 /home/winston/Documents/projects/laravel-article-cms-Rest-API/vendor/laravel/framework/src/Illuminate/Container/BoundMethod.php(95): Illuminate\\Container\\Util::unwrapIfClosure()
#23 /home/winston/Documents/projects/laravel-article-cms-Rest-API/vendor/laravel/framework/src/Illuminate/Container/BoundMethod.php(35): Illuminate\\Container\\BoundMethod::callBoundMethod()
#24 /home/winston/Documents/projects/laravel-article-cms-Rest-API/vendor/laravel/framework/src/Illuminate/Container/Container.php(696): Illuminate\\Container\\BoundMethod::call()
#25 /home/winston/Documents/projects/laravel-article-cms-Rest-API/vendor/laravel/framework/src/Illuminate/Console/Command.php(213): Illuminate\\Container\\Container->call()
#26 /home/winston/Documents/projects/laravel-article-cms-Rest-API/vendor/symfony/console/Command/Command.php(318): Illuminate\\Console\\Command->execute()
#27 /home/winston/Documents/projects/laravel-article-cms-Rest-API/vendor/laravel/framework/src/Illuminate/Console/Command.php(182): Symfony\\Component\\Console\\Command\\Command->run()
#28 /home/winston/Documents/projects/laravel-article-cms-Rest-API/vendor/laravel/framework/src/Illuminate/Console/Concerns/CallsCommands.php(68): Illuminate\\Console\\Command->run()
#29 /home/winston/Documents/projects/laravel-article-cms-Rest-API/vendor/laravel/framework/src/Illuminate/Console/Concerns/CallsCommands.php(29): Illuminate\\Console\\Command->runCommand()
#30 /home/winston/Documents/projects/laravel-article-cms-Rest-API/vendor/laravel/framework/src/Illuminate/Database/Console/Migrations/FreshCommand.php(82): Illuminate\\Console\\Command->call()
#31 /home/winston/Documents/projects/laravel-article-cms-Rest-API/vendor/laravel/framework/src/Illuminate/Container/BoundMethod.php(36): Illuminate\\Database\\Console\\Migrations\\FreshCommand->handle()
#32 /home/winston/Documents/projects/laravel-article-cms-Rest-API/vendor/laravel/framework/src/Illuminate/Container/Util.php(43): Illuminate\\Container\\BoundMethod::{closure:Illuminate\\Container\\BoundMethod::call():35}()
#33 /home/winston/Documents/projects/laravel-article-cms-Rest-API/vendor/laravel/framework/src/Illuminate/Container/BoundMethod.php(95): Illuminate\\Container\\Util::unwrapIfClosure()
#34 /home/winston/Documents/projects/laravel-article-cms-Rest-API/vendor/laravel/framework/src/Illuminate/Container/BoundMethod.php(35): Illuminate\\Container\\BoundMethod::callBoundMethod()
#35 /home/winston/Documents/projects/laravel-article-cms-Rest-API/vendor/laravel/framework/src/Illuminate/Container/Container.php(696): Illuminate\\Container\\BoundMethod::call()
#36 /home/winston/Documents/projects/laravel-article-cms-Rest-API/vendor/laravel/framework/src/Illuminate/Console/Command.php(213): Illuminate\\Container\\Container->call()
#37 /home/winston/Documents/projects/laravel-article-cms-Rest-API/vendor/symfony/console/Command/Command.php(318): Illuminate\\Console\\Command->execute()
#38 /home/winston/Documents/projects/laravel-article-cms-Rest-API/vendor/laravel/framework/src/Illuminate/Console/Command.php(182): Symfony\\Component\\Console\\Command\\Command->run()
#39 /home/winston/Documents/projects/laravel-article-cms-Rest-API/vendor/symfony/console/Application.php(1092): Illuminate\\Console\\Command->run()
#40 /home/winston/Documents/projects/laravel-article-cms-Rest-API/vendor/symfony/console/Application.php(341): Symfony\\Component\\Console\\Application->doRunCommand()
#41 /home/winston/Documents/projects/laravel-article-cms-Rest-API/vendor/symfony/console/Application.php(192): Symfony\\Component\\Console\\Application->doRun()
#42 /home/winston/Documents/projects/laravel-article-cms-Rest-API/vendor/laravel/framework/src/Illuminate/Foundation/Console/Kernel.php(198): Symfony\\Component\\Console\\Application->run()
#43 /home/winston/Documents/projects/laravel-article-cms-Rest-API/vendor/laravel/framework/src/Illuminate/Foundation/Application.php(1235): Illuminate\\Foundation\\Console\\Kernel->handle()
#44 /home/winston/Documents/projects/laravel-article-cms-Rest-API/artisan(13): Illuminate\\Foundation\\Application->handleCommand()
#45 {main}

[previous exception] [object] (PDOException(code: 42S21): SQLSTATE[42S21]: Column already exists: 1060 Duplicate column name 'isArmCpu' at /home/winston/Documents/projects/laravel-article-cms-Rest-API/vendor/laravel/framework/src/Illuminate/Database/Connection.php:571)
[stacktrace]
#0 /home/winston/Documents/projects/laravel-article-cms-Rest-API/vendor/laravel/framework/src/Illuminate/Database/Connection.php(571): PDOStatement->execute()
#1 /home/winston/Documents/projects/laravel-article-cms-Rest-API/vendor/laravel/framework/src/Illuminate/Database/Connection.php(812): Illuminate\\Database\\Connection->{closure:Illuminate\\Database\\Connection::statement():560}()
#2 /home/winston/Documents/projects/laravel-article-cms-Rest-API/vendor/laravel/framework/src/Illuminate/Database/Connection.php(779): Illuminate\\Database\\Connection->runQueryCallback()
#3 /home/winston/Documents/projects/laravel-article-cms-Rest-API/vendor/laravel/framework/src/Illuminate/Database/Connection.php(560): Illuminate\\Database\\Connection->run()
#4 /home/winston/Documents/projects/laravel-article-cms-Rest-API/vendor/laravel/framework/src/Illuminate/Database/Schema/Blueprint.php(118): Illuminate\\Database\\Connection->statement()
#5 /home/winston/Documents/projects/laravel-article-cms-Rest-API/vendor/laravel/framework/src/Illuminate/Database/Schema/Builder.php(564): Illuminate\\Database\\Schema\\Blueprint->build()
#6 /home/winston/Documents/projects/laravel-article-cms-Rest-API/vendor/laravel/framework/src/Illuminate/Database/Schema/Builder.php(418): Illuminate\\Database\\Schema\\Builder->build()
#7 /home/winston/Documents/projects/laravel-article-cms-Rest-API/vendor/laravel/framework/src/Illuminate/Support/Facades/Facade.php(361): Illuminate\\Database\\Schema\\Builder->create()
#8 /home/winston/Documents/projects/laravel-article-cms-Rest-API/database/migrations/2025_06_13_161847_create_analytics_table.php(14): Illuminate\\Support\\Facades\\Facade::__callStatic()
#9 /home/winston/Documents/projects/laravel-article-cms-Rest-API/vendor/laravel/framework/src/Illuminate/Database/Migrations/Migrator.php(507): Illuminate\\Database\\Migrations\\Migration@anonymous->up()
#10 /home/winston/Documents/projects/laravel-article-cms-Rest-API/vendor/laravel/framework/src/Illuminate/Database/Migrations/Migrator.php(432): Illuminate\\Database\\Migrations\\Migrator->runMethod()
#11 /home/winston/Documents/projects/laravel-article-cms-Rest-API/vendor/laravel/framework/src/Illuminate/Database/Migrations/Migrator.php(441): Illuminate\\Database\\Migrations\\Migrator->{closure:Illuminate\\Database\\Migrations\\Migrator::runMigration():428}()
#12 /home/winston/Documents/projects/laravel-article-cms-Rest-API/vendor/laravel/framework/src/Illuminate/Database/Migrations/Migrator.php(244): Illuminate\\Database\\Migrations\\Migrator->runMigration()
#13 /home/winston/Documents/projects/laravel-article-cms-Rest-API/vendor/laravel/framework/src/Illuminate/Console/View/Components/Task.php(40): Illuminate\\Database\\Migrations\\Migrator->{closure:Illuminate\\Database\\Migrations\\Migrator::runUp():244}()
#14 /home/winston/Documents/projects/laravel-article-cms-Rest-API/vendor/laravel/framework/src/Illuminate/Database/Migrations/Migrator.php(798): Illuminate\\Console\\View\\Components\\Task->render()
#15 /home/winston/Documents/projects/laravel-article-cms-Rest-API/vendor/laravel/framework/src/Illuminate/Database/Migrations/Migrator.php(244): Illuminate\\Database\\Migrations\\Migrator->write()
#16 /home/winston/Documents/projects/laravel-article-cms-Rest-API/vendor/laravel/framework/src/Illuminate/Database/Migrations/Migrator.php(211): Illuminate\\Database\\Migrations\\Migrator->runUp()
#17 /home/winston/Documents/projects/laravel-article-cms-Rest-API/vendor/laravel/framework/src/Illuminate/Database/Migrations/Migrator.php(138): Illuminate\\Database\\Migrations\\Migrator->runPending()
#18 /home/winston/Documents/projects/laravel-article-cms-Rest-API/vendor/laravel/framework/src/Illuminate/Database/Console/Migrations/MigrateCommand.php(117): Illuminate\\Database\\Migrations\\Migrator->run()
#19 /home/winston/Documents/projects/laravel-article-cms-Rest-API/vendor/laravel/framework/src/Illuminate/Database/Migrations/Migrator.php(658): Illuminate\\Database\\Console\\Migrations\\MigrateCommand->{closure:Illuminate\\Database\\Console\\Migrations\\MigrateCommand::runMigrations():110}()
#20 /home/winston/Documents/projects/laravel-article-cms-Rest-API/vendor/laravel/framework/src/Illuminate/Database/Console/Migrations/MigrateCommand.php(110): Illuminate\\Database\\Migrations\\Migrator->usingConnection()
#21 /home/winston/Documents/projects/laravel-article-cms-Rest-API/vendor/laravel/framework/src/Illuminate/Database/Console/Migrations/MigrateCommand.php(89): Illuminate\\Database\\Console\\Migrations\\MigrateCommand->runMigrations()
#22 /home/winston/Documents/projects/laravel-article-cms-Rest-API/vendor/laravel/framework/src/Illuminate/Container/BoundMethod.php(36): Illuminate\\Database\\Console\\Migrations\\MigrateCommand->handle()
#23 /home/winston/Documents/projects/laravel-article-cms-Rest-API/vendor/laravel/framework/src/Illuminate/Container/Util.php(43): Illuminate\\Container\\BoundMethod::{closure:Illuminate\\Container\\BoundMethod::call():35}()
#24 /home/winston/Documents/projects/laravel-article-cms-Rest-API/vendor/laravel/framework/src/Illuminate/Container/BoundMethod.php(95): Illuminate\\Container\\Util::unwrapIfClosure()
#25 /home/winston/Documents/projects/laravel-article-cms-Rest-API/vendor/laravel/framework/src/Illuminate/Container/BoundMethod.php(35): Illuminate\\Container\\BoundMethod::callBoundMethod()
#26 /home/winston/Documents/projects/laravel-article-cms-Rest-API/vendor/laravel/framework/src/Illuminate/Container/Container.php(696): Illuminate\\Container\\BoundMethod::call()
#27 /home/winston/Documents/projects/laravel-article-cms-Rest-API/vendor/laravel/framework/src/Illuminate/Console/Command.php(213): Illuminate\\Container\\Container->call()
#28 /home/winston/Documents/projects/laravel-article-cms-Rest-API/vendor/symfony/console/Command/Command.php(318): Illuminate\\Console\\Command->execute()
#29 /home/winston/Documents/projects/laravel-article-cms-Rest-API/vendor/laravel/framework/src/Illuminate/Console/Command.php(182): Symfony\\Component\\Console\\Command\\Command->run()
#30 /home/winston/Documents/projects/laravel-article-cms-Rest-API/vendor/laravel/framework/src/Illuminate/Console/Concerns/CallsCommands.php(68): Illuminate\\Console\\Command->run()
#31 /home/winston/Documents/projects/laravel-article-cms-Rest-API/vendor/laravel/framework/src/Illuminate/Console/Concerns/CallsCommands.php(29): Illuminate\\Console\\Command->runCommand()
#32 /home/winston/Documents/projects/laravel-article-cms-Rest-API/vendor/laravel/framework/src/Illuminate/Database/Console/Migrations/FreshCommand.php(82): Illuminate\\Console\\Command->call()
#33 /home/winston/Documents/projects/laravel-article-cms-Rest-API/vendor/laravel/framework/src/Illuminate/Container/BoundMethod.php(36): Illuminate\\Database\\Console\\Migrations\\FreshCommand->handle()
#34 /home/winston/Documents/projects/laravel-article-cms-Rest-API/vendor/laravel/framework/src/Illuminate/Container/Util.php(43): Illuminate\\Container\\BoundMethod::{closure:Illuminate\\Container\\BoundMethod::call():35}()
#35 /home/winston/Documents/projects/laravel-article-cms-Rest-API/vendor/laravel/framework/src/Illuminate/Container/BoundMethod.php(95): Illuminate\\Container\\Util::unwrapIfClosure()
#36 /home/winston/Documents/projects/laravel-article-cms-Rest-API/vendor/laravel/framework/src/Illuminate/Container/BoundMethod.php(35): Illuminate\\Container\\BoundMethod::callBoundMethod()
#37 /home/winston/Documents/projects/laravel-article-cms-Rest-API/vendor/laravel/framework/src/Illuminate/Container/Container.php(696): Illuminate\\Container\\BoundMethod::call()
#38 /home/winston/Documents/projects/laravel-article-cms-Rest-API/vendor/laravel/framework/src/Illuminate/Console/Command.php(213): Illuminate\\Container\\Container->call()
#39 /home/winston/Documents/projects/laravel-article-cms-Rest-API/vendor/symfony/console/Command/Command.php(318): Illuminate\\Console\\Command->execute()
#40 /home/winston/Documents/projects/laravel-article-cms-Rest-API/vendor/laravel/framework/src/Illuminate/Console/Command.php(182): Symfony\\Component\\Console\\Command\\Command->run()
#41 /home/winston/Documents/projects/laravel-article-cms-Rest-API/vendor/symfony/console/Application.php(1092): Illuminate\\Console\\Command->run()
#42 /home/winston/Documents/projects/laravel-article-cms-Rest-API/vendor/symfony/console/Application.php(341): Symfony\\Component\\Console\\Application->doRunCommand()
#43 /home/winston/Documents/projects/laravel-article-cms-Rest-API/vendor/symfony/console/Application.php(192): Symfony\\Component\\Console\\Application->doRun()
#44 /home/winston/Documents/projects/laravel-article-cms-Rest-API/vendor/laravel/framework/src/Illuminate/Foundation/Console/Kernel.php(198): Symfony\\Component\\Console\\Application->run()
#45 /home/winston/Documents/projects/laravel-article-cms-Rest-API/vendor/laravel/framework/src/Illuminate/Foundation/Application.php(1235): Illuminate\\Foundation\\Console\\Kernel->handle()
#46 /home/winston/Documents/projects/laravel-article-cms-Rest-API/artisan(13): Illuminate\\Foundation\\Application->handleCommand()
#47 {main}
"} 
[2025-06-14 07:44:27] local.INFO: Request Origin: http://localhost:3000  
[2025-06-14 07:44:27] local.ERROR: SQLSTATE[42S02]: Base table or view not found: 1146 Table 'backend.articles' doesn't exist (Connection: mysql, SQL: select * from `articles` where `slug` = article-title-17 limit 1) {"exception":"[object] (Illuminate\\Database\\QueryException(code: 42S02): SQLSTATE[42S02]: Base table or view not found: 1146 Table 'backend.articles' doesn't exist (Connection: mysql, SQL: select * from `articles` where `slug` = article-title-17 limit 1) at /home/winston/Documents/projects/laravel-article-cms-Rest-API/vendor/laravel/framework/src/Illuminate/Database/Connection.php:825)
[stacktrace]
#0 /home/winston/Documents/projects/laravel-article-cms-Rest-API/vendor/laravel/framework/src/Illuminate/Database/Connection.php(779): Illuminate\\Database\\Connection->runQueryCallback()
#1 /home/winston/Documents/projects/laravel-article-cms-Rest-API/vendor/laravel/framework/src/Illuminate/Database/Connection.php(398): Illuminate\\Database\\Connection->run()
#2 /home/winston/Documents/projects/laravel-article-cms-Rest-API/vendor/laravel/framework/src/Illuminate/Database/Query/Builder.php(3106): Illuminate\\Database\\Connection->select()
#3 /home/winston/Documents/projects/laravel-article-cms-Rest-API/vendor/laravel/framework/src/Illuminate/Database/Query/Builder.php(3091): Illuminate\\Database\\Query\\Builder->runSelect()
#4 /home/winston/Documents/projects/laravel-article-cms-Rest-API/vendor/laravel/framework/src/Illuminate/Database/Query/Builder.php(3676): Illuminate\\Database\\Query\\Builder->{closure:Illuminate\\Database\\Query\\Builder::get():3090}()
#5 /home/winston/Documents/projects/laravel-article-cms-Rest-API/vendor/laravel/framework/src/Illuminate/Database/Query/Builder.php(3090): Illuminate\\Database\\Query\\Builder->onceWithColumns()
#6 /home/winston/Documents/projects/laravel-article-cms-Rest-API/vendor/laravel/framework/src/Illuminate/Database/Eloquent/Builder.php(811): Illuminate\\Database\\Query\\Builder->get()
#7 /home/winston/Documents/projects/laravel-article-cms-Rest-API/vendor/laravel/framework/src/Illuminate/Database/Eloquent/Builder.php(793): Illuminate\\Database\\Eloquent\\Builder->getModels()
#8 /home/winston/Documents/projects/laravel-article-cms-Rest-API/vendor/laravel/framework/src/Illuminate/Database/Concerns/BuildsQueries.php(343): Illuminate\\Database\\Eloquent\\Builder->get()
#9 /home/winston/Documents/projects/laravel-article-cms-Rest-API/app/Http/Controllers/ArticleController.php(132): Illuminate\\Database\\Eloquent\\Builder->first()
#10 /home/winston/Documents/projects/laravel-article-cms-Rest-API/vendor/laravel/framework/src/Illuminate/Routing/ControllerDispatcher.php(47): App\\Http\\Controllers\\ArticleController->show()
#11 /home/winston/Documents/projects/laravel-article-cms-Rest-API/vendor/laravel/framework/src/Illuminate/Routing/Route.php(266): Illuminate\\Routing\\ControllerDispatcher->dispatch()
#12 /home/winston/Documents/projects/laravel-article-cms-Rest-API/vendor/laravel/framework/src/Illuminate/Routing/Route.php(212): Illuminate\\Routing\\Route->runController()
#13 /home/winston/Documents/projects/laravel-article-cms-Rest-API/vendor/laravel/framework/src/Illuminate/Routing/Router.php(808): Illuminate\\Routing\\Route->run()
#14 /home/winston/Documents/projects/laravel-article-cms-Rest-API/vendor/laravel/framework/src/Illuminate/Pipeline/Pipeline.php(170): Illuminate\\Routing\\Router->{closure:Illuminate\\Routing\\Router::runRouteWithinStack():807}()
#15 /home/winston/Documents/projects/laravel-article-cms-Rest-API/vendor/laravel/framework/src/Illuminate/Routing/Middleware/SubstituteBindings.php(51): Illuminate\\Pipeline\\Pipeline->{closure:Illuminate\\Pipeline\\Pipeline::prepareDestination():168}()
#16 /home/winston/Documents/projects/laravel-article-cms-Rest-API/vendor/laravel/framework/src/Illuminate/Pipeline/Pipeline.php(209): Illuminate\\Routing\\Middleware\\SubstituteBindings->handle()
#17 /home/winston/Documents/projects/laravel-article-cms-Rest-API/vendor/laravel/sanctum/src/Http/Middleware/EnsureFrontendRequestsAreStateful.php(26): Illuminate\\Pipeline\\Pipeline->{closure:{closure:Illuminate\\Pipeline\\Pipeline::carry():184}:185}()
#18 /home/winston/Documents/projects/laravel-article-cms-Rest-API/vendor/laravel/framework/src/Illuminate/Pipeline/Pipeline.php(170): Laravel\\Sanctum\\Http\\Middleware\\EnsureFrontendRequestsAreStateful->{closure:Laravel\\Sanctum\\Http\\Middleware\\EnsureFrontendRequestsAreStateful::handle():25}()
#19 /home/winston/Documents/projects/laravel-article-cms-Rest-API/vendor/laravel/framework/src/Illuminate/Pipeline/Pipeline.php(127): Illuminate\\Pipeline\\Pipeline->{closure:Illuminate\\Pipeline\\Pipeline::prepareDestination():168}()
#20 /home/winston/Documents/projects/laravel-article-cms-Rest-API/vendor/laravel/sanctum/src/Http/Middleware/EnsureFrontendRequestsAreStateful.php(25): Illuminate\\Pipeline\\Pipeline->then()
#21 /home/winston/Documents/projects/laravel-article-cms-Rest-API/vendor/laravel/framework/src/Illuminate/Pipeline/Pipeline.php(209): Laravel\\Sanctum\\Http\\Middleware\\EnsureFrontendRequestsAreStateful->handle()
#22 /home/winston/Documents/projects/laravel-article-cms-Rest-API/vendor/laravel/framework/src/Illuminate/Pipeline/Pipeline.php(127): Illuminate\\Pipeline\\Pipeline->{closure:{closure:Illuminate\\Pipeline\\Pipeline::carry():184}:185}()
#23 /home/winston/Documents/projects/laravel-article-cms-Rest-API/vendor/laravel/framework/src/Illuminate/Routing/Router.php(807): Illuminate\\Pipeline\\Pipeline->then()
#24 /home/winston/Documents/projects/laravel-article-cms-Rest-API/vendor/laravel/framework/src/Illuminate/Routing/Router.php(786): Illuminate\\Routing\\Router->runRouteWithinStack()
#25 /home/winston/Documents/projects/laravel-article-cms-Rest-API/vendor/laravel/framework/src/Illuminate/Routing/Router.php(750): Illuminate\\Routing\\Router->runRoute()
#26 /home/winston/Documents/projects/laravel-article-cms-Rest-API/vendor/laravel/framework/src/Illuminate/Routing/Router.php(739): Illuminate\\Routing\\Router->dispatchToRoute()
#27 /home/winston/Documents/projects/laravel-article-cms-Rest-API/vendor/laravel/framework/src/Illuminate/Foundation/Http/Kernel.php(201): Illuminate\\Routing\\Router->dispatch()
#28 /home/winston/Documents/projects/laravel-article-cms-Rest-API/vendor/laravel/framework/src/Illuminate/Pipeline/Pipeline.php(170): Illuminate\\Foundation\\Http\\Kernel->{closure:Illuminate\\Foundation\\Http\\Kernel::dispatchToRouter():198}()
#29 /home/winston/Documents/projects/laravel-article-cms-Rest-API/app/Http/Middleware/CorsMiddleware.php(26): Illuminate\\Pipeline\\Pipeline->{closure:Illuminate\\Pipeline\\Pipeline::prepareDestination():168}()
#30 /home/winston/Documents/projects/laravel-article-cms-Rest-API/vendor/laravel/framework/src/Illuminate/Pipeline/Pipeline.php(209): App\\Http\\Middleware\\CorsMiddleware->handle()
#31 /home/winston/Documents/projects/laravel-article-cms-Rest-API/vendor/laravel/framework/src/Illuminate/Foundation/Http/Middleware/TransformsRequest.php(21): Illuminate\\Pipeline\\Pipeline->{closure:{closure:Illuminate\\Pipeline\\Pipeline::carry():184}:185}()
#32 /home/winston/Documents/projects/laravel-article-cms-Rest-API/vendor/laravel/framework/src/Illuminate/Foundation/Http/Middleware/ConvertEmptyStringsToNull.php(31): Illuminate\\Foundation\\Http\\Middleware\\TransformsRequest->handle()
#33 /home/winston/Documents/projects/laravel-article-cms-Rest-API/vendor/laravel/framework/src/Illuminate/Pipeline/Pipeline.php(209): Illuminate\\Foundation\\Http\\Middleware\\ConvertEmptyStringsToNull->handle()
#34 /home/winston/Documents/projects/laravel-article-cms-Rest-API/vendor/laravel/framework/src/Illuminate/Foundation/Http/Middleware/TransformsRequest.php(21): Illuminate\\Pipeline\\Pipeline->{closure:{closure:Illuminate\\Pipeline\\Pipeline::carry():184}:185}()
#35 /home/winston/Documents/projects/laravel-article-cms-Rest-API/vendor/laravel/framework/src/Illuminate/Foundation/Http/Middleware/TrimStrings.php(51): Illuminate\\Foundation\\Http\\Middleware\\TransformsRequest->handle()
#36 /home/winston/Documents/projects/laravel-article-cms-Rest-API/vendor/laravel/framework/src/Illuminate/Pipeline/Pipeline.php(209): Illuminate\\Foundation\\Http\\Middleware\\TrimStrings->handle()
#37 /home/winston/Documents/projects/laravel-article-cms-Rest-API/vendor/laravel/framework/src/Illuminate/Http/Middleware/ValidatePostSize.php(27): Illuminate\\Pipeline\\Pipeline->{closure:{closure:Illuminate\\Pipeline\\Pipeline::carry():184}:185}()
#38 /home/winston/Documents/projects/laravel-article-cms-Rest-API/vendor/laravel/framework/src/Illuminate/Pipeline/Pipeline.php(209): Illuminate\\Http\\Middleware\\ValidatePostSize->handle()
#39 /home/winston/Documents/projects/laravel-article-cms-Rest-API/vendor/laravel/framework/src/Illuminate/Foundation/Http/Middleware/PreventRequestsDuringMaintenance.php(110): Illuminate\\Pipeline\\Pipeline->{closure:{closure:Illuminate\\Pipeline\\Pipeline::carry():184}:185}()
#40 /home/winston/Documents/projects/laravel-article-cms-Rest-API/vendor/laravel/framework/src/Illuminate/Pipeline/Pipeline.php(209): Illuminate\\Foundation\\Http\\Middleware\\PreventRequestsDuringMaintenance->handle()
#41 /home/winston/Documents/projects/laravel-article-cms-Rest-API/vendor/laravel/framework/src/Illuminate/Http/Middleware/HandleCors.php(62): Illuminate\\Pipeline\\Pipeline->{closure:{closure:Illuminate\\Pipeline\\Pipeline::carry():184}:185}()
#42 /home/winston/Documents/projects/laravel-article-cms-Rest-API/vendor/laravel/framework/src/Illuminate/Pipeline/Pipeline.php(209): Illuminate\\Http\\Middleware\\HandleCors->handle()
#43 /home/winston/Documents/projects/laravel-article-cms-Rest-API/vendor/laravel/framework/src/Illuminate/Http/Middleware/TrustProxies.php(58): Illuminate\\Pipeline\\Pipeline->{closure:{closure:Illuminate\\Pipeline\\Pipeline::carry():184}:185}()
#44 /home/winston/Documents/projects/laravel-article-cms-Rest-API/vendor/laravel/framework/src/Illuminate/Pipeline/Pipeline.php(209): Illuminate\\Http\\Middleware\\TrustProxies->handle()
#45 /home/winston/Documents/projects/laravel-article-cms-Rest-API/vendor/laravel/framework/src/Illuminate/Foundation/Http/Middleware/InvokeDeferredCallbacks.php(22): Illuminate\\Pipeline\\Pipeline->{closure:{closure:Illuminate\\Pipeline\\Pipeline::carry():184}:185}()
#46 /home/winston/Documents/projects/laravel-article-cms-Rest-API/vendor/laravel/framework/src/Illuminate/Pipeline/Pipeline.php(209): Illuminate\\Foundation\\Http\\Middleware\\InvokeDeferredCallbacks->handle()
#47 /home/winston/Documents/projects/laravel-article-cms-Rest-API/vendor/laravel/framework/src/Illuminate/Pipeline/Pipeline.php(127): Illuminate\\Pipeline\\Pipeline->{closure:{closure:Illuminate\\Pipeline\\Pipeline::carry():184}:185}()
#48 /home/winston/Documents/projects/laravel-article-cms-Rest-API/vendor/laravel/framework/src/Illuminate/Foundation/Http/Kernel.php(176): Illuminate\\Pipeline\\Pipeline->then()
#49 /home/winston/Documents/projects/laravel-article-cms-Rest-API/vendor/laravel/framework/src/Illuminate/Foundation/Http/Kernel.php(145): Illuminate\\Foundation\\Http\\Kernel->sendRequestThroughRouter()
#50 /home/winston/Documents/projects/laravel-article-cms-Rest-API/public/index.php(21): Illuminate\\Foundation\\Http\\Kernel->handle()
#51 /home/winston/Documents/projects/laravel-article-cms-Rest-API/vendor/laravel/framework/src/Illuminate/Foundation/resources/server.php(23): require_once('...')
#52 {main}

[previous exception] [object] (PDOException(code: 42S02): SQLSTATE[42S02]: Base table or view not found: 1146 Table 'backend.articles' doesn't exist at /home/winston/Documents/projects/laravel-article-cms-Rest-API/vendor/laravel/framework/src/Illuminate/Database/Connection.php:407)
[stacktrace]
#0 /home/winston/Documents/projects/laravel-article-cms-Rest-API/vendor/laravel/framework/src/Illuminate/Database/Connection.php(407): PDO->prepare()
#1 /home/winston/Documents/projects/laravel-article-cms-Rest-API/vendor/laravel/framework/src/Illuminate/Database/Connection.php(812): Illuminate\\Database\\Connection->{closure:Illuminate\\Database\\Connection::select():398}()
#2 /home/winston/Documents/projects/laravel-article-cms-Rest-API/vendor/laravel/framework/src/Illuminate/Database/Connection.php(779): Illuminate\\Database\\Connection->runQueryCallback()
#3 /home/winston/Documents/projects/laravel-article-cms-Rest-API/vendor/laravel/framework/src/Illuminate/Database/Connection.php(398): Illuminate\\Database\\Connection->run()
#4 /home/winston/Documents/projects/laravel-article-cms-Rest-API/vendor/laravel/framework/src/Illuminate/Database/Query/Builder.php(3106): Illuminate\\Database\\Connection->select()
#5 /home/winston/Documents/projects/laravel-article-cms-Rest-API/vendor/laravel/framework/src/Illuminate/Database/Query/Builder.php(3091): Illuminate\\Database\\Query\\Builder->runSelect()
#6 /home/winston/Documents/projects/laravel-article-cms-Rest-API/vendor/laravel/framework/src/Illuminate/Database/Query/Builder.php(3676): Illuminate\\Database\\Query\\Builder->{closure:Illuminate\\Database\\Query\\Builder::get():3090}()
#7 /home/winston/Documents/projects/laravel-article-cms-Rest-API/vendor/laravel/framework/src/Illuminate/Database/Query/Builder.php(3090): Illuminate\\Database\\Query\\Builder->onceWithColumns()
#8 /home/winston/Documents/projects/laravel-article-cms-Rest-API/vendor/laravel/framework/src/Illuminate/Database/Eloquent/Builder.php(811): Illuminate\\Database\\Query\\Builder->get()
#9 /home/winston/Documents/projects/laravel-article-cms-Rest-API/vendor/laravel/framework/src/Illuminate/Database/Eloquent/Builder.php(793): Illuminate\\Database\\Eloquent\\Builder->getModels()
#10 /home/winston/Documents/projects/laravel-article-cms-Rest-API/vendor/laravel/framework/src/Illuminate/Database/Concerns/BuildsQueries.php(343): Illuminate\\Database\\Eloquent\\Builder->get()
#11 /home/winston/Documents/projects/laravel-article-cms-Rest-API/app/Http/Controllers/ArticleController.php(132): Illuminate\\Database\\Eloquent\\Builder->first()
#12 /home/winston/Documents/projects/laravel-article-cms-Rest-API/vendor/laravel/framework/src/Illuminate/Routing/ControllerDispatcher.php(47): App\\Http\\Controllers\\ArticleController->show()
#13 /home/winston/Documents/projects/laravel-article-cms-Rest-API/vendor/laravel/framework/src/Illuminate/Routing/Route.php(266): Illuminate\\Routing\\ControllerDispatcher->dispatch()
#14 /home/winston/Documents/projects/laravel-article-cms-Rest-API/vendor/laravel/framework/src/Illuminate/Routing/Route.php(212): Illuminate\\Routing\\Route->runController()
#15 /home/winston/Documents/projects/laravel-article-cms-Rest-API/vendor/laravel/framework/src/Illuminate/Routing/Router.php(808): Illuminate\\Routing\\Route->run()
#16 /home/winston/Documents/projects/laravel-article-cms-Rest-API/vendor/laravel/framework/src/Illuminate/Pipeline/Pipeline.php(170): Illuminate\\Routing\\Router->{closure:Illuminate\\Routing\\Router::runRouteWithinStack():807}()
#17 /home/winston/Documents/projects/laravel-article-cms-Rest-API/vendor/laravel/framework/src/Illuminate/Routing/Middleware/SubstituteBindings.php(51): Illuminate\\Pipeline\\Pipeline->{closure:Illuminate\\Pipeline\\Pipeline::prepareDestination():168}()
#18 /home/winston/Documents/projects/laravel-article-cms-Rest-API/vendor/laravel/framework/src/Illuminate/Pipeline/Pipeline.php(209): Illuminate\\Routing\\Middleware\\SubstituteBindings->handle()
#19 /home/winston/Documents/projects/laravel-article-cms-Rest-API/vendor/laravel/sanctum/src/Http/Middleware/EnsureFrontendRequestsAreStateful.php(26): Illuminate\\Pipeline\\Pipeline->{closure:{closure:Illuminate\\Pipeline\\Pipeline::carry():184}:185}()
#20 /home/winston/Documents/projects/laravel-article-cms-Rest-API/vendor/laravel/framework/src/Illuminate/Pipeline/Pipeline.php(170): Laravel\\Sanctum\\Http\\Middleware\\EnsureFrontendRequestsAreStateful->{closure:Laravel\\Sanctum\\Http\\Middleware\\EnsureFrontendRequestsAreStateful::handle():25}()
#21 /home/winston/Documents/projects/laravel-article-cms-Rest-API/vendor/laravel/framework/src/Illuminate/Pipeline/Pipeline.php(127): Illuminate\\Pipeline\\Pipeline->{closure:Illuminate\\Pipeline\\Pipeline::prepareDestination():168}()
#22 /home/winston/Documents/projects/laravel-article-cms-Rest-API/vendor/laravel/sanctum/src/Http/Middleware/EnsureFrontendRequestsAreStateful.php(25): Illuminate\\Pipeline\\Pipeline->then()
#23 /home/winston/Documents/projects/laravel-article-cms-Rest-API/vendor/laravel/framework/src/Illuminate/Pipeline/Pipeline.php(209): Laravel\\Sanctum\\Http\\Middleware\\EnsureFrontendRequestsAreStateful->handle()
#24 /home/winston/Documents/projects/laravel-article-cms-Rest-API/vendor/laravel/framework/src/Illuminate/Pipeline/Pipeline.php(127): Illuminate\\Pipeline\\Pipeline->{closure:{closure:Illuminate\\Pipeline\\Pipeline::carry():184}:185}()
#25 /home/winston/Documents/projects/laravel-article-cms-Rest-API/vendor/laravel/framework/src/Illuminate/Routing/Router.php(807): Illuminate\\Pipeline\\Pipeline->then()
#26 /home/winston/Documents/projects/laravel-article-cms-Rest-API/vendor/laravel/framework/src/Illuminate/Routing/Router.php(786): Illuminate\\Routing\\Router->runRouteWithinStack()
#27 /home/winston/Documents/projects/laravel-article-cms-Rest-API/vendor/laravel/framework/src/Illuminate/Routing/Router.php(750): Illuminate\\Routing\\Router->runRoute()
#28 /home/winston/Documents/projects/laravel-article-cms-Rest-API/vendor/laravel/framework/src/Illuminate/Routing/Router.php(739): Illuminate\\Routing\\Router->dispatchToRoute()
#29 /home/winston/Documents/projects/laravel-article-cms-Rest-API/vendor/laravel/framework/src/Illuminate/Foundation/Http/Kernel.php(201): Illuminate\\Routing\\Router->dispatch()
#30 /home/winston/Documents/projects/laravel-article-cms-Rest-API/vendor/laravel/framework/src/Illuminate/Pipeline/Pipeline.php(170): Illuminate\\Foundation\\Http\\Kernel->{closure:Illuminate\\Foundation\\Http\\Kernel::dispatchToRouter():198}()
#31 /home/winston/Documents/projects/laravel-article-cms-Rest-API/app/Http/Middleware/CorsMiddleware.php(26): Illuminate\\Pipeline\\Pipeline->{closure:Illuminate\\Pipeline\\Pipeline::prepareDestination():168}()
#32 /home/winston/Documents/projects/laravel-article-cms-Rest-API/vendor/laravel/framework/src/Illuminate/Pipeline/Pipeline.php(209): App\\Http\\Middleware\\CorsMiddleware->handle()
#33 /home/winston/Documents/projects/laravel-article-cms-Rest-API/vendor/laravel/framework/src/Illuminate/Foundation/Http/Middleware/TransformsRequest.php(21): Illuminate\\Pipeline\\Pipeline->{closure:{closure:Illuminate\\Pipeline\\Pipeline::carry():184}:185}()
#34 /home/winston/Documents/projects/laravel-article-cms-Rest-API/vendor/laravel/framework/src/Illuminate/Foundation/Http/Middleware/ConvertEmptyStringsToNull.php(31): Illuminate\\Foundation\\Http\\Middleware\\TransformsRequest->handle()
#35 /home/winston/Documents/projects/laravel-article-cms-Rest-API/vendor/laravel/framework/src/Illuminate/Pipeline/Pipeline.php(209): Illuminate\\Foundation\\Http\\Middleware\\ConvertEmptyStringsToNull->handle()
#36 /home/winston/Documents/projects/laravel-article-cms-Rest-API/vendor/laravel/framework/src/Illuminate/Foundation/Http/Middleware/TransformsRequest.php(21): Illuminate\\Pipeline\\Pipeline->{closure:{closure:Illuminate\\Pipeline\\Pipeline::carry():184}:185}()
#37 /home/winston/Documents/projects/laravel-article-cms-Rest-API/vendor/laravel/framework/src/Illuminate/Foundation/Http/Middleware/TrimStrings.php(51): Illuminate\\Foundation\\Http\\Middleware\\TransformsRequest->handle()
#38 /home/winston/Documents/projects/laravel-article-cms-Rest-API/vendor/laravel/framework/src/Illuminate/Pipeline/Pipeline.php(209): Illuminate\\Foundation\\Http\\Middleware\\TrimStrings->handle()
#39 /home/winston/Documents/projects/laravel-article-cms-Rest-API/vendor/laravel/framework/src/Illuminate/Http/Middleware/ValidatePostSize.php(27): Illuminate\\Pipeline\\Pipeline->{closure:{closure:Illuminate\\Pipeline\\Pipeline::carry():184}:185}()
#40 /home/winston/Documents/projects/laravel-article-cms-Rest-API/vendor/laravel/framework/src/Illuminate/Pipeline/Pipeline.php(209): Illuminate\\Http\\Middleware\\ValidatePostSize->handle()
#41 /home/winston/Documents/projects/laravel-article-cms-Rest-API/vendor/laravel/framework/src/Illuminate/Foundation/Http/Middleware/PreventRequestsDuringMaintenance.php(110): Illuminate\\Pipeline\\Pipeline->{closure:{closure:Illuminate\\Pipeline\\Pipeline::carry():184}:185}()
#42 /home/winston/Documents/projects/laravel-article-cms-Rest-API/vendor/laravel/framework/src/Illuminate/Pipeline/Pipeline.php(209): Illuminate\\Foundation\\Http\\Middleware\\PreventRequestsDuringMaintenance->handle()
#43 /home/winston/Documents/projects/laravel-article-cms-Rest-API/vendor/laravel/framework/src/Illuminate/Http/Middleware/HandleCors.php(62): Illuminate\\Pipeline\\Pipeline->{closure:{closure:Illuminate\\Pipeline\\Pipeline::carry():184}:185}()
#44 /home/winston/Documents/projects/laravel-article-cms-Rest-API/vendor/laravel/framework/src/Illuminate/Pipeline/Pipeline.php(209): Illuminate\\Http\\Middleware\\HandleCors->handle()
#45 /home/winston/Documents/projects/laravel-article-cms-Rest-API/vendor/laravel/framework/src/Illuminate/Http/Middleware/TrustProxies.php(58): Illuminate\\Pipeline\\Pipeline->{closure:{closure:Illuminate\\Pipeline\\Pipeline::carry():184}:185}()
#46 /home/winston/Documents/projects/laravel-article-cms-Rest-API/vendor/laravel/framework/src/Illuminate/Pipeline/Pipeline.php(209): Illuminate\\Http\\Middleware\\TrustProxies->handle()
#47 /home/winston/Documents/projects/laravel-article-cms-Rest-API/vendor/laravel/framework/src/Illuminate/Foundation/Http/Middleware/InvokeDeferredCallbacks.php(22): Illuminate\\Pipeline\\Pipeline->{closure:{closure:Illuminate\\Pipeline\\Pipeline::carry():184}:185}()
#48 /home/winston/Documents/projects/laravel-article-cms-Rest-API/vendor/laravel/framework/src/Illuminate/Pipeline/Pipeline.php(209): Illuminate\\Foundation\\Http\\Middleware\\InvokeDeferredCallbacks->handle()
#49 /home/winston/Documents/projects/laravel-article-cms-Rest-API/vendor/laravel/framework/src/Illuminate/Pipeline/Pipeline.php(127): Illuminate\\Pipeline\\Pipeline->{closure:{closure:Illuminate\\Pipeline\\Pipeline::carry():184}:185}()
#50 /home/winston/Documents/projects/laravel-article-cms-Rest-API/vendor/laravel/framework/src/Illuminate/Foundation/Http/Kernel.php(176): Illuminate\\Pipeline\\Pipeline->then()
#51 /home/winston/Documents/projects/laravel-article-cms-Rest-API/vendor/laravel/framework/src/Illuminate/Foundation/Http/Kernel.php(145): Illuminate\\Foundation\\Http\\Kernel->sendRequestThroughRouter()
#52 /home/winston/Documents/projects/laravel-article-cms-Rest-API/public/index.php(21): Illuminate\\Foundation\\Http\\Kernel->handle()
#53 /home/winston/Documents/projects/laravel-article-cms-Rest-API/vendor/laravel/framework/src/Illuminate/Foundation/resources/server.php(23): require_once('...')
#54 {main}
"} 
[2025-06-14 07:44:27] local.INFO: Request Origin: http://localhost:3000  
[2025-06-14 07:44:27] local.ERROR: SQLSTATE[42S02]: Base table or view not found: 1146 Table 'backend.analytics' doesn't exist (Connection: mysql, SQL: insert into `analytics` (`eventType`, `url`, `path`, `referrer`, `timestamp`, `userId`, `browserName`, `browserVersion`, `os`, `deviceType`, `deviceVendor`, `deviceModel`, `cpuArchitecture`, `isArmCpu`, `isMobile`, `screenWidth`, `screenHeight`, `language`, `timezone`, `connectionType`, `updated_at`, `created_at`) values (pageview, http://localhost:3000/article/article-title-17, /article/article-title-17, ?, 2025-06-14T07:44:27.316Z, ?, Firefox, 139.0, Linux, desktop, unknown, unknown, amd64, 0, 0, 1920, 1080, en-US, Africa/Nouakchott, unknown, 2025-06-14 07:44:27, 2025-06-14 07:44:27)) {"exception":"[object] (Illuminate\\Database\\QueryException(code: 42S02): SQLSTATE[42S02]: Base table or view not found: 1146 Table 'backend.analytics' doesn't exist (Connection: mysql, SQL: insert into `analytics` (`eventType`, `url`, `path`, `referrer`, `timestamp`, `userId`, `browserName`, `browserVersion`, `os`, `deviceType`, `deviceVendor`, `deviceModel`, `cpuArchitecture`, `isArmCpu`, `isMobile`, `screenWidth`, `screenHeight`, `language`, `timezone`, `connectionType`, `updated_at`, `created_at`) values (pageview, http://localhost:3000/article/article-title-17, /article/article-title-17, ?, 2025-06-14T07:44:27.316Z, ?, Firefox, 139.0, Linux, desktop, unknown, unknown, amd64, 0, 0, 1920, 1080, en-US, Africa/Nouakchott, unknown, 2025-06-14 07:44:27, 2025-06-14 07:44:27)) at /home/winston/Documents/projects/laravel-article-cms-Rest-API/vendor/laravel/framework/src/Illuminate/Database/Connection.php:825)
[stacktrace]
#0 /home/winston/Documents/projects/laravel-article-cms-Rest-API/vendor/laravel/framework/src/Illuminate/Database/Connection.php(779): Illuminate\\Database\\Connection->runQueryCallback()
#1 /home/winston/Documents/projects/laravel-article-cms-Rest-API/vendor/laravel/framework/src/Illuminate/Database/MySqlConnection.php(42): Illuminate\\Database\\Connection->run()
#2 /home/winston/Documents/projects/laravel-article-cms-Rest-API/vendor/laravel/framework/src/Illuminate/Database/Query/Processors/MySqlProcessor.php(35): Illuminate\\Database\\MySqlConnection->insert()
#3 /home/winston/Documents/projects/laravel-article-cms-Rest-API/vendor/laravel/framework/src/Illuminate/Database/Query/Builder.php(3766): Illuminate\\Database\\Query\\Processors\\MySqlProcessor->processInsertGetId()
#4 /home/winston/Documents/projects/laravel-article-cms-Rest-API/vendor/laravel/framework/src/Illuminate/Database/Eloquent/Builder.php(2120): Illuminate\\Database\\Query\\Builder->insertGetId()
#5 /home/winston/Documents/projects/laravel-article-cms-Rest-API/vendor/laravel/framework/src/Illuminate/Database/Eloquent/Model.php(1359): Illuminate\\Database\\Eloquent\\Builder->__call()
#6 /home/winston/Documents/projects/laravel-article-cms-Rest-API/vendor/laravel/framework/src/Illuminate/Database/Eloquent/Model.php(1324): Illuminate\\Database\\Eloquent\\Model->insertAndSetId()
#7 /home/winston/Documents/projects/laravel-article-cms-Rest-API/vendor/laravel/framework/src/Illuminate/Database/Eloquent/Model.php(1163): Illuminate\\Database\\Eloquent\\Model->performInsert()
#8 /home/winston/Documents/projects/laravel-article-cms-Rest-API/vendor/laravel/framework/src/Illuminate/Database/Eloquent/Builder.php(1128): Illuminate\\Database\\Eloquent\\Model->save()
#9 /home/winston/Documents/projects/laravel-article-cms-Rest-API/vendor/laravel/framework/src/Illuminate/Support/helpers.php(399): Illuminate\\Database\\Eloquent\\Builder->{closure:Illuminate\\Database\\Eloquent\\Builder::create():1127}()
#10 /home/winston/Documents/projects/laravel-article-cms-Rest-API/vendor/laravel/framework/src/Illuminate/Database/Eloquent/Builder.php(1127): tap()
#11 /home/winston/Documents/projects/laravel-article-cms-Rest-API/vendor/laravel/framework/src/Illuminate/Support/Traits/ForwardsCalls.php(23): Illuminate\\Database\\Eloquent\\Builder->create()
#12 /home/winston/Documents/projects/laravel-article-cms-Rest-API/vendor/laravel/framework/src/Illuminate/Database/Eloquent/Model.php(2372): Illuminate\\Database\\Eloquent\\Model->forwardCallTo()
#13 /home/winston/Documents/projects/laravel-article-cms-Rest-API/vendor/laravel/framework/src/Illuminate/Database/Eloquent/Model.php(2384): Illuminate\\Database\\Eloquent\\Model->__call()
#14 /home/winston/Documents/projects/laravel-article-cms-Rest-API/app/Http/Controllers/AnalyticsController.php(32): Illuminate\\Database\\Eloquent\\Model::__callStatic()
#15 /home/winston/Documents/projects/laravel-article-cms-Rest-API/vendor/laravel/framework/src/Illuminate/Routing/ControllerDispatcher.php(47): App\\Http\\Controllers\\AnalyticsController->store()
#16 /home/winston/Documents/projects/laravel-article-cms-Rest-API/vendor/laravel/framework/src/Illuminate/Routing/Route.php(266): Illuminate\\Routing\\ControllerDispatcher->dispatch()
#17 /home/winston/Documents/projects/laravel-article-cms-Rest-API/vendor/laravel/framework/src/Illuminate/Routing/Route.php(212): Illuminate\\Routing\\Route->runController()
#18 /home/winston/Documents/projects/laravel-article-cms-Rest-API/vendor/laravel/framework/src/Illuminate/Routing/Router.php(808): Illuminate\\Routing\\Route->run()
#19 /home/winston/Documents/projects/laravel-article-cms-Rest-API/vendor/laravel/framework/src/Illuminate/Pipeline/Pipeline.php(170): Illuminate\\Routing\\Router->{closure:Illuminate\\Routing\\Router::runRouteWithinStack():807}()
#20 /home/winston/Documents/projects/laravel-article-cms-Rest-API/vendor/laravel/framework/src/Illuminate/Routing/Middleware/SubstituteBindings.php(51): Illuminate\\Pipeline\\Pipeline->{closure:Illuminate\\Pipeline\\Pipeline::prepareDestination():168}()
#21 /home/winston/Documents/projects/laravel-article-cms-Rest-API/vendor/laravel/framework/src/Illuminate/Pipeline/Pipeline.php(209): Illuminate\\Routing\\Middleware\\SubstituteBindings->handle()
#22 /home/winston/Documents/projects/laravel-article-cms-Rest-API/vendor/laravel/sanctum/src/Http/Middleware/EnsureFrontendRequestsAreStateful.php(26): Illuminate\\Pipeline\\Pipeline->{closure:{closure:Illuminate\\Pipeline\\Pipeline::carry():184}:185}()
#23 /home/winston/Documents/projects/laravel-article-cms-Rest-API/vendor/laravel/framework/src/Illuminate/Pipeline/Pipeline.php(170): Laravel\\Sanctum\\Http\\Middleware\\EnsureFrontendRequestsAreStateful->{closure:Laravel\\Sanctum\\Http\\Middleware\\EnsureFrontendRequestsAreStateful::handle():25}()
#24 /home/winston/Documents/projects/laravel-article-cms-Rest-API/vendor/laravel/framework/src/Illuminate/Pipeline/Pipeline.php(127): Illuminate\\Pipeline\\Pipeline->{closure:Illuminate\\Pipeline\\Pipeline::prepareDestination():168}()
#25 /home/winston/Documents/projects/laravel-article-cms-Rest-API/vendor/laravel/sanctum/src/Http/Middleware/EnsureFrontendRequestsAreStateful.php(25): Illuminate\\Pipeline\\Pipeline->then()
#26 /home/winston/Documents/projects/laravel-article-cms-Rest-API/vendor/laravel/framework/src/Illuminate/Pipeline/Pipeline.php(209): Laravel\\Sanctum\\Http\\Middleware\\EnsureFrontendRequestsAreStateful->handle()
#27 /home/winston/Documents/projects/laravel-article-cms-Rest-API/vendor/laravel/framework/src/Illuminate/Pipeline/Pipeline.php(127): Illuminate\\Pipeline\\Pipeline->{closure:{closure:Illuminate\\Pipeline\\Pipeline::carry():184}:185}()
#28 /home/winston/Documents/projects/laravel-article-cms-Rest-API/vendor/laravel/framework/src/Illuminate/Routing/Router.php(807): Illuminate\\Pipeline\\Pipeline->then()
#29 /home/winston/Documents/projects/laravel-article-cms-Rest-API/vendor/laravel/framework/src/Illuminate/Routing/Router.php(786): Illuminate\\Routing\\Router->runRouteWithinStack()
#30 /home/winston/Documents/projects/laravel-article-cms-Rest-API/vendor/laravel/framework/src/Illuminate/Routing/Router.php(750): Illuminate\\Routing\\Router->runRoute()
#31 /home/winston/Documents/projects/laravel-article-cms-Rest-API/vendor/laravel/framework/src/Illuminate/Routing/Router.php(739): Illuminate\\Routing\\Router->dispatchToRoute()
#32 /home/winston/Documents/projects/laravel-article-cms-Rest-API/vendor/laravel/framework/src/Illuminate/Foundation/Http/Kernel.php(201): Illuminate\\Routing\\Router->dispatch()
#33 /home/winston/Documents/projects/laravel-article-cms-Rest-API/vendor/laravel/framework/src/Illuminate/Pipeline/Pipeline.php(170): Illuminate\\Foundation\\Http\\Kernel->{closure:Illuminate\\Foundation\\Http\\Kernel::dispatchToRouter():198}()
#34 /home/winston/Documents/projects/laravel-article-cms-Rest-API/app/Http/Middleware/CorsMiddleware.php(26): Illuminate\\Pipeline\\Pipeline->{closure:Illuminate\\Pipeline\\Pipeline::prepareDestination():168}()
#35 /home/winston/Documents/projects/laravel-article-cms-Rest-API/vendor/laravel/framework/src/Illuminate/Pipeline/Pipeline.php(209): App\\Http\\Middleware\\CorsMiddleware->handle()
#36 /home/winston/Documents/projects/laravel-article-cms-Rest-API/vendor/laravel/framework/src/Illuminate/Foundation/Http/Middleware/TransformsRequest.php(21): Illuminate\\Pipeline\\Pipeline->{closure:{closure:Illuminate\\Pipeline\\Pipeline::carry():184}:185}()
#37 /home/winston/Documents/projects/laravel-article-cms-Rest-API/vendor/laravel/framework/src/Illuminate/Foundation/Http/Middleware/ConvertEmptyStringsToNull.php(31): Illuminate\\Foundation\\Http\\Middleware\\TransformsRequest->handle()
#38 /home/winston/Documents/projects/laravel-article-cms-Rest-API/vendor/laravel/framework/src/Illuminate/Pipeline/Pipeline.php(209): Illuminate\\Foundation\\Http\\Middleware\\ConvertEmptyStringsToNull->handle()
#39 /home/winston/Documents/projects/laravel-article-cms-Rest-API/vendor/laravel/framework/src/Illuminate/Foundation/Http/Middleware/TransformsRequest.php(21): Illuminate\\Pipeline\\Pipeline->{closure:{closure:Illuminate\\Pipeline\\Pipeline::carry():184}:185}()
#40 /home/winston/Documents/projects/laravel-article-cms-Rest-API/vendor/laravel/framework/src/Illuminate/Foundation/Http/Middleware/TrimStrings.php(51): Illuminate\\Foundation\\Http\\Middleware\\TransformsRequest->handle()
#41 /home/winston/Documents/projects/laravel-article-cms-Rest-API/vendor/laravel/framework/src/Illuminate/Pipeline/Pipeline.php(209): Illuminate\\Foundation\\Http\\Middleware\\TrimStrings->handle()
#42 /home/winston/Documents/projects/laravel-article-cms-Rest-API/vendor/laravel/framework/src/Illuminate/Http/Middleware/ValidatePostSize.php(27): Illuminate\\Pipeline\\Pipeline->{closure:{closure:Illuminate\\Pipeline\\Pipeline::carry():184}:185}()
#43 /home/winston/Documents/projects/laravel-article-cms-Rest-API/vendor/laravel/framework/src/Illuminate/Pipeline/Pipeline.php(209): Illuminate\\Http\\Middleware\\ValidatePostSize->handle()
#44 /home/winston/Documents/projects/laravel-article-cms-Rest-API/vendor/laravel/framework/src/Illuminate/Foundation/Http/Middleware/PreventRequestsDuringMaintenance.php(110): Illuminate\\Pipeline\\Pipeline->{closure:{closure:Illuminate\\Pipeline\\Pipeline::carry():184}:185}()
#45 /home/winston/Documents/projects/laravel-article-cms-Rest-API/vendor/laravel/framework/src/Illuminate/Pipeline/Pipeline.php(209): Illuminate\\Foundation\\Http\\Middleware\\PreventRequestsDuringMaintenance->handle()
#46 /home/winston/Documents/projects/laravel-article-cms-Rest-API/vendor/laravel/framework/src/Illuminate/Http/Middleware/HandleCors.php(62): Illuminate\\Pipeline\\Pipeline->{closure:{closure:Illuminate\\Pipeline\\Pipeline::carry():184}:185}()
#47 /home/winston/Documents/projects/laravel-article-cms-Rest-API/vendor/laravel/framework/src/Illuminate/Pipeline/Pipeline.php(209): Illuminate\\Http\\Middleware\\HandleCors->handle()
#48 /home/winston/Documents/projects/laravel-article-cms-Rest-API/vendor/laravel/framework/src/Illuminate/Http/Middleware/TrustProxies.php(58): Illuminate\\Pipeline\\Pipeline->{closure:{closure:Illuminate\\Pipeline\\Pipeline::carry():184}:185}()
#49 /home/winston/Documents/projects/laravel-article-cms-Rest-API/vendor/laravel/framework/src/Illuminate/Pipeline/Pipeline.php(209): Illuminate\\Http\\Middleware\\TrustProxies->handle()
#50 /home/winston/Documents/projects/laravel-article-cms-Rest-API/vendor/laravel/framework/src/Illuminate/Foundation/Http/Middleware/InvokeDeferredCallbacks.php(22): Illuminate\\Pipeline\\Pipeline->{closure:{closure:Illuminate\\Pipeline\\Pipeline::carry():184}:185}()
#51 /home/winston/Documents/projects/laravel-article-cms-Rest-API/vendor/laravel/framework/src/Illuminate/Pipeline/Pipeline.php(209): Illuminate\\Foundation\\Http\\Middleware\\InvokeDeferredCallbacks->handle()
#52 /home/winston/Documents/projects/laravel-article-cms-Rest-API/vendor/laravel/framework/src/Illuminate/Pipeline/Pipeline.php(127): Illuminate\\Pipeline\\Pipeline->{closure:{closure:Illuminate\\Pipeline\\Pipeline::carry():184}:185}()
#53 /home/winston/Documents/projects/laravel-article-cms-Rest-API/vendor/laravel/framework/src/Illuminate/Foundation/Http/Kernel.php(176): Illuminate\\Pipeline\\Pipeline->then()
#54 /home/winston/Documents/projects/laravel-article-cms-Rest-API/vendor/laravel/framework/src/Illuminate/Foundation/Http/Kernel.php(145): Illuminate\\Foundation\\Http\\Kernel->sendRequestThroughRouter()
#55 /home/winston/Documents/projects/laravel-article-cms-Rest-API/public/index.php(21): Illuminate\\Foundation\\Http\\Kernel->handle()
#56 /home/winston/Documents/projects/laravel-article-cms-Rest-API/vendor/laravel/framework/src/Illuminate/Foundation/resources/server.php(23): require_once('...')
#57 {main}

[previous exception] [object] (PDOException(code: 42S02): SQLSTATE[42S02]: Base table or view not found: 1146 Table 'backend.analytics' doesn't exist at /home/winston/Documents/projects/laravel-article-cms-Rest-API/vendor/laravel/framework/src/Illuminate/Database/MySqlConnection.php:47)
[stacktrace]
#0 /home/winston/Documents/projects/laravel-article-cms-Rest-API/vendor/laravel/framework/src/Illuminate/Database/MySqlConnection.php(47): PDO->prepare()
#1 /home/winston/Documents/projects/laravel-article-cms-Rest-API/vendor/laravel/framework/src/Illuminate/Database/Connection.php(812): Illuminate\\Database\\MySqlConnection->{closure:Illuminate\\Database\\MySqlConnection::insert():42}()
#2 /home/winston/Documents/projects/laravel-article-cms-Rest-API/vendor/laravel/framework/src/Illuminate/Database/Connection.php(779): Illuminate\\Database\\Connection->runQueryCallback()
#3 /home/winston/Documents/projects/laravel-article-cms-Rest-API/vendor/laravel/framework/src/Illuminate/Database/MySqlConnection.php(42): Illuminate\\Database\\Connection->run()
#4 /home/winston/Documents/projects/laravel-article-cms-Rest-API/vendor/laravel/framework/src/Illuminate/Database/Query/Processors/MySqlProcessor.php(35): Illuminate\\Database\\MySqlConnection->insert()
#5 /home/winston/Documents/projects/laravel-article-cms-Rest-API/vendor/laravel/framework/src/Illuminate/Database/Query/Builder.php(3766): Illuminate\\Database\\Query\\Processors\\MySqlProcessor->processInsertGetId()
#6 /home/winston/Documents/projects/laravel-article-cms-Rest-API/vendor/laravel/framework/src/Illuminate/Database/Eloquent/Builder.php(2120): Illuminate\\Database\\Query\\Builder->insertGetId()
#7 /home/winston/Documents/projects/laravel-article-cms-Rest-API/vendor/laravel/framework/src/Illuminate/Database/Eloquent/Model.php(1359): Illuminate\\Database\\Eloquent\\Builder->__call()
#8 /home/winston/Documents/projects/laravel-article-cms-Rest-API/vendor/laravel/framework/src/Illuminate/Database/Eloquent/Model.php(1324): Illuminate\\Database\\Eloquent\\Model->insertAndSetId()
#9 /home/winston/Documents/projects/laravel-article-cms-Rest-API/vendor/laravel/framework/src/Illuminate/Database/Eloquent/Model.php(1163): Illuminate\\Database\\Eloquent\\Model->performInsert()
#10 /home/winston/Documents/projects/laravel-article-cms-Rest-API/vendor/laravel/framework/src/Illuminate/Database/Eloquent/Builder.php(1128): Illuminate\\Database\\Eloquent\\Model->save()
#11 /home/winston/Documents/projects/laravel-article-cms-Rest-API/vendor/laravel/framework/src/Illuminate/Support/helpers.php(399): Illuminate\\Database\\Eloquent\\Builder->{closure:Illuminate\\Database\\Eloquent\\Builder::create():1127}()
#12 /home/winston/Documents/projects/laravel-article-cms-Rest-API/vendor/laravel/framework/src/Illuminate/Database/Eloquent/Builder.php(1127): tap()
#13 /home/winston/Documents/projects/laravel-article-cms-Rest-API/vendor/laravel/framework/src/Illuminate/Support/Traits/ForwardsCalls.php(23): Illuminate\\Database\\Eloquent\\Builder->create()
#14 /home/winston/Documents/projects/laravel-article-cms-Rest-API/vendor/laravel/framework/src/Illuminate/Database/Eloquent/Model.php(2372): Illuminate\\Database\\Eloquent\\Model->forwardCallTo()
#15 /home/winston/Documents/projects/laravel-article-cms-Rest-API/vendor/laravel/framework/src/Illuminate/Database/Eloquent/Model.php(2384): Illuminate\\Database\\Eloquent\\Model->__call()
#16 /home/winston/Documents/projects/laravel-article-cms-Rest-API/app/Http/Controllers/AnalyticsController.php(32): Illuminate\\Database\\Eloquent\\Model::__callStatic()
#17 /home/winston/Documents/projects/laravel-article-cms-Rest-API/vendor/laravel/framework/src/Illuminate/Routing/ControllerDispatcher.php(47): App\\Http\\Controllers\\AnalyticsController->store()
#18 /home/winston/Documents/projects/laravel-article-cms-Rest-API/vendor/laravel/framework/src/Illuminate/Routing/Route.php(266): Illuminate\\Routing\\ControllerDispatcher->dispatch()
#19 /home/winston/Documents/projects/laravel-article-cms-Rest-API/vendor/laravel/framework/src/Illuminate/Routing/Route.php(212): Illuminate\\Routing\\Route->runController()
#20 /home/winston/Documents/projects/laravel-article-cms-Rest-API/vendor/laravel/framework/src/Illuminate/Routing/Router.php(808): Illuminate\\Routing\\Route->run()
#21 /home/winston/Documents/projects/laravel-article-cms-Rest-API/vendor/laravel/framework/src/Illuminate/Pipeline/Pipeline.php(170): Illuminate\\Routing\\Router->{closure:Illuminate\\Routing\\Router::runRouteWithinStack():807}()
#22 /home/winston/Documents/projects/laravel-article-cms-Rest-API/vendor/laravel/framework/src/Illuminate/Routing/Middleware/SubstituteBindings.php(51): Illuminate\\Pipeline\\Pipeline->{closure:Illuminate\\Pipeline\\Pipeline::prepareDestination():168}()
#23 /home/winston/Documents/projects/laravel-article-cms-Rest-API/vendor/laravel/framework/src/Illuminate/Pipeline/Pipeline.php(209): Illuminate\\Routing\\Middleware\\SubstituteBindings->handle()
#24 /home/winston/Documents/projects/laravel-article-cms-Rest-API/vendor/laravel/sanctum/src/Http/Middleware/EnsureFrontendRequestsAreStateful.php(26): Illuminate\\Pipeline\\Pipeline->{closure:{closure:Illuminate\\Pipeline\\Pipeline::carry():184}:185}()
#25 /home/winston/Documents/projects/laravel-article-cms-Rest-API/vendor/laravel/framework/src/Illuminate/Pipeline/Pipeline.php(170): Laravel\\Sanctum\\Http\\Middleware\\EnsureFrontendRequestsAreStateful->{closure:Laravel\\Sanctum\\Http\\Middleware\\EnsureFrontendRequestsAreStateful::handle():25}()
#26 /home/winston/Documents/projects/laravel-article-cms-Rest-API/vendor/laravel/framework/src/Illuminate/Pipeline/Pipeline.php(127): Illuminate\\Pipeline\\Pipeline->{closure:Illuminate\\Pipeline\\Pipeline::prepareDestination():168}()
#27 /home/winston/Documents/projects/laravel-article-cms-Rest-API/vendor/laravel/sanctum/src/Http/Middleware/EnsureFrontendRequestsAreStateful.php(25): Illuminate\\Pipeline\\Pipeline->then()
#28 /home/winston/Documents/projects/laravel-article-cms-Rest-API/vendor/laravel/framework/src/Illuminate/Pipeline/Pipeline.php(209): Laravel\\Sanctum\\Http\\Middleware\\EnsureFrontendRequestsAreStateful->handle()
#29 /home/winston/Documents/projects/laravel-article-cms-Rest-API/vendor/laravel/framework/src/Illuminate/Pipeline/Pipeline.php(127): Illuminate\\Pipeline\\Pipeline->{closure:{closure:Illuminate\\Pipeline\\Pipeline::carry():184}:185}()
#30 /home/winston/Documents/projects/laravel-article-cms-Rest-API/vendor/laravel/framework/src/Illuminate/Routing/Router.php(807): Illuminate\\Pipeline\\Pipeline->then()
#31 /home/winston/Documents/projects/laravel-article-cms-Rest-API/vendor/laravel/framework/src/Illuminate/Routing/Router.php(786): Illuminate\\Routing\\Router->runRouteWithinStack()
#32 /home/winston/Documents/projects/laravel-article-cms-Rest-API/vendor/laravel/framework/src/Illuminate/Routing/Router.php(750): Illuminate\\Routing\\Router->runRoute()
#33 /home/winston/Documents/projects/laravel-article-cms-Rest-API/vendor/laravel/framework/src/Illuminate/Routing/Router.php(739): Illuminate\\Routing\\Router->dispatchToRoute()
#34 /home/winston/Documents/projects/laravel-article-cms-Rest-API/vendor/laravel/framework/src/Illuminate/Foundation/Http/Kernel.php(201): Illuminate\\Routing\\Router->dispatch()
#35 /home/winston/Documents/projects/laravel-article-cms-Rest-API/vendor/laravel/framework/src/Illuminate/Pipeline/Pipeline.php(170): Illuminate\\Foundation\\Http\\Kernel->{closure:Illuminate\\Foundation\\Http\\Kernel::dispatchToRouter():198}()
#36 /home/winston/Documents/projects/laravel-article-cms-Rest-API/app/Http/Middleware/CorsMiddleware.php(26): Illuminate\\Pipeline\\Pipeline->{closure:Illuminate\\Pipeline\\Pipeline::prepareDestination():168}()
#37 /home/winston/Documents/projects/laravel-article-cms-Rest-API/vendor/laravel/framework/src/Illuminate/Pipeline/Pipeline.php(209): App\\Http\\Middleware\\CorsMiddleware->handle()
#38 /home/winston/Documents/projects/laravel-article-cms-Rest-API/vendor/laravel/framework/src/Illuminate/Foundation/Http/Middleware/TransformsRequest.php(21): Illuminate\\Pipeline\\Pipeline->{closure:{closure:Illuminate\\Pipeline\\Pipeline::carry():184}:185}()
#39 /home/winston/Documents/projects/laravel-article-cms-Rest-API/vendor/laravel/framework/src/Illuminate/Foundation/Http/Middleware/ConvertEmptyStringsToNull.php(31): Illuminate\\Foundation\\Http\\Middleware\\TransformsRequest->handle()
#40 /home/winston/Documents/projects/laravel-article-cms-Rest-API/vendor/laravel/framework/src/Illuminate/Pipeline/Pipeline.php(209): Illuminate\\Foundation\\Http\\Middleware\\ConvertEmptyStringsToNull->handle()
#41 /home/winston/Documents/projects/laravel-article-cms-Rest-API/vendor/laravel/framework/src/Illuminate/Foundation/Http/Middleware/TransformsRequest.php(21): Illuminate\\Pipeline\\Pipeline->{closure:{closure:Illuminate\\Pipeline\\Pipeline::carry():184}:185}()
#42 /home/winston/Documents/projects/laravel-article-cms-Rest-API/vendor/laravel/framework/src/Illuminate/Foundation/Http/Middleware/TrimStrings.php(51): Illuminate\\Foundation\\Http\\Middleware\\TransformsRequest->handle()
#43 /home/winston/Documents/projects/laravel-article-cms-Rest-API/vendor/laravel/framework/src/Illuminate/Pipeline/Pipeline.php(209): Illuminate\\Foundation\\Http\\Middleware\\TrimStrings->handle()
#44 /home/winston/Documents/projects/laravel-article-cms-Rest-API/vendor/laravel/framework/src/Illuminate/Http/Middleware/ValidatePostSize.php(27): Illuminate\\Pipeline\\Pipeline->{closure:{closure:Illuminate\\Pipeline\\Pipeline::carry():184}:185}()
#45 /home/winston/Documents/projects/laravel-article-cms-Rest-API/vendor/laravel/framework/src/Illuminate/Pipeline/Pipeline.php(209): Illuminate\\Http\\Middleware\\ValidatePostSize->handle()
#46 /home/winston/Documents/projects/laravel-article-cms-Rest-API/vendor/laravel/framework/src/Illuminate/Foundation/Http/Middleware/PreventRequestsDuringMaintenance.php(110): Illuminate\\Pipeline\\Pipeline->{closure:{closure:Illuminate\\Pipeline\\Pipeline::carry():184}:185}()
#47 /home/winston/Documents/projects/laravel-article-cms-Rest-API/vendor/laravel/framework/src/Illuminate/Pipeline/Pipeline.php(209): Illuminate\\Foundation\\Http\\Middleware\\PreventRequestsDuringMaintenance->handle()
#48 /home/winston/Documents/projects/laravel-article-cms-Rest-API/vendor/laravel/framework/src/Illuminate/Http/Middleware/HandleCors.php(62): Illuminate\\Pipeline\\Pipeline->{closure:{closure:Illuminate\\Pipeline\\Pipeline::carry():184}:185}()
#49 /home/winston/Documents/projects/laravel-article-cms-Rest-API/vendor/laravel/framework/src/Illuminate/Pipeline/Pipeline.php(209): Illuminate\\Http\\Middleware\\HandleCors->handle()
#50 /home/winston/Documents/projects/laravel-article-cms-Rest-API/vendor/laravel/framework/src/Illuminate/Http/Middleware/TrustProxies.php(58): Illuminate\\Pipeline\\Pipeline->{closure:{closure:Illuminate\\Pipeline\\Pipeline::carry():184}:185}()
#51 /home/winston/Documents/projects/laravel-article-cms-Rest-API/vendor/laravel/framework/src/Illuminate/Pipeline/Pipeline.php(209): Illuminate\\Http\\Middleware\\TrustProxies->handle()
#52 /home/winston/Documents/projects/laravel-article-cms-Rest-API/vendor/laravel/framework/src/Illuminate/Foundation/Http/Middleware/InvokeDeferredCallbacks.php(22): Illuminate\\Pipeline\\Pipeline->{closure:{closure:Illuminate\\Pipeline\\Pipeline::carry():184}:185}()
#53 /home/winston/Documents/projects/laravel-article-cms-Rest-API/vendor/laravel/framework/src/Illuminate/Pipeline/Pipeline.php(209): Illuminate\\Foundation\\Http\\Middleware\\InvokeDeferredCallbacks->handle()
#54 /home/winston/Documents/projects/laravel-article-cms-Rest-API/vendor/laravel/framework/src/Illuminate/Pipeline/Pipeline.php(127): Illuminate\\Pipeline\\Pipeline->{closure:{closure:Illuminate\\Pipeline\\Pipeline::carry():184}:185}()
#55 /home/winston/Documents/projects/laravel-article-cms-Rest-API/vendor/laravel/framework/src/Illuminate/Foundation/Http/Kernel.php(176): Illuminate\\Pipeline\\Pipeline->then()
#56 /home/winston/Documents/projects/laravel-article-cms-Rest-API/vendor/laravel/framework/src/Illuminate/Foundation/Http/Kernel.php(145): Illuminate\\Foundation\\Http\\Kernel->sendRequestThroughRouter()
#57 /home/winston/Documents/projects/laravel-article-cms-Rest-API/public/index.php(21): Illuminate\\Foundation\\Http\\Kernel->handle()
#58 /home/winston/Documents/projects/laravel-article-cms-Rest-API/vendor/laravel/framework/src/Illuminate/Foundation/resources/server.php(23): require_once('...')
#59 {main}
"} 
[2025-06-14 07:44:58] local.ERROR: SQLSTATE[42S21]: Column already exists: 1060 Duplicate column name 'isArmCpu' (Connection: mysql, SQL: create table `analytics` (`id` bigint unsigned not null auto_increment primary key, `eventType` varchar(255) null, `url` varchar(255) null, `path` varchar(255) null, `referrer` varchar(255) null, `timestamp` varchar(255) null, `userId` varchar(255) null, `browserName` varchar(255) null, `browserVersion` varchar(255) null, `os` varchar(255) null, `deviceType` varchar(255) null, `deviceVendor` varchar(255) null, `deviceModel` varchar(255) null, `cpuArchitecture` varchar(255) null, `isArmCpu` varchar(255) null, `isMobile` varchar(255) null, `isArmCpu` varchar(255) null, `screenWidth` varchar(255) null, `screenHeight` varchar(255) null, `language` varchar(255) null, `timezone` varchar(255) null, `connectionType` varchar(255) null, `created_at` timestamp null, `updated_at` timestamp null) default character set utf8mb4 collate 'utf8mb4_unicode_ci') {"exception":"[object] (Illuminate\\Database\\QueryException(code: 42S21): SQLSTATE[42S21]: Column already exists: 1060 Duplicate column name 'isArmCpu' (Connection: mysql, SQL: create table `analytics` (`id` bigint unsigned not null auto_increment primary key, `eventType` varchar(255) null, `url` varchar(255) null, `path` varchar(255) null, `referrer` varchar(255) null, `timestamp` varchar(255) null, `userId` varchar(255) null, `browserName` varchar(255) null, `browserVersion` varchar(255) null, `os` varchar(255) null, `deviceType` varchar(255) null, `deviceVendor` varchar(255) null, `deviceModel` varchar(255) null, `cpuArchitecture` varchar(255) null, `isArmCpu` varchar(255) null, `isMobile` varchar(255) null, `isArmCpu` varchar(255) null, `screenWidth` varchar(255) null, `screenHeight` varchar(255) null, `language` varchar(255) null, `timezone` varchar(255) null, `connectionType` varchar(255) null, `created_at` timestamp null, `updated_at` timestamp null) default character set utf8mb4 collate 'utf8mb4_unicode_ci') at /home/winston/Documents/projects/laravel-article-cms-Rest-API/vendor/laravel/framework/src/Illuminate/Database/Connection.php:825)
[stacktrace]
#0 /home/winston/Documents/projects/laravel-article-cms-Rest-API/vendor/laravel/framework/src/Illuminate/Database/Connection.php(779): Illuminate\\Database\\Connection->runQueryCallback()
#1 /home/winston/Documents/projects/laravel-article-cms-Rest-API/vendor/laravel/framework/src/Illuminate/Database/Connection.php(560): Illuminate\\Database\\Connection->run()
#2 /home/winston/Documents/projects/laravel-article-cms-Rest-API/vendor/laravel/framework/src/Illuminate/Database/Schema/Blueprint.php(118): Illuminate\\Database\\Connection->statement()
#3 /home/winston/Documents/projects/laravel-article-cms-Rest-API/vendor/laravel/framework/src/Illuminate/Database/Schema/Builder.php(564): Illuminate\\Database\\Schema\\Blueprint->build()
#4 /home/winston/Documents/projects/laravel-article-cms-Rest-API/vendor/laravel/framework/src/Illuminate/Database/Schema/Builder.php(418): Illuminate\\Database\\Schema\\Builder->build()
#5 /home/winston/Documents/projects/laravel-article-cms-Rest-API/vendor/laravel/framework/src/Illuminate/Support/Facades/Facade.php(361): Illuminate\\Database\\Schema\\Builder->create()
#6 /home/winston/Documents/projects/laravel-article-cms-Rest-API/database/migrations/2025_06_13_161847_create_analytics_table.php(14): Illuminate\\Support\\Facades\\Facade::__callStatic()
#7 /home/winston/Documents/projects/laravel-article-cms-Rest-API/vendor/laravel/framework/src/Illuminate/Database/Migrations/Migrator.php(507): Illuminate\\Database\\Migrations\\Migration@anonymous->up()
#8 /home/winston/Documents/projects/laravel-article-cms-Rest-API/vendor/laravel/framework/src/Illuminate/Database/Migrations/Migrator.php(432): Illuminate\\Database\\Migrations\\Migrator->runMethod()
#9 /home/winston/Documents/projects/laravel-article-cms-Rest-API/vendor/laravel/framework/src/Illuminate/Database/Migrations/Migrator.php(441): Illuminate\\Database\\Migrations\\Migrator->{closure:Illuminate\\Database\\Migrations\\Migrator::runMigration():428}()
#10 /home/winston/Documents/projects/laravel-article-cms-Rest-API/vendor/laravel/framework/src/Illuminate/Database/Migrations/Migrator.php(244): Illuminate\\Database\\Migrations\\Migrator->runMigration()
#11 /home/winston/Documents/projects/laravel-article-cms-Rest-API/vendor/laravel/framework/src/Illuminate/Console/View/Components/Task.php(40): Illuminate\\Database\\Migrations\\Migrator->{closure:Illuminate\\Database\\Migrations\\Migrator::runUp():244}()
#12 /home/winston/Documents/projects/laravel-article-cms-Rest-API/vendor/laravel/framework/src/Illuminate/Database/Migrations/Migrator.php(798): Illuminate\\Console\\View\\Components\\Task->render()
#13 /home/winston/Documents/projects/laravel-article-cms-Rest-API/vendor/laravel/framework/src/Illuminate/Database/Migrations/Migrator.php(244): Illuminate\\Database\\Migrations\\Migrator->write()
#14 /home/winston/Documents/projects/laravel-article-cms-Rest-API/vendor/laravel/framework/src/Illuminate/Database/Migrations/Migrator.php(211): Illuminate\\Database\\Migrations\\Migrator->runUp()
#15 /home/winston/Documents/projects/laravel-article-cms-Rest-API/vendor/laravel/framework/src/Illuminate/Database/Migrations/Migrator.php(138): Illuminate\\Database\\Migrations\\Migrator->runPending()
#16 /home/winston/Documents/projects/laravel-article-cms-Rest-API/vendor/laravel/framework/src/Illuminate/Database/Console/Migrations/MigrateCommand.php(117): Illuminate\\Database\\Migrations\\Migrator->run()
#17 /home/winston/Documents/projects/laravel-article-cms-Rest-API/vendor/laravel/framework/src/Illuminate/Database/Migrations/Migrator.php(658): Illuminate\\Database\\Console\\Migrations\\MigrateCommand->{closure:Illuminate\\Database\\Console\\Migrations\\MigrateCommand::runMigrations():110}()
#18 /home/winston/Documents/projects/laravel-article-cms-Rest-API/vendor/laravel/framework/src/Illuminate/Database/Console/Migrations/MigrateCommand.php(110): Illuminate\\Database\\Migrations\\Migrator->usingConnection()
#19 /home/winston/Documents/projects/laravel-article-cms-Rest-API/vendor/laravel/framework/src/Illuminate/Database/Console/Migrations/MigrateCommand.php(89): Illuminate\\Database\\Console\\Migrations\\MigrateCommand->runMigrations()
#20 /home/winston/Documents/projects/laravel-article-cms-Rest-API/vendor/laravel/framework/src/Illuminate/Container/BoundMethod.php(36): Illuminate\\Database\\Console\\Migrations\\MigrateCommand->handle()
#21 /home/winston/Documents/projects/laravel-article-cms-Rest-API/vendor/laravel/framework/src/Illuminate/Container/Util.php(43): Illuminate\\Container\\BoundMethod::{closure:Illuminate\\Container\\BoundMethod::call():35}()
#22 /home/winston/Documents/projects/laravel-article-cms-Rest-API/vendor/laravel/framework/src/Illuminate/Container/BoundMethod.php(95): Illuminate\\Container\\Util::unwrapIfClosure()
#23 /home/winston/Documents/projects/laravel-article-cms-Rest-API/vendor/laravel/framework/src/Illuminate/Container/BoundMethod.php(35): Illuminate\\Container\\BoundMethod::callBoundMethod()
#24 /home/winston/Documents/projects/laravel-article-cms-Rest-API/vendor/laravel/framework/src/Illuminate/Container/Container.php(696): Illuminate\\Container\\BoundMethod::call()
#25 /home/winston/Documents/projects/laravel-article-cms-Rest-API/vendor/laravel/framework/src/Illuminate/Console/Command.php(213): Illuminate\\Container\\Container->call()
#26 /home/winston/Documents/projects/laravel-article-cms-Rest-API/vendor/symfony/console/Command/Command.php(318): Illuminate\\Console\\Command->execute()
#27 /home/winston/Documents/projects/laravel-article-cms-Rest-API/vendor/laravel/framework/src/Illuminate/Console/Command.php(182): Symfony\\Component\\Console\\Command\\Command->run()
#28 /home/winston/Documents/projects/laravel-article-cms-Rest-API/vendor/laravel/framework/src/Illuminate/Console/Concerns/CallsCommands.php(68): Illuminate\\Console\\Command->run()
#29 /home/winston/Documents/projects/laravel-article-cms-Rest-API/vendor/laravel/framework/src/Illuminate/Console/Concerns/CallsCommands.php(29): Illuminate\\Console\\Command->runCommand()
#30 /home/winston/Documents/projects/laravel-article-cms-Rest-API/vendor/laravel/framework/src/Illuminate/Database/Console/Migrations/FreshCommand.php(82): Illuminate\\Console\\Command->call()
#31 /home/winston/Documents/projects/laravel-article-cms-Rest-API/vendor/laravel/framework/src/Illuminate/Container/BoundMethod.php(36): Illuminate\\Database\\Console\\Migrations\\FreshCommand->handle()
#32 /home/winston/Documents/projects/laravel-article-cms-Rest-API/vendor/laravel/framework/src/Illuminate/Container/Util.php(43): Illuminate\\Container\\BoundMethod::{closure:Illuminate\\Container\\BoundMethod::call():35}()
#33 /home/winston/Documents/projects/laravel-article-cms-Rest-API/vendor/laravel/framework/src/Illuminate/Container/BoundMethod.php(95): Illuminate\\Container\\Util::unwrapIfClosure()
#34 /home/winston/Documents/projects/laravel-article-cms-Rest-API/vendor/laravel/framework/src/Illuminate/Container/BoundMethod.php(35): Illuminate\\Container\\BoundMethod::callBoundMethod()
#35 /home/winston/Documents/projects/laravel-article-cms-Rest-API/vendor/laravel/framework/src/Illuminate/Container/Container.php(696): Illuminate\\Container\\BoundMethod::call()
#36 /home/winston/Documents/projects/laravel-article-cms-Rest-API/vendor/laravel/framework/src/Illuminate/Console/Command.php(213): Illuminate\\Container\\Container->call()
#37 /home/winston/Documents/projects/laravel-article-cms-Rest-API/vendor/symfony/console/Command/Command.php(318): Illuminate\\Console\\Command->execute()
#38 /home/winston/Documents/projects/laravel-article-cms-Rest-API/vendor/laravel/framework/src/Illuminate/Console/Command.php(182): Symfony\\Component\\Console\\Command\\Command->run()
#39 /home/winston/Documents/projects/laravel-article-cms-Rest-API/vendor/symfony/console/Application.php(1092): Illuminate\\Console\\Command->run()
#40 /home/winston/Documents/projects/laravel-article-cms-Rest-API/vendor/symfony/console/Application.php(341): Symfony\\Component\\Console\\Application->doRunCommand()
#41 /home/winston/Documents/projects/laravel-article-cms-Rest-API/vendor/symfony/console/Application.php(192): Symfony\\Component\\Console\\Application->doRun()
#42 /home/winston/Documents/projects/laravel-article-cms-Rest-API/vendor/laravel/framework/src/Illuminate/Foundation/Console/Kernel.php(198): Symfony\\Component\\Console\\Application->run()
#43 /home/winston/Documents/projects/laravel-article-cms-Rest-API/vendor/laravel/framework/src/Illuminate/Foundation/Application.php(1235): Illuminate\\Foundation\\Console\\Kernel->handle()
#44 /home/winston/Documents/projects/laravel-article-cms-Rest-API/artisan(13): Illuminate\\Foundation\\Application->handleCommand()
#45 {main}

[previous exception] [object] (PDOException(code: 42S21): SQLSTATE[42S21]: Column already exists: 1060 Duplicate column name 'isArmCpu' at /home/winston/Documents/projects/laravel-article-cms-Rest-API/vendor/laravel/framework/src/Illuminate/Database/Connection.php:571)
[stacktrace]
#0 /home/winston/Documents/projects/laravel-article-cms-Rest-API/vendor/laravel/framework/src/Illuminate/Database/Connection.php(571): PDOStatement->execute()
#1 /home/winston/Documents/projects/laravel-article-cms-Rest-API/vendor/laravel/framework/src/Illuminate/Database/Connection.php(812): Illuminate\\Database\\Connection->{closure:Illuminate\\Database\\Connection::statement():560}()
#2 /home/winston/Documents/projects/laravel-article-cms-Rest-API/vendor/laravel/framework/src/Illuminate/Database/Connection.php(779): Illuminate\\Database\\Connection->runQueryCallback()
#3 /home/winston/Documents/projects/laravel-article-cms-Rest-API/vendor/laravel/framework/src/Illuminate/Database/Connection.php(560): Illuminate\\Database\\Connection->run()
#4 /home/winston/Documents/projects/laravel-article-cms-Rest-API/vendor/laravel/framework/src/Illuminate/Database/Schema/Blueprint.php(118): Illuminate\\Database\\Connection->statement()
#5 /home/winston/Documents/projects/laravel-article-cms-Rest-API/vendor/laravel/framework/src/Illuminate/Database/Schema/Builder.php(564): Illuminate\\Database\\Schema\\Blueprint->build()
#6 /home/winston/Documents/projects/laravel-article-cms-Rest-API/vendor/laravel/framework/src/Illuminate/Database/Schema/Builder.php(418): Illuminate\\Database\\Schema\\Builder->build()
#7 /home/winston/Documents/projects/laravel-article-cms-Rest-API/vendor/laravel/framework/src/Illuminate/Support/Facades/Facade.php(361): Illuminate\\Database\\Schema\\Builder->create()
#8 /home/winston/Documents/projects/laravel-article-cms-Rest-API/database/migrations/2025_06_13_161847_create_analytics_table.php(14): Illuminate\\Support\\Facades\\Facade::__callStatic()
#9 /home/winston/Documents/projects/laravel-article-cms-Rest-API/vendor/laravel/framework/src/Illuminate/Database/Migrations/Migrator.php(507): Illuminate\\Database\\Migrations\\Migration@anonymous->up()
#10 /home/winston/Documents/projects/laravel-article-cms-Rest-API/vendor/laravel/framework/src/Illuminate/Database/Migrations/Migrator.php(432): Illuminate\\Database\\Migrations\\Migrator->runMethod()
#11 /home/winston/Documents/projects/laravel-article-cms-Rest-API/vendor/laravel/framework/src/Illuminate/Database/Migrations/Migrator.php(441): Illuminate\\Database\\Migrations\\Migrator->{closure:Illuminate\\Database\\Migrations\\Migrator::runMigration():428}()
#12 /home/winston/Documents/projects/laravel-article-cms-Rest-API/vendor/laravel/framework/src/Illuminate/Database/Migrations/Migrator.php(244): Illuminate\\Database\\Migrations\\Migrator->runMigration()
#13 /home/winston/Documents/projects/laravel-article-cms-Rest-API/vendor/laravel/framework/src/Illuminate/Console/View/Components/Task.php(40): Illuminate\\Database\\Migrations\\Migrator->{closure:Illuminate\\Database\\Migrations\\Migrator::runUp():244}()
#14 /home/winston/Documents/projects/laravel-article-cms-Rest-API/vendor/laravel/framework/src/Illuminate/Database/Migrations/Migrator.php(798): Illuminate\\Console\\View\\Components\\Task->render()
#15 /home/winston/Documents/projects/laravel-article-cms-Rest-API/vendor/laravel/framework/src/Illuminate/Database/Migrations/Migrator.php(244): Illuminate\\Database\\Migrations\\Migrator->write()
#16 /home/winston/Documents/projects/laravel-article-cms-Rest-API/vendor/laravel/framework/src/Illuminate/Database/Migrations/Migrator.php(211): Illuminate\\Database\\Migrations\\Migrator->runUp()
#17 /home/winston/Documents/projects/laravel-article-cms-Rest-API/vendor/laravel/framework/src/Illuminate/Database/Migrations/Migrator.php(138): Illuminate\\Database\\Migrations\\Migrator->runPending()
#18 /home/winston/Documents/projects/laravel-article-cms-Rest-API/vendor/laravel/framework/src/Illuminate/Database/Console/Migrations/MigrateCommand.php(117): Illuminate\\Database\\Migrations\\Migrator->run()
#19 /home/winston/Documents/projects/laravel-article-cms-Rest-API/vendor/laravel/framework/src/Illuminate/Database/Migrations/Migrator.php(658): Illuminate\\Database\\Console\\Migrations\\MigrateCommand->{closure:Illuminate\\Database\\Console\\Migrations\\MigrateCommand::runMigrations():110}()
#20 /home/winston/Documents/projects/laravel-article-cms-Rest-API/vendor/laravel/framework/src/Illuminate/Database/Console/Migrations/MigrateCommand.php(110): Illuminate\\Database\\Migrations\\Migrator->usingConnection()
#21 /home/winston/Documents/projects/laravel-article-cms-Rest-API/vendor/laravel/framework/src/Illuminate/Database/Console/Migrations/MigrateCommand.php(89): Illuminate\\Database\\Console\\Migrations\\MigrateCommand->runMigrations()
#22 /home/winston/Documents/projects/laravel-article-cms-Rest-API/vendor/laravel/framework/src/Illuminate/Container/BoundMethod.php(36): Illuminate\\Database\\Console\\Migrations\\MigrateCommand->handle()
#23 /home/winston/Documents/projects/laravel-article-cms-Rest-API/vendor/laravel/framework/src/Illuminate/Container/Util.php(43): Illuminate\\Container\\BoundMethod::{closure:Illuminate\\Container\\BoundMethod::call():35}()
#24 /home/winston/Documents/projects/laravel-article-cms-Rest-API/vendor/laravel/framework/src/Illuminate/Container/BoundMethod.php(95): Illuminate\\Container\\Util::unwrapIfClosure()
#25 /home/winston/Documents/projects/laravel-article-cms-Rest-API/vendor/laravel/framework/src/Illuminate/Container/BoundMethod.php(35): Illuminate\\Container\\BoundMethod::callBoundMethod()
#26 /home/winston/Documents/projects/laravel-article-cms-Rest-API/vendor/laravel/framework/src/Illuminate/Container/Container.php(696): Illuminate\\Container\\BoundMethod::call()
#27 /home/winston/Documents/projects/laravel-article-cms-Rest-API/vendor/laravel/framework/src/Illuminate/Console/Command.php(213): Illuminate\\Container\\Container->call()
#28 /home/winston/Documents/projects/laravel-article-cms-Rest-API/vendor/symfony/console/Command/Command.php(318): Illuminate\\Console\\Command->execute()
#29 /home/winston/Documents/projects/laravel-article-cms-Rest-API/vendor/laravel/framework/src/Illuminate/Console/Command.php(182): Symfony\\Component\\Console\\Command\\Command->run()
#30 /home/winston/Documents/projects/laravel-article-cms-Rest-API/vendor/laravel/framework/src/Illuminate/Console/Concerns/CallsCommands.php(68): Illuminate\\Console\\Command->run()
#31 /home/winston/Documents/projects/laravel-article-cms-Rest-API/vendor/laravel/framework/src/Illuminate/Console/Concerns/CallsCommands.php(29): Illuminate\\Console\\Command->runCommand()
#32 /home/winston/Documents/projects/laravel-article-cms-Rest-API/vendor/laravel/framework/src/Illuminate/Database/Console/Migrations/FreshCommand.php(82): Illuminate\\Console\\Command->call()
#33 /home/winston/Documents/projects/laravel-article-cms-Rest-API/vendor/laravel/framework/src/Illuminate/Container/BoundMethod.php(36): Illuminate\\Database\\Console\\Migrations\\FreshCommand->handle()
#34 /home/winston/Documents/projects/laravel-article-cms-Rest-API/vendor/laravel/framework/src/Illuminate/Container/Util.php(43): Illuminate\\Container\\BoundMethod::{closure:Illuminate\\Container\\BoundMethod::call():35}()
#35 /home/winston/Documents/projects/laravel-article-cms-Rest-API/vendor/laravel/framework/src/Illuminate/Container/BoundMethod.php(95): Illuminate\\Container\\Util::unwrapIfClosure()
#36 /home/winston/Documents/projects/laravel-article-cms-Rest-API/vendor/laravel/framework/src/Illuminate/Container/BoundMethod.php(35): Illuminate\\Container\\BoundMethod::callBoundMethod()
#37 /home/winston/Documents/projects/laravel-article-cms-Rest-API/vendor/laravel/framework/src/Illuminate/Container/Container.php(696): Illuminate\\Container\\BoundMethod::call()
#38 /home/winston/Documents/projects/laravel-article-cms-Rest-API/vendor/laravel/framework/src/Illuminate/Console/Command.php(213): Illuminate\\Container\\Container->call()
#39 /home/winston/Documents/projects/laravel-article-cms-Rest-API/vendor/symfony/console/Command/Command.php(318): Illuminate\\Console\\Command->execute()
#40 /home/winston/Documents/projects/laravel-article-cms-Rest-API/vendor/laravel/framework/src/Illuminate/Console/Command.php(182): Symfony\\Component\\Console\\Command\\Command->run()
#41 /home/winston/Documents/projects/laravel-article-cms-Rest-API/vendor/symfony/console/Application.php(1092): Illuminate\\Console\\Command->run()
#42 /home/winston/Documents/projects/laravel-article-cms-Rest-API/vendor/symfony/console/Application.php(341): Symfony\\Component\\Console\\Application->doRunCommand()
#43 /home/winston/Documents/projects/laravel-article-cms-Rest-API/vendor/symfony/console/Application.php(192): Symfony\\Component\\Console\\Application->doRun()
#44 /home/winston/Documents/projects/laravel-article-cms-Rest-API/vendor/laravel/framework/src/Illuminate/Foundation/Console/Kernel.php(198): Symfony\\Component\\Console\\Application->run()
#45 /home/winston/Documents/projects/laravel-article-cms-Rest-API/vendor/laravel/framework/src/Illuminate/Foundation/Application.php(1235): Illuminate\\Foundation\\Console\\Kernel->handle()
#46 /home/winston/Documents/projects/laravel-article-cms-Rest-API/artisan(13): Illuminate\\Foundation\\Application->handleCommand()
#47 {main}
"} 
[2025-06-14 07:47:32] local.INFO: Request Origin: http://localhost:3000  
[2025-06-14 07:47:32] local.INFO: Request Origin: http://localhost:3000  
[2025-06-14 07:47:56] local.INFO: Request Origin: http://localhost:3000  
[2025-06-14 07:48:03] local.INFO: Request Origin: http://localhost:3000  
[2025-06-14 07:48:03] local.INFO: Request Origin: http://localhost:3000  
[2025-06-14 07:48:30] local.INFO: Request Origin: http://localhost:3000  
[2025-06-14 07:48:38] local.INFO: Request Origin: http://localhost:3000  
[2025-06-14 07:48:38] local.INFO: Request Origin: http://localhost:3000  
[2025-06-14 07:48:44] local.INFO: Request Origin: http://localhost:3000  
[2025-06-14 07:48:46] local.INFO: Request Origin: http://localhost:3000  
[2025-06-14 07:48:46] local.INFO: Request Origin: http://localhost:3000  
[2025-06-14 07:48:55] local.INFO: Request Origin:   
[2025-06-14 07:48:55] local.INFO: Request Origin:   
[2025-06-14 07:48:56] local.INFO: Request Origin: http://localhost:3000  
[2025-06-14 07:53:41] local.INFO: Request Origin: http://localhost:3000  
[2025-06-14 07:53:47] local.INFO: Request Origin: http://localhost:3000  
[2025-06-14 07:54:04] local.INFO: Request Origin:   
[2025-06-14 07:54:05] local.INFO: Request Origin:   
[2025-06-14 07:54:05] local.INFO: Request Origin: http://localhost:3000  
[2025-06-14 07:58:23] local.INFO: Request Origin:   
[2025-06-14 07:58:23] local.INFO: Request Origin:   
[2025-06-14 07:58:24] local.INFO: Request Origin: http://localhost:3000  
[2025-06-14 07:58:31] local.INFO: Request Origin:   
[2025-06-14 07:58:31] local.INFO: Request Origin:   
[2025-06-14 07:58:32] local.INFO: Request Origin:   
[2025-06-14 07:58:32] local.INFO: Request Origin:   
[2025-06-14 07:58:32] local.INFO: Request Origin: http://localhost:3000  
[2025-06-14 07:58:34] local.INFO: Request Origin:   
[2025-06-14 07:58:34] local.INFO: Request Origin:   
[2025-06-14 07:58:36] local.INFO: Request Origin: http://localhost:3000  
[2025-06-14 08:02:00] local.INFO: Request Origin:   
[2025-06-14 08:02:00] local.INFO: Request Origin:   
[2025-06-14 08:02:00] local.INFO: Request Origin:   
[2025-06-14 08:02:00] local.INFO: Request Origin:   
[2025-06-14 08:02:00] local.INFO: Request Origin:   
[2025-06-14 08:02:01] local.INFO: Request Origin:   
[2025-06-14 08:02:01] local.INFO: Request Origin:   
[2025-06-14 08:02:01] local.INFO: Request Origin:   
[2025-06-14 08:02:01] local.INFO: Request Origin:   
[2025-06-14 08:02:03] local.INFO: Request Origin: http://localhost:3000  
[2025-06-14 08:02:07] local.INFO: Request Origin: http://localhost:3000  
[2025-06-14 08:02:08] local.INFO: Request Origin: http://localhost:3000  
[2025-06-14 08:02:08] local.INFO: Request Origin: http://localhost:3000  
[2025-06-14 08:02:10] local.INFO: Request Origin: http://localhost:3000  
[2025-06-14 08:03:43] local.INFO: Request Origin:   
[2025-06-14 08:03:43] local.INFO: Request Origin:   
[2025-06-14 08:03:43] local.INFO: Request Origin:   
[2025-06-14 08:03:43] local.INFO: Request Origin:   
[2025-06-14 08:04:37] local.INFO: Request Origin: http://localhost:3000  
[2025-06-14 08:04:37] local.INFO: Request Origin: http://localhost:3000  
[2025-06-14 08:04:39] local.INFO: Request Origin: http://localhost:3000  
[2025-06-14 08:04:39] local.INFO: Request Origin: http://localhost:3000  
[2025-06-16 07:36:35] local.INFO: Request Origin:   
[2025-06-16 07:36:55] local.INFO: Request Origin:   
[2025-06-16 07:39:45] local.INFO: Request Origin:   
[2025-06-16 07:39:46] local.INFO: Request Origin:   
[2025-06-16 07:39:46] local.INFO: Request Origin:   
[2025-06-16 07:40:19] local.INFO: Request Origin:   
[2025-06-16 07:40:19] local.INFO: Request Origin:   
[2025-06-16 07:40:19] local.INFO: Request Origin:   
[2025-06-16 07:40:45] local.INFO: Request Origin:   
[2025-06-16 07:40:45] local.INFO: Request Origin:   
[2025-06-16 07:40:45] local.INFO: Request Origin:   
[2025-06-16 07:41:54] local.INFO: Request Origin:   
[2025-06-16 07:41:54] local.INFO: Request Origin:   
[2025-06-16 07:41:54] local.INFO: Request Origin:   
[2025-06-16 07:42:10] local.INFO: Request Origin:   
[2025-06-16 07:42:10] local.INFO: Request Origin:   
[2025-06-16 07:42:10] local.INFO: Request Origin:   
[2025-06-16 07:42:20] local.INFO: Request Origin:   
[2025-06-16 07:42:52] local.INFO: Request Origin:   
[2025-06-16 07:42:52] local.INFO: Request Origin:   
[2025-06-16 07:42:53] local.INFO: Request Origin:   
[2025-06-16 07:42:53] local.INFO: Request Origin:   
[2025-06-16 07:42:53] local.INFO: Request Origin:   
[2025-06-16 07:42:53] local.INFO: Request Origin:   
[2025-06-16 07:42:53] local.INFO: Request Origin:   
[2025-06-16 07:42:53] local.INFO: Request Origin:   
[2025-06-16 07:42:53] local.INFO: Request Origin:   
[2025-06-16 07:42:55] local.INFO: Request Origin: http://localhost:3000  
[2025-06-16 07:42:58] local.INFO: Request Origin:   
[2025-06-16 07:42:58] local.INFO: Request Origin:   
[2025-06-16 07:43:06] local.INFO: Request Origin:   
[2025-06-16 07:43:07] local.INFO: Request Origin:   
[2025-06-16 07:43:29] local.INFO: Request Origin:   
[2025-06-16 07:43:47] local.INFO: Request Origin:   
[2025-06-16 07:43:59] local.INFO: Request Origin: http://localhost:3000  
[2025-06-16 07:44:15] local.INFO: Request Origin: http://localhost:3000  
[2025-06-16 07:44:33] local.INFO: Request Origin:   
[2025-06-16 07:44:33] local.INFO: Request Origin:   
[2025-06-16 07:44:34] local.INFO: Request Origin: http://localhost:3000  
[2025-06-16 07:44:34] local.INFO: Request Origin: http://localhost:3000  
[2025-06-16 07:50:40] local.INFO: Request Origin:   
[2025-06-16 07:50:41] local.INFO: Request Origin:   
[2025-06-16 07:50:41] local.INFO: Request Origin:   
[2025-06-16 07:50:41] local.INFO: Request Origin:   
[2025-06-16 07:50:41] local.INFO: Request Origin:   
[2025-06-16 07:50:41] local.INFO: Request Origin:   
[2025-06-16 07:50:42] local.INFO: Request Origin:   
[2025-06-16 07:50:42] local.INFO: Request Origin:   
[2025-06-16 07:50:42] local.INFO: Request Origin:   
[2025-06-16 07:50:42] local.INFO: Request Origin:   
[2025-06-16 07:50:42] local.INFO: Request Origin:   
[2025-06-16 07:50:42] local.INFO: Request Origin:   
[2025-06-16 07:50:42] local.INFO: Request Origin:   
[2025-06-16 07:50:42] local.INFO: Request Origin:   
[2025-06-16 07:51:14] local.INFO: Request Origin:   
[2025-06-16 07:51:14] local.INFO: Request Origin:   
[2025-06-16 07:51:14] local.INFO: Request Origin:   
[2025-06-16 07:51:14] local.INFO: Request Origin:   
[2025-06-16 07:51:15] local.INFO: Request Origin:   
[2025-06-16 07:51:15] local.INFO: Request Origin:   
[2025-06-16 07:51:15] local.INFO: Request Origin:   
[2025-06-16 07:51:15] local.INFO: Request Origin:   
[2025-06-16 07:51:15] local.INFO: Request Origin:   
[2025-06-16 07:51:15] local.INFO: Request Origin:   
[2025-06-16 07:51:15] local.INFO: Request Origin:   
[2025-06-16 07:51:15] local.INFO: Request Origin:   
[2025-06-16 07:51:15] local.INFO: Request Origin:   
[2025-06-16 07:51:16] local.INFO: Request Origin:   
[2025-06-16 07:51:28] local.INFO: Request Origin:   
[2025-06-16 07:51:28] local.INFO: Request Origin:   
[2025-06-16 07:51:28] local.INFO: Request Origin:   
[2025-06-16 07:51:29] local.INFO: Request Origin:   
[2025-06-16 07:51:29] local.INFO: Request Origin:   
[2025-06-16 07:51:29] local.INFO: Request Origin:   
[2025-06-16 07:51:29] local.INFO: Request Origin:   
[2025-06-16 07:51:29] local.INFO: Request Origin:   
[2025-06-16 07:51:29] local.INFO: Request Origin:   
[2025-06-16 07:51:29] local.INFO: Request Origin:   
[2025-06-16 07:51:29] local.INFO: Request Origin:   
[2025-06-16 07:51:29] local.INFO: Request Origin:   
[2025-06-16 07:51:30] local.INFO: Request Origin:   
[2025-06-16 07:51:30] local.INFO: Request Origin:   
[2025-06-16 07:51:34] local.INFO: Request Origin:   
[2025-06-16 07:51:34] local.INFO: Request Origin:   
[2025-06-16 07:51:34] local.INFO: Request Origin:   
[2025-06-16 07:51:34] local.INFO: Request Origin:   
[2025-06-16 07:51:35] local.INFO: Request Origin:   
[2025-06-16 07:51:35] local.INFO: Request Origin:   
[2025-06-16 07:51:35] local.INFO: Request Origin:   
[2025-06-16 07:51:35] local.INFO: Request Origin:   
[2025-06-16 07:51:35] local.INFO: Request Origin:   
[2025-06-16 07:51:35] local.INFO: Request Origin:   
[2025-06-16 07:51:35] local.INFO: Request Origin:   
[2025-06-16 07:51:35] local.INFO: Request Origin:   
[2025-06-16 07:51:35] local.INFO: Request Origin:   
[2025-06-16 07:51:36] local.INFO: Request Origin:   
[2025-06-16 07:51:40] local.INFO: Request Origin:   
[2025-06-16 07:51:40] local.INFO: Request Origin:   
[2025-06-16 07:51:40] local.INFO: Request Origin:   
[2025-06-16 07:51:40] local.INFO: Request Origin:   
[2025-06-16 07:51:40] local.INFO: Request Origin:   
[2025-06-16 07:51:40] local.INFO: Request Origin:   
[2025-06-16 07:51:41] local.INFO: Request Origin:   
[2025-06-16 07:51:41] local.INFO: Request Origin:   
[2025-06-16 07:51:41] local.INFO: Request Origin:   
[2025-06-16 07:51:41] local.INFO: Request Origin:   
[2025-06-16 07:51:41] local.INFO: Request Origin:   
[2025-06-16 07:51:41] local.INFO: Request Origin:   
[2025-06-16 07:51:42] local.INFO: Request Origin:   
[2025-06-16 07:51:42] local.INFO: Request Origin:   
[2025-06-16 07:51:55] local.INFO: Request Origin:   
[2025-06-16 08:02:01] local.INFO: Request Origin:   
[2025-06-16 08:02:09] local.INFO: Request Origin:   
[2025-06-16 08:02:20] local.INFO: Request Origin:   
[2025-06-16 08:02:23] local.INFO: Request Origin:   
[2025-06-16 08:02:25] local.INFO: Request Origin:   
[2025-06-16 08:02:45] local.INFO: Request Origin:   
[2025-06-16 08:03:17] local.INFO: Request Origin:   
[2025-06-16 08:03:17] local.INFO: Request Origin:   
[2025-06-16 08:03:17] local.INFO: Request Origin:   
[2025-06-16 08:03:17] local.INFO: Request Origin:   
[2025-06-16 08:03:17] local.INFO: Request Origin:   
[2025-06-16 08:03:17] local.INFO: Request Origin:   
[2025-06-16 08:03:17] local.INFO: Request Origin:   
[2025-06-16 08:03:18] local.INFO: Request Origin:   
[2025-06-16 08:03:18] local.INFO: Request Origin:   
[2025-06-16 08:03:18] local.INFO: Request Origin:   
[2025-06-16 08:03:18] local.INFO: Request Origin:   
[2025-06-16 08:03:18] local.INFO: Request Origin:   
[2025-06-16 08:03:18] local.INFO: Request Origin:   
[2025-06-16 08:03:18] local.INFO: Request Origin:   
[2025-06-16 08:03:50] local.ERROR: There are no commands defined in the "mirage" namespace.

Did you mean this?
    migrate {"exception":"[object] (Symfony\\Component\\Console\\Exception\\NamespaceNotFoundException(code: 0): There are no commands defined in the \"mirage\" namespace.

Did you mean this?
    migrate at /home/winston/Documents/projects/laravel-article-cms-Rest-API/vendor/symfony/console/Application.php:659)
[stacktrace]
#0 /home/winston/Documents/projects/laravel-article-cms-Rest-API/vendor/symfony/console/Application.php(708): Symfony\\Component\\Console\\Application->findNamespace()
#1 /home/winston/Documents/projects/laravel-article-cms-Rest-API/vendor/symfony/console/Application.php(283): Symfony\\Component\\Console\\Application->find()
#2 /home/winston/Documents/projects/laravel-article-cms-Rest-API/vendor/symfony/console/Application.php(192): Symfony\\Component\\Console\\Application->doRun()
#3 /home/winston/Documents/projects/laravel-article-cms-Rest-API/vendor/laravel/framework/src/Illuminate/Foundation/Console/Kernel.php(198): Symfony\\Component\\Console\\Application->run()
#4 /home/winston/Documents/projects/laravel-article-cms-Rest-API/vendor/laravel/framework/src/Illuminate/Foundation/Application.php(1235): Illuminate\\Foundation\\Console\\Kernel->handle()
#5 /home/winston/Documents/projects/laravel-article-cms-Rest-API/artisan(13): Illuminate\\Foundation\\Application->handleCommand()
#6 {main}
"} 
[2025-06-16 08:17:08] local.INFO: Request Origin:   
[2025-06-16 08:17:12] local.INFO: Request Origin:   
[2025-06-16 08:17:16] local.INFO: Request Origin:   
[2025-06-16 08:19:27] local.INFO: Request Origin:   
[2025-06-16 08:23:31] local.INFO: Request Origin:   
[2025-06-16 08:26:42] local.INFO: Request Origin:   
[2025-06-16 08:32:41] local.INFO: Request Origin:   
[2025-06-16 23:56:06] local.INFO: Request Origin:   
[2025-06-16 23:57:03] local.INFO: Request Origin:   
[2025-06-16 23:57:17] local.INFO: Request Origin:   
[2025-06-16 23:57:37] local.INFO: Request Origin:   
[2025-06-16 23:57:38] local.INFO: Request Origin:   
[2025-06-16 23:57:58] local.INFO: Request Origin:   
[2025-06-17 00:00:18] local.INFO: Request Origin:   
[2025-06-17 00:00:19] local.INFO: Request Origin:   
[2025-06-17 00:00:19] local.INFO: Request Origin:   
[2025-06-17 00:00:19] local.INFO: Request Origin:   
[2025-06-17 00:00:19] local.INFO: Request Origin:   
[2025-06-17 00:00:19] local.INFO: Request Origin:   
[2025-06-17 00:00:20] local.INFO: Request Origin:   
[2025-06-17 00:00:20] local.INFO: Request Origin:   
[2025-06-17 00:00:20] local.INFO: Request Origin:   
[2025-06-17 00:00:20] local.INFO: Request Origin: http://localhost:3000  
[2025-06-17 00:00:26] local.INFO: Request Origin:   
[2025-06-17 00:00:26] local.INFO: Request Origin:   
[2025-06-17 00:00:59] local.INFO: Request Origin:   
[2025-06-17 00:01:26] local.INFO: Request Origin:   
[2025-06-17 00:01:43] local.INFO: Request Origin:   
[2025-06-17 00:02:20] local.INFO: Request Origin:   
[2025-06-17 00:04:34] local.INFO: Request Origin:   
[2025-06-17 00:04:52] local.INFO: Request Origin:   
[2025-06-17 00:05:15] local.INFO: Request Origin:   
[2025-06-17 00:05:51] local.INFO: Request Origin:   
[2025-06-17 00:06:04] local.INFO: Request Origin:   
[2025-06-17 00:06:13] local.INFO: Request Origin:   
[2025-06-17 00:09:18] local.INFO: Request Origin:   
[2025-06-17 00:09:45] local.INFO: Request Origin:   
[2025-06-17 00:11:58] local.INFO: Request Origin:   
[2025-06-17 00:12:08] local.INFO: Request Origin: http://localhost:3000  
[2025-06-17 00:12:12] local.INFO: Request Origin: http://localhost:3000  
[2025-06-17 00:12:20] local.INFO: Request Origin:   
[2025-06-17 00:12:23] local.INFO: Request Origin:   
[2025-06-17 00:12:35] local.INFO: Request Origin: http://localhost:3000  
[2025-06-17 00:12:52] local.INFO: Request Origin:   
[2025-06-17 00:12:53] local.INFO: Request Origin:   
[2025-06-17 00:13:26] local.INFO: Request Origin: http://localhost:3000  
[2025-06-17 00:13:26] local.INFO: Request Origin: http://localhost:3000  
[2025-06-17 00:13:26] local.INFO: Request Origin: http://localhost:3000  
[2025-06-17 00:14:14] local.INFO: Request Origin:   
[2025-06-17 00:14:19] local.INFO: Request Origin:   
[2025-06-17 00:15:31] local.INFO: Request Origin: http://localhost:3000  
[2025-06-17 00:15:55] local.INFO: Request Origin: http://localhost:3000  
[2025-06-17 00:15:56] local.INFO: Request Origin: http://localhost:3000  
[2025-06-17 00:15:56] local.INFO: Request Origin: http://localhost:3000  
[2025-06-17 00:19:25] local.INFO: Request Origin: http://localhost:3000  
[2025-06-17 00:19:25] local.INFO: Request Origin: http://localhost:3000  
[2025-06-17 00:19:25] local.INFO: Request Origin: http://localhost:3000  
[2025-06-17 00:19:42] local.INFO: Request Origin: http://localhost:3000  
[2025-06-17 00:19:42] local.INFO: Request Origin: http://localhost:3000  
[2025-06-17 00:19:42] local.INFO: Request Origin: http://localhost:3000  
[2025-06-17 00:19:46] local.INFO: Request Origin: http://localhost:3000  
[2025-06-17 00:19:46] local.INFO: Request Origin: http://localhost:3000  
[2025-06-17 00:19:47] local.INFO: Request Origin: http://localhost:3000  
[2025-06-17 00:19:51] local.INFO: Request Origin: http://localhost:3000  
[2025-06-17 00:19:54] local.INFO: Request Origin: http://localhost:3000  
[2025-06-17 00:19:54] local.INFO: Request Origin: http://localhost:3000  
[2025-06-17 00:19:54] local.INFO: Request Origin: http://localhost:3000  
[2025-06-17 00:20:09] local.INFO: Request Origin: http://localhost:3000  
[2025-06-17 00:20:18] local.INFO: Request Origin:   
[2025-06-17 00:20:49] local.INFO: Request Origin:   
[2025-06-17 00:35:25] local.INFO: Request Origin:   
[2025-06-17 00:37:09] local.INFO: Request Origin: http://localhost:3000  
[2025-06-17 00:37:12] local.INFO: Request Origin:   
[2025-06-17 00:40:51] local.INFO: Request Origin:   
[2025-06-17 00:41:47] local.INFO: Request Origin: http://localhost:3000  
[2025-06-17 00:41:53] local.INFO: Request Origin: http://localhost:3000  
[2025-06-17 00:41:53] local.INFO: Request Origin: http://localhost:3000  
[2025-06-17 00:41:53] local.INFO: Request Origin: http://localhost:3000  
[2025-06-17 00:41:59] local.INFO: Request Origin:   
[2025-06-17 00:42:04] local.INFO: Request Origin:   
[2025-06-17 00:48:50] local.INFO: Request Origin:   
[2025-06-17 00:48:57] local.INFO: Request Origin:   
[2025-06-17 00:49:14] local.INFO: Request Origin:   
[2025-06-17 00:49:21] local.INFO: Request Origin:   
[2025-06-17 00:50:25] local.INFO: Request Origin:   
[2025-06-17 00:54:36] local.INFO: Request Origin: http://localhost:3000  
[2025-06-17 00:54:39] local.INFO: Request Origin:   
[2025-06-17 00:54:45] local.INFO: Request Origin:   
[2025-06-17 00:56:34] local.INFO: Request Origin:   
[2025-06-17 00:56:44] local.INFO: Request Origin:   
[2025-06-17 00:56:51] local.INFO: Request Origin: http://localhost:3000  
[2025-06-17 00:56:54] local.INFO: Request Origin: http://localhost:3000  
[2025-06-17 00:56:54] local.INFO: Request Origin: http://localhost:3000  
[2025-06-17 00:56:54] local.INFO: Request Origin: http://localhost:3000  
[2025-06-17 00:57:08] local.INFO: Request Origin:   
[2025-06-17 00:57:09] local.INFO: Request Origin: http://localhost:3000  
[2025-06-17 00:57:11] local.INFO: Request Origin:   
[2025-06-17 00:57:11] local.INFO: Request Origin:   
[2025-06-17 00:57:11] local.INFO: Request Origin:   
[2025-06-17 00:57:12] local.INFO: Request Origin:   
[2025-06-17 00:57:12] local.INFO: Request Origin:   
[2025-06-17 00:57:12] local.INFO: Request Origin:   
[2025-06-17 00:57:12] local.INFO: Request Origin:   
[2025-06-17 00:57:12] local.INFO: Request Origin:   
[2025-06-17 00:57:14] local.INFO: Request Origin: http://localhost:3000  
[2025-06-17 00:57:14] local.INFO: Request Origin: http://localhost:3000  
[2025-06-17 00:57:47] local.INFO: Request Origin:   
[2025-06-17 00:57:57] local.INFO: Request Origin:   
[2025-06-17 00:58:45] local.INFO: Request Origin: http://localhost:3000  
[2025-06-17 00:58:45] local.INFO: Request Origin: http://localhost:3000  
[2025-06-17 00:58:45] local.INFO: Request Origin: http://localhost:3000  
[2025-06-17 01:00:39] local.INFO: Request Origin: http://localhost:3000  
[2025-06-17 01:00:45] local.INFO: Request Origin:   
[2025-06-17 01:00:45] local.INFO: Request Origin:   
[2025-06-17 01:00:52] local.INFO: Request Origin: http://localhost:3000  
[2025-06-17 01:00:53] local.INFO: Request Origin: http://localhost:3000  
[2025-06-17 01:20:53] local.INFO: Request Origin:   
[2025-06-17 01:20:55] local.INFO: Request Origin:   
[2025-06-17 01:21:18] local.INFO: Request Origin:   
[2025-06-17 01:21:30] local.INFO: Request Origin:   
[2025-06-17 01:21:49] local.INFO: Request Origin:   
[2025-06-17 01:21:59] local.INFO: Request Origin: http://localhost:3000  
[2025-06-17 01:22:11] local.INFO: Request Origin: http://localhost:3000  
[2025-06-17 01:22:14] local.INFO: Request Origin:   
[2025-06-17 01:22:14] local.INFO: Request Origin:   
[2025-06-17 01:22:17] local.INFO: Request Origin: http://localhost:3000  
[2025-06-17 01:22:18] local.INFO: Request Origin: http://localhost:3000  
[2025-06-17 01:43:11] local.INFO: Request Origin:   
[2025-06-17 01:43:31] local.INFO: Request Origin:   
[2025-06-17 01:59:35] local.INFO: Request Origin:   
[2025-06-17 02:01:56] local.INFO: Request Origin:   
[2025-06-17 02:01:56] local.INFO: Request Origin:   
[2025-06-17 02:01:56] local.INFO: Request Origin:   
[2025-06-17 02:01:57] local.INFO: Request Origin:   
[2025-06-17 02:01:57] local.INFO: Request Origin:   
[2025-06-17 02:01:57] local.INFO: Request Origin:   
[2025-06-17 02:01:57] local.INFO: Request Origin:   
[2025-06-17 02:01:57] local.INFO: Request Origin:   
[2025-06-17 02:01:58] local.INFO: Request Origin:   
[2025-06-17 02:01:59] local.INFO: Request Origin: http://localhost:3000  
[2025-06-17 02:02:02] local.INFO: Request Origin:   
[2025-06-17 02:02:02] local.INFO: Request Origin:   
[2025-06-17 02:02:19] local.INFO: Request Origin:   
[2025-06-17 02:04:30] local.INFO: Request Origin:   
[2025-06-17 02:04:50] local.INFO: Request Origin:   
[2025-06-17 02:05:00] local.INFO: Request Origin:   
[2025-06-17 02:05:05] local.INFO: Request Origin:   
[2025-06-17 02:05:16] local.INFO: Request Origin:   
[2025-06-17 02:05:50] local.INFO: Request Origin:   
[2025-06-17 02:06:11] local.INFO: Request Origin:   
[2025-06-17 02:06:11] local.INFO: Request Origin:   
[2025-06-17 02:06:11] local.INFO: Request Origin:   
[2025-06-17 02:06:11] local.INFO: Request Origin:   
[2025-06-17 02:06:11] local.INFO: Request Origin:   
[2025-06-17 02:06:11] local.INFO: Request Origin:   
[2025-06-17 02:06:11] local.INFO: Request Origin:   
[2025-06-17 02:06:13] local.INFO: Request Origin: http://localhost:3000  
[2025-06-17 02:06:18] local.INFO: Request Origin: http://localhost:3000  
[2025-06-17 02:06:37] local.INFO: Request Origin: http://localhost:3000  
[2025-06-17 02:06:48] local.INFO: Request Origin: http://localhost:3000  
[2025-06-17 02:07:02] local.INFO: Request Origin:   
[2025-06-17 02:07:03] local.INFO: Request Origin:   
[2025-06-17 02:07:03] local.INFO: Request Origin: http://localhost:3000  
[2025-06-17 02:07:03] local.INFO: Request Origin: http://localhost:3000  
[2025-06-17 02:07:30] local.INFO: Request Origin: http://localhost:3000  
[2025-06-17 02:07:30] local.INFO: Request Origin: http://localhost:3000  
[2025-06-17 02:07:30] local.INFO: Request Origin: http://localhost:3000  
[2025-06-17 02:07:58] local.INFO: Request Origin:   
[2025-06-17 02:08:12] local.INFO: Request Origin:   
[2025-06-17 02:08:19] local.INFO: Request Origin:   
[2025-06-17 02:09:19] local.INFO: Request Origin:   
[2025-06-17 02:09:27] local.INFO: Request Origin:   
[2025-06-17 02:09:27] local.INFO: Request Origin:   
[2025-06-17 02:09:27] local.INFO: Request Origin:   
[2025-06-17 02:09:27] local.INFO: Request Origin:   
[2025-06-17 02:09:27] local.INFO: Request Origin:   
[2025-06-17 02:09:27] local.INFO: Request Origin:   
[2025-06-17 02:09:27] local.INFO: Request Origin:   
[2025-06-17 02:09:27] local.INFO: Request Origin:   
[2025-06-17 02:09:27] local.INFO: Request Origin:   
[2025-06-17 02:09:29] local.INFO: Request Origin:   
[2025-06-17 02:09:29] local.INFO: Request Origin:   
[2025-06-17 02:09:29] local.INFO: Request Origin:   
[2025-06-17 02:09:29] local.INFO: Request Origin:   
[2025-06-17 02:09:29] local.INFO: Request Origin:   
[2025-06-17 02:09:29] local.INFO: Request Origin:   
[2025-06-17 02:09:29] local.INFO: Request Origin:   
[2025-06-17 02:09:29] local.INFO: Request Origin:   
[2025-06-17 02:09:29] local.INFO: Request Origin:   
[2025-06-17 02:09:30] local.INFO: Request Origin: http://localhost:3000  
[2025-06-17 02:09:31] local.INFO: Request Origin:   
[2025-06-17 02:09:31] local.INFO: Request Origin:   
[2025-06-17 02:09:31] local.INFO: Request Origin: http://localhost:3000  
[2025-06-17 02:09:32] local.INFO: Request Origin: http://localhost:3000  
[2025-06-17 02:09:38] local.INFO: Request Origin: http://localhost:3000  
[2025-06-17 02:12:26] local.INFO: Request Origin: http://localhost:3000  
[2025-06-17 02:12:31] local.INFO: Request Origin:   
[2025-06-17 02:12:32] local.INFO: Request Origin:   
[2025-06-17 02:12:34] local.INFO: Request Origin:   
[2025-06-17 02:15:26] local.INFO: Request Origin:   
[2025-06-17 02:15:26] local.INFO: Request Origin:   
[2025-06-17 02:15:27] local.INFO: Request Origin:   
[2025-06-17 02:15:27] local.INFO: Request Origin:   
[2025-06-17 02:15:27] local.INFO: Request Origin:   
[2025-06-17 02:15:27] local.INFO: Request Origin:   
[2025-06-17 02:15:27] local.INFO: Request Origin:   
[2025-06-17 02:15:27] local.INFO: Request Origin:   
[2025-06-17 02:15:27] local.INFO: Request Origin:   
[2025-06-17 02:15:28] local.INFO: Request Origin:   
[2025-06-17 02:15:28] local.INFO: Request Origin:   
[2025-06-17 02:15:28] local.INFO: Request Origin:   
[2025-06-17 02:15:29] local.INFO: Request Origin:   
[2025-06-17 02:15:29] local.INFO: Request Origin:   
[2025-06-17 02:15:29] local.INFO: Request Origin:   
[2025-06-17 02:15:29] local.INFO: Request Origin:   
[2025-06-17 02:15:29] local.INFO: Request Origin:   
[2025-06-17 02:15:29] local.INFO: Request Origin: http://localhost:3000  
[2025-06-17 02:15:30] local.INFO: Request Origin:   
[2025-06-17 02:15:30] local.INFO: Request Origin: http://localhost:3000  
[2025-06-17 02:15:37] local.INFO: Request Origin:   
[2025-06-17 02:15:37] local.INFO: Request Origin:   
[2025-06-17 02:15:38] local.INFO: Request Origin:   
[2025-06-17 02:15:38] local.INFO: Request Origin:   
[2025-06-17 02:15:38] local.INFO: Request Origin:   
[2025-06-17 02:15:38] local.INFO: Request Origin:   
[2025-06-17 02:15:38] local.INFO: Request Origin: http://localhost:3000  
[2025-06-17 02:15:38] local.INFO: Request Origin:   
[2025-06-17 02:15:38] local.INFO: Request Origin:   
[2025-06-17 02:15:38] local.INFO: Request Origin:   
[2025-06-17 02:15:41] local.INFO: Request Origin:   
[2025-06-17 02:15:44] local.INFO: Request Origin:   
[2025-06-17 02:15:46] local.INFO: Request Origin:   
[2025-06-17 02:15:48] local.INFO: Request Origin:   
[2025-06-17 02:15:48] local.INFO: Request Origin:   
[2025-06-17 02:15:48] local.INFO: Request Origin:   
[2025-06-17 02:15:48] local.INFO: Request Origin:   
[2025-06-17 02:15:48] local.INFO: Request Origin: http://localhost:3000  
[2025-06-17 02:15:48] local.INFO: Request Origin:   
[2025-06-17 02:15:48] local.INFO: Request Origin:   
[2025-06-17 02:15:48] local.INFO: Request Origin:   
[2025-06-17 02:15:49] local.INFO: Request Origin:   
[2025-06-17 02:15:49] local.INFO: Request Origin:   
[2025-06-17 02:15:52] local.INFO: Request Origin: http://localhost:3000  
[2025-06-17 02:15:52] local.INFO: Request Origin:   
[2025-06-17 02:15:52] local.INFO: Request Origin:   
[2025-06-17 02:15:53] local.INFO: Request Origin:   
[2025-06-17 02:15:53] local.INFO: Request Origin:   
[2025-06-17 02:15:53] local.INFO: Request Origin:   
[2025-06-17 02:15:53] local.INFO: Request Origin:   
[2025-06-17 02:15:53] local.INFO: Request Origin:   
[2025-06-17 02:15:53] local.INFO: Request Origin:   
[2025-06-17 02:15:53] local.INFO: Request Origin:   
[2025-06-17 02:16:17] local.INFO: Request Origin:   
[2025-06-17 02:16:31] local.INFO: Request Origin:   
[2025-06-17 02:16:36] local.INFO: Request Origin:   
[2025-06-17 02:16:45] local.INFO: Request Origin:   
[2025-06-17 02:18:28] local.INFO: Request Origin:   
[2025-06-17 02:18:42] local.INFO: Request Origin:   
[2025-06-17 02:19:53] local.INFO: Request Origin:   
[2025-06-17 02:20:07] local.INFO: Request Origin:   
[2025-06-17 02:20:30] local.INFO: Request Origin:   
[2025-06-17 02:20:43] local.INFO: Request Origin:   
[2025-06-17 02:20:43] local.INFO: Request Origin:   
[2025-06-17 02:20:43] local.INFO: Request Origin:   
[2025-06-17 02:20:44] local.INFO: Request Origin:   
[2025-06-17 02:20:44] local.INFO: Request Origin:   
[2025-06-17 02:20:44] local.INFO: Request Origin:   
[2025-06-17 02:20:44] local.INFO: Request Origin: http://localhost:3000  
[2025-06-17 02:20:44] local.INFO: Request Origin:   
[2025-06-17 02:20:44] local.INFO: Request Origin:   
[2025-06-17 02:20:44] local.INFO: Request Origin:   
[2025-06-17 02:20:48] local.INFO: Request Origin:   
[2025-06-17 02:20:52] local.INFO: Request Origin:   
[2025-06-17 02:20:54] local.INFO: Request Origin:   
[2025-06-17 02:20:57] local.INFO: Request Origin:   
[2025-06-17 02:20:59] local.INFO: Request Origin:   
[2025-06-17 02:21:01] local.INFO: Request Origin:   
[2025-06-17 02:21:11] local.INFO: Request Origin:   
[2025-06-17 02:21:11] local.INFO: Request Origin:   
[2025-06-17 02:21:11] local.INFO: Request Origin:   
[2025-06-17 02:21:11] local.INFO: Request Origin:   
[2025-06-17 02:21:12] local.INFO: Request Origin:   
[2025-06-17 02:21:12] local.INFO: Request Origin:   
[2025-06-17 02:21:12] local.INFO: Request Origin: http://localhost:3000  
[2025-06-17 02:21:12] local.INFO: Request Origin:   
[2025-06-17 02:21:12] local.INFO: Request Origin:   
[2025-06-17 02:21:12] local.INFO: Request Origin:   
[2025-06-17 02:21:24] local.INFO: Request Origin: http://localhost:3000  
[2025-06-17 02:21:32] local.INFO: Request Origin: http://localhost:3000  
[2025-06-17 02:21:34] local.INFO: Request Origin: http://localhost:3000  
[2025-06-17 02:22:21] local.INFO: Request Origin:   
[2025-06-17 02:22:21] local.INFO: Request Origin:   
[2025-06-17 02:22:21] local.INFO: Request Origin:   
[2025-06-17 02:22:22] local.INFO: Request Origin:   
[2025-06-17 02:22:22] local.INFO: Request Origin:   
[2025-06-17 02:22:22] local.INFO: Request Origin:   
[2025-06-17 02:22:22] local.INFO: Request Origin:   
[2025-06-17 02:22:22] local.INFO: Request Origin:   
[2025-06-17 02:22:22] local.INFO: Request Origin:   
[2025-06-17 02:22:24] local.INFO: Request Origin:   
[2025-06-17 02:22:33] local.INFO: Request Origin: http://localhost:3000  
[2025-06-17 02:22:36] local.INFO: Request Origin:   
[2025-06-17 02:22:44] local.INFO: Request Origin:   
[2025-06-17 02:22:46] local.INFO: Request Origin:   
[2025-06-17 02:22:49] local.INFO: Request Origin:   
[2025-06-17 02:22:51] local.INFO: Request Origin:   
[2025-06-17 02:22:52] local.INFO: Request Origin:   
[2025-06-17 02:22:55] local.INFO: Request Origin:   
[2025-06-17 02:22:55] local.INFO: Request Origin:   
[2025-06-17 02:22:55] local.INFO: Request Origin:   
[2025-06-17 02:22:55] local.INFO: Request Origin:   
[2025-06-17 02:22:55] local.INFO: Request Origin: http://localhost:3000  
[2025-06-17 02:22:55] local.INFO: Request Origin:   
[2025-06-17 02:22:55] local.INFO: Request Origin:   
[2025-06-17 02:22:56] local.INFO: Request Origin:   
[2025-06-17 02:22:56] local.INFO: Request Origin:   
[2025-06-17 02:22:56] local.INFO: Request Origin:   
[2025-06-17 02:28:07] local.INFO: Request Origin:   
[2025-06-17 02:28:08] local.INFO: Request Origin:   
[2025-06-17 02:28:08] local.INFO: Request Origin:   
[2025-06-17 02:28:08] local.INFO: Request Origin:   
[2025-06-17 02:28:08] local.INFO: Request Origin: http://localhost:3000  
[2025-06-17 02:28:08] local.INFO: Request Origin:   
[2025-06-17 02:28:08] local.INFO: Request Origin:   
[2025-06-17 02:28:08] local.INFO: Request Origin:   
[2025-06-17 02:28:09] local.INFO: Request Origin:   
[2025-06-17 02:28:09] local.INFO: Request Origin:   
[2025-06-17 02:28:11] local.INFO: Request Origin:   
[2025-06-17 02:28:12] local.INFO: Request Origin:   
[2025-06-17 02:28:12] local.INFO: Request Origin:   
[2025-06-17 02:28:12] local.INFO: Request Origin:   
[2025-06-17 02:28:12] local.INFO: Request Origin:   
[2025-06-17 02:28:12] local.INFO: Request Origin:   
[2025-06-17 02:28:12] local.INFO: Request Origin:   
[2025-06-17 02:28:12] local.INFO: Request Origin:   
[2025-06-17 02:28:13] local.INFO: Request Origin:   
[2025-06-17 02:28:13] local.INFO: Request Origin:   
[2025-06-17 02:28:13] local.INFO: Request Origin:   
[2025-06-17 02:28:14] local.INFO: Request Origin:   
[2025-06-17 02:28:14] local.INFO: Request Origin:   
[2025-06-17 02:28:14] local.INFO: Request Origin:   
[2025-06-17 02:28:14] local.INFO: Request Origin:   
[2025-06-17 02:28:14] local.INFO: Request Origin:   
[2025-06-17 02:28:14] local.INFO: Request Origin:   
[2025-06-17 02:28:14] local.INFO: Request Origin: http://localhost:3000  
[2025-06-17 02:33:17] local.INFO: Request Origin:   
[2025-06-17 02:33:17] local.INFO: Request Origin:   
[2025-06-17 02:33:17] local.INFO: Request Origin:   
[2025-06-17 02:33:17] local.INFO: Request Origin:   
[2025-06-17 02:33:18] local.INFO: Request Origin:   
[2025-06-17 02:33:18] local.INFO: Request Origin:   
[2025-06-17 02:33:18] local.INFO: Request Origin: http://localhost:3000  
[2025-06-17 02:33:18] local.INFO: Request Origin:   
[2025-06-17 02:33:18] local.INFO: Request Origin:   
[2025-06-17 02:33:18] local.INFO: Request Origin:   
[2025-06-17 02:50:56] local.INFO: Request Origin: http://localhost:3000  
[2025-06-17 02:57:02] local.INFO: Request Origin:   
[2025-06-17 02:58:01] local.INFO: Request Origin:   
[2025-06-17 02:58:24] local.INFO: Request Origin:   
[2025-06-17 02:59:03] local.INFO: Request Origin:   
[2025-06-17 02:59:08] local.INFO: Request Origin:   
[2025-06-17 02:59:08] local.INFO: Request Origin:   
[2025-06-17 02:59:08] local.INFO: Request Origin:   
[2025-06-17 02:59:08] local.INFO: Request Origin:   
[2025-06-17 02:59:09] local.INFO: Request Origin:   
[2025-06-17 02:59:09] local.INFO: Request Origin:   
[2025-06-17 02:59:11] local.INFO: Request Origin: http://localhost:3000  
[2025-06-17 02:59:19] local.INFO: Request Origin:   
[2025-06-17 02:59:19] local.INFO: Request Origin:   
[2025-06-17 02:59:19] local.INFO: Request Origin: http://localhost:3000  
[2025-06-17 02:59:19] local.INFO: Request Origin: http://localhost:3000  
[2025-06-17 02:59:53] local.INFO: Request Origin: http://localhost:3000  
[2025-06-17 02:59:54] local.INFO: Request Origin: http://localhost:3000  
[2025-06-17 03:00:07] local.INFO: Request Origin: http://localhost:3000  
[2025-06-17 03:00:09] local.INFO: Request Origin: http://localhost:3000  
[2025-06-17 03:00:09] local.INFO: Request Origin: http://localhost:3000  
[2025-06-17 03:00:18] local.INFO: Request Origin:   
[2025-06-17 03:00:18] local.INFO: Request Origin:   
[2025-06-17 03:00:18] local.INFO: Request Origin:   
[2025-06-17 03:00:18] local.INFO: Request Origin:   
[2025-06-17 03:00:18] local.INFO: Request Origin:   
[2025-06-17 03:00:18] local.INFO: Request Origin:   
[2025-06-17 03:00:18] local.INFO: Request Origin: http://localhost:3000  
[2025-06-17 03:00:18] local.INFO: Request Origin:   
[2025-06-17 03:00:18] local.INFO: Request Origin:   
[2025-06-17 03:00:19] local.INFO: Request Origin:   
[2025-06-17 03:00:30] local.INFO: Request Origin: http://localhost:3000  
[2025-06-17 03:00:31] local.INFO: Request Origin: http://localhost:3000  
[2025-06-17 03:00:31] local.INFO: Request Origin: http://localhost:3000  
[2025-06-17 03:01:03] local.INFO: Request Origin:   
[2025-06-17 03:01:04] local.INFO: Request Origin: http://localhost:3000  
[2025-06-17 03:01:07] local.INFO: Request Origin:   
[2025-06-17 03:01:08] local.INFO: Request Origin:   
[2025-06-17 03:01:08] local.INFO: Request Origin:   
[2025-06-17 03:01:08] local.INFO: Request Origin:   
[2025-06-17 03:01:08] local.INFO: Request Origin:   
[2025-06-17 03:01:08] local.INFO: Request Origin:   
[2025-06-17 03:01:08] local.INFO: Request Origin:   
[2025-06-17 03:01:08] local.INFO: Request Origin:   
[2025-06-17 03:01:10] local.INFO: Request Origin: http://localhost:3000  
[2025-06-17 03:01:10] local.INFO: Request Origin: http://localhost:3000  
[2025-06-17 03:01:53] local.INFO: Request Origin:   
[2025-06-17 03:02:12] local.INFO: Request Origin:   
[2025-06-17 03:02:18] local.INFO: Request Origin: http://localhost:3000  
[2025-06-17 03:02:23] local.INFO: Request Origin: http://localhost:3000  
[2025-06-17 03:02:24] local.INFO: Request Origin: http://localhost:3000  
[2025-06-17 03:02:27] local.INFO: Request Origin: http://localhost:3000  
[2025-06-17 03:02:27] local.INFO: Request Origin: http://localhost:3000  
[2025-06-17 03:02:28] local.INFO: Request Origin:   
[2025-06-17 03:02:28] local.INFO: Request Origin:   
[2025-06-17 03:02:28] local.INFO: Request Origin:   
[2025-06-17 03:02:28] local.INFO: Request Origin:   
[2025-06-17 03:02:28] local.INFO: Request Origin:   
[2025-06-17 03:02:29] local.INFO: Request Origin:   
[2025-06-17 03:02:29] local.INFO: Request Origin: http://localhost:3000  
[2025-06-17 03:02:29] local.INFO: Request Origin:   
[2025-06-17 03:02:29] local.INFO: Request Origin:   
[2025-06-17 03:02:29] local.INFO: Request Origin:   
[2025-06-17 03:02:36] local.INFO: Request Origin: http://localhost:3000  
[2025-06-17 03:02:38] local.INFO: Request Origin: http://localhost:3000  
[2025-06-17 03:02:38] local.INFO: Request Origin: http://localhost:3000  
[2025-06-17 03:02:40] local.INFO: Request Origin:   
[2025-06-17 03:02:40] local.INFO: Request Origin:   
[2025-06-17 03:02:40] local.INFO: Request Origin:   
[2025-06-17 03:02:40] local.INFO: Request Origin:   
[2025-06-17 03:02:40] local.INFO: Request Origin:   
[2025-06-17 03:02:40] local.INFO: Request Origin:   
[2025-06-17 03:02:40] local.INFO: Request Origin:   
[2025-06-17 03:02:40] local.INFO: Request Origin:   
[2025-06-17 03:02:40] local.INFO: Request Origin:   
[2025-06-17 03:02:41] local.INFO: Request Origin:   
[2025-06-17 03:02:42] local.INFO: Request Origin:   
[2025-06-17 03:02:42] local.INFO: Request Origin:   
[2025-06-17 03:02:42] local.INFO: Request Origin:   
[2025-06-17 03:02:42] local.INFO: Request Origin:   
[2025-06-17 03:02:42] local.INFO: Request Origin:   
[2025-06-17 03:02:42] local.INFO: Request Origin:   
[2025-06-17 03:02:42] local.INFO: Request Origin: http://localhost:3000  
[2025-06-17 03:02:43] local.INFO: Request Origin:   
[2025-06-17 03:02:43] local.INFO: Request Origin: http://localhost:3000  
[2025-06-17 03:02:43] local.INFO: Request Origin:   
[2025-06-17 03:02:46] local.INFO: Request Origin:   
[2025-06-17 03:02:46] local.INFO: Request Origin:   
[2025-06-17 03:02:46] local.INFO: Request Origin:   
[2025-06-17 03:02:46] local.INFO: Request Origin:   
[2025-06-17 03:02:46] local.INFO: Request Origin:   
[2025-06-17 03:02:46] local.INFO: Request Origin:   
[2025-06-17 03:02:46] local.INFO: Request Origin:   
[2025-06-17 03:02:47] local.INFO: Request Origin:   
[2025-06-17 03:02:47] local.INFO: Request Origin:   
[2025-06-17 03:02:48] local.INFO: Request Origin:   
[2025-06-17 03:02:48] local.INFO: Request Origin:   
[2025-06-17 03:02:48] local.INFO: Request Origin:   
[2025-06-17 03:02:48] local.INFO: Request Origin:   
[2025-06-17 03:02:48] local.INFO: Request Origin:   
[2025-06-17 03:02:48] local.INFO: Request Origin:   
[2025-06-17 03:02:49] local.INFO: Request Origin:   
[2025-06-17 03:02:49] local.INFO: Request Origin:   
[2025-06-17 03:02:49] local.INFO: Request Origin: http://localhost:3000  
[2025-06-17 03:02:49] local.INFO: Request Origin:   
[2025-06-17 03:02:49] local.INFO: Request Origin: http://localhost:3000  
[2025-06-17 03:03:25] local.INFO: Request Origin:   
[2025-06-17 03:06:13] local.INFO: Request Origin:   
[2025-06-17 03:06:16] local.INFO: Request Origin: http://localhost:3000  
[2025-06-17 03:06:19] local.INFO: Request Origin:   
[2025-06-17 03:06:19] local.INFO: Request Origin:   
[2025-06-17 03:06:19] local.INFO: Request Origin:   
[2025-06-17 03:06:20] local.INFO: Request Origin: http://localhost:3000  
[2025-06-17 03:07:06] local.INFO: Request Origin:   
[2025-06-17 03:07:39] local.INFO: Request Origin:   
[2025-06-17 03:07:48] local.INFO: Request Origin: http://localhost:3000  
[2025-06-17 03:07:50] local.INFO: Request Origin:   
[2025-06-17 03:07:50] local.INFO: Request Origin:   
[2025-06-17 03:07:50] local.INFO: Request Origin:   
[2025-06-17 03:07:50] local.INFO: Request Origin:   
[2025-06-17 03:07:51] local.INFO: Request Origin:   
[2025-06-17 03:07:51] local.INFO: Request Origin:   
[2025-06-17 03:07:51] local.INFO: Request Origin:   
[2025-06-17 03:07:51] local.INFO: Request Origin:   
[2025-06-17 03:07:52] local.INFO: Request Origin:   
[2025-06-17 03:07:52] local.INFO: Request Origin:   
[2025-06-17 03:07:52] local.INFO: Request Origin:   
[2025-06-17 03:07:52] local.INFO: Request Origin:   
[2025-06-17 03:07:52] local.INFO: Request Origin:   
[2025-06-17 03:07:53] local.INFO: Request Origin:   
[2025-06-17 03:07:53] local.INFO: Request Origin:   
[2025-06-17 03:07:53] local.INFO: Request Origin:   
[2025-06-17 03:07:53] local.INFO: Request Origin:   
[2025-06-17 03:07:55] local.INFO: Request Origin: http://localhost:3000  
[2025-06-17 03:07:56] local.INFO: Request Origin: http://localhost:3000  
[2025-06-17 03:08:10] local.INFO: Request Origin: http://localhost:3000  
[2025-06-17 03:08:10] local.INFO: Request Origin: http://localhost:3000  
[2025-06-17 03:17:09] local.INFO: Request Origin:   
[2025-06-17 03:17:28] local.INFO: Request Origin: http://localhost:3000  
[2025-06-17 03:17:31] local.INFO: Request Origin:   
[2025-06-17 03:17:33] local.INFO: Request Origin: http://localhost:3000  
[2025-06-17 03:17:47] local.INFO: Request Origin:   
[2025-06-17 03:17:48] local.INFO: Request Origin:   
[2025-06-17 03:17:48] local.INFO: Request Origin:   
[2025-06-17 03:17:48] local.INFO: Request Origin: http://localhost:3000  
[2025-06-17 03:17:50] local.INFO: Request Origin:   
[2025-06-17 03:17:50] local.INFO: Request Origin:   
[2025-06-17 03:17:50] local.INFO: Request Origin:   
[2025-06-17 03:17:51] local.INFO: Request Origin: http://localhost:3000  
[2025-06-17 03:17:52] local.INFO: Request Origin:   
[2025-06-17 03:17:52] local.INFO: Request Origin:   
[2025-06-17 03:17:52] local.INFO: Request Origin:   
[2025-06-17 03:17:52] local.INFO: Request Origin:   
[2025-06-17 03:17:52] local.INFO: Request Origin:   
[2025-06-17 03:17:52] local.INFO: Request Origin:   
[2025-06-17 03:17:52] local.INFO: Request Origin:   
[2025-06-17 03:17:53] local.INFO: Request Origin:   
[2025-06-17 03:17:54] local.INFO: Request Origin:   
[2025-06-17 03:17:54] local.INFO: Request Origin:   
[2025-06-17 03:17:54] local.INFO: Request Origin:   
[2025-06-17 03:17:54] local.INFO: Request Origin:   
[2025-06-17 03:17:54] local.INFO: Request Origin:   
[2025-06-17 03:17:54] local.INFO: Request Origin:   
[2025-06-17 03:17:54] local.INFO: Request Origin:   
[2025-06-17 03:17:54] local.INFO: Request Origin:   
[2025-06-17 03:17:54] local.INFO: Request Origin:   
[2025-06-17 03:17:55] local.INFO: Request Origin: http://localhost:3000  
[2025-06-17 03:17:55] local.INFO: Request Origin: http://localhost:3000  
[2025-06-17 03:21:56] local.INFO: Request Origin:   
[2025-06-17 03:22:01] local.INFO: Request Origin:   
[2025-06-17 03:22:01] local.INFO: Request Origin:   
[2025-06-17 03:22:01] local.INFO: Request Origin:   
[2025-06-17 03:22:01] local.INFO: Request Origin:   
[2025-06-17 03:22:02] local.INFO: Request Origin:   
[2025-06-17 03:22:02] local.INFO: Request Origin:   
[2025-06-17 03:22:03] local.INFO: Request Origin: http://localhost:3000  
[2025-06-17 03:22:04] local.INFO: Request Origin: http://localhost:3000  
[2025-06-17 03:22:05] local.INFO: Request Origin: http://localhost:3000  
[2025-06-17 03:22:10] local.INFO: Request Origin: http://localhost:3000  
[2025-06-17 03:22:18] local.INFO: Request Origin:   
[2025-06-17 03:23:28] local.INFO: Request Origin:   
[2025-06-17 03:23:35] local.INFO: Request Origin: http://localhost:3000  
[2025-06-17 03:23:53] local.INFO: Request Origin:   
[2025-06-17 03:23:58] local.INFO: Request Origin: http://localhost:3000  
[2025-06-17 03:24:00] local.INFO: Request Origin: http://localhost:3000  
[2025-06-17 03:24:02] local.INFO: Request Origin:   
[2025-06-17 03:24:02] local.INFO: Request Origin:   
[2025-06-17 03:24:03] local.INFO: Request Origin:   
[2025-06-17 03:24:03] local.INFO: Request Origin:   
[2025-06-17 03:24:03] local.INFO: Request Origin:   
[2025-06-17 03:24:03] local.INFO: Request Origin:   
[2025-06-17 03:24:03] local.INFO: Request Origin: http://localhost:3000  
[2025-06-17 03:24:03] local.INFO: Request Origin:   
[2025-06-17 03:24:03] local.INFO: Request Origin:   
[2025-06-17 03:24:03] local.INFO: Request Origin:   
[2025-06-17 03:24:07] local.INFO: Request Origin:   
[2025-06-17 03:24:07] local.INFO: Request Origin:   
[2025-06-17 03:24:09] local.INFO: Request Origin: http://localhost:3000  
[2025-06-17 03:24:09] local.INFO: Request Origin: http://localhost:3000  
[2025-06-17 03:24:09] local.INFO: Request Origin: http://localhost:3000  
[2025-06-17 03:24:50] local.INFO: Request Origin:   
[2025-06-17 03:24:55] local.INFO: Request Origin:   
[2025-06-17 03:24:55] local.INFO: Request Origin:   
[2025-06-17 03:24:55] local.INFO: Request Origin:   
[2025-06-17 03:24:55] local.INFO: Request Origin:   
[2025-06-17 03:24:55] local.INFO: Request Origin:   
[2025-06-17 03:24:55] local.INFO: Request Origin:   
[2025-06-17 03:24:57] local.INFO: Request Origin: http://localhost:3000  
[2025-06-17 03:24:58] local.INFO: Request Origin:   
[2025-06-17 03:24:58] local.INFO: Request Origin:   
[2025-06-17 03:24:59] local.INFO: Request Origin: http://localhost:3000  
[2025-06-17 03:24:59] local.INFO: Request Origin: http://localhost:3000  
[2025-06-17 03:25:02] local.INFO: Request Origin: http://localhost:3000  
[2025-06-17 03:25:15] local.INFO: Request Origin: http://localhost:3000  
[2025-06-17 03:25:18] local.INFO: Request Origin:   
[2025-06-17 03:25:20] local.INFO: Request Origin:   
[2025-06-17 03:25:22] local.INFO: Request Origin:   
[2025-06-17 03:25:23] local.INFO: Request Origin:   
[2025-06-17 03:25:23] local.INFO: Request Origin:   
[2025-06-17 03:25:23] local.INFO: Request Origin:   
[2025-06-17 03:25:23] local.INFO: Request Origin:   
[2025-06-17 03:25:24] local.INFO: Request Origin:   
[2025-06-17 03:25:24] local.INFO: Request Origin:   
[2025-06-17 03:25:26] local.INFO: Request Origin: http://localhost:3000  
[2025-06-17 03:27:46] local.INFO: Request Origin:   
[2025-06-17 03:28:09] local.INFO: Request Origin:   
[2025-06-17 03:28:30] local.INFO: Request Origin:   
[2025-06-17 03:28:32] local.INFO: Request Origin:   
[2025-06-17 03:28:32] local.INFO: Request Origin:   
[2025-06-17 03:28:33] local.INFO: Request Origin:   
[2025-06-17 03:28:33] local.INFO: Request Origin:   
[2025-06-17 03:28:33] local.INFO: Request Origin:   
[2025-06-17 03:28:33] local.INFO: Request Origin:   
[2025-06-17 03:28:35] local.INFO: Request Origin: http://localhost:3000  
[2025-06-17 03:28:39] local.INFO: Request Origin: http://localhost:3000  
[2025-06-17 03:28:40] local.INFO: Request Origin: http://localhost:3000  
[2025-06-17 03:28:42] local.INFO: Request Origin:   
[2025-06-17 03:28:42] local.INFO: Request Origin:   
[2025-06-17 03:28:42] local.INFO: Request Origin:   
[2025-06-17 03:28:42] local.INFO: Request Origin:   
[2025-06-17 03:28:42] local.INFO: Request Origin:   
[2025-06-17 03:28:42] local.INFO: Request Origin:   
[2025-06-17 03:28:42] local.INFO: Request Origin:   
[2025-06-17 03:28:43] local.INFO: Request Origin:   
[2025-06-17 03:28:43] local.INFO: Request Origin:   
[2025-06-17 03:28:44] local.INFO: Request Origin:   
[2025-06-17 03:28:44] local.INFO: Request Origin:   
[2025-06-17 03:28:44] local.INFO: Request Origin:   
[2025-06-17 03:28:44] local.INFO: Request Origin:   
[2025-06-17 03:28:44] local.INFO: Request Origin:   
[2025-06-17 03:28:44] local.INFO: Request Origin:   
[2025-06-17 03:28:45] local.INFO: Request Origin:   
[2025-06-17 03:28:45] local.INFO: Request Origin: http://localhost:3000  
[2025-06-17 03:28:45] local.INFO: Request Origin:   
[2025-06-17 03:28:45] local.INFO: Request Origin: http://localhost:3000  
[2025-06-17 03:28:45] local.INFO: Request Origin:   
[2025-06-17 03:28:51] local.INFO: Request Origin: http://localhost:3000  
[2025-06-17 03:28:51] local.INFO: Request Origin:   
[2025-06-17 03:28:52] local.INFO: Request Origin:   
[2025-06-17 03:28:52] local.INFO: Request Origin: http://localhost:3000  
[2025-06-17 03:28:52] local.INFO: Request Origin: http://localhost:3000  
[2025-06-17 03:28:55] local.INFO: Request Origin: http://localhost:3000  
[2025-06-17 03:28:57] local.INFO: Request Origin: http://localhost:3000  
[2025-06-17 03:28:57] local.INFO: Request Origin: http://localhost:3000  
[2025-06-17 03:29:00] local.INFO: Request Origin: http://localhost:3000  
[2025-06-17 03:29:01] local.INFO: Request Origin: http://localhost:3000  
[2025-06-17 03:29:07] local.INFO: Request Origin:   
[2025-06-17 03:29:07] local.INFO: Request Origin:   
[2025-06-17 03:29:07] local.INFO: Request Origin:   
[2025-06-17 03:29:07] local.INFO: Request Origin:   
[2025-06-17 03:29:07] local.INFO: Request Origin:   
[2025-06-17 03:29:07] local.INFO: Request Origin:   
[2025-06-17 03:29:07] local.INFO: Request Origin: http://localhost:3000  
[2025-06-17 03:29:07] local.INFO: Request Origin:   
[2025-06-17 03:29:08] local.INFO: Request Origin:   
[2025-06-17 03:29:08] local.INFO: Request Origin:   
[2025-06-17 03:29:10] local.INFO: Request Origin:   
[2025-06-17 03:29:12] local.INFO: Request Origin:   
[2025-06-17 03:29:14] local.INFO: Request Origin:   
[2025-06-17 03:30:15] local.INFO: Request Origin:   
[2025-06-17 03:30:37] local.INFO: Request Origin:   
[2025-06-17 03:30:54] local.INFO: Request Origin:   
[2025-06-17 03:30:54] local.INFO: Request Origin:   
[2025-06-17 03:30:54] local.INFO: Request Origin:   
[2025-06-17 03:30:55] local.INFO: Request Origin: http://localhost:3000  
[2025-06-17 03:31:03] local.INFO: Request Origin:   
[2025-06-17 03:31:08] local.INFO: Request Origin:   
[2025-06-17 03:31:08] local.INFO: Request Origin:   
[2025-06-17 03:31:08] local.INFO: Request Origin:   
[2025-06-17 03:31:08] local.INFO: Request Origin:   
[2025-06-17 03:31:08] local.INFO: Request Origin:   
[2025-06-17 03:31:08] local.INFO: Request Origin:   
[2025-06-17 03:31:08] local.INFO: Request Origin:   
[2025-06-17 03:31:09] local.INFO: Request Origin:   
[2025-06-17 03:31:09] local.INFO: Request Origin:   
[2025-06-17 03:31:10] local.INFO: Request Origin:   
[2025-06-17 03:31:10] local.INFO: Request Origin:   
[2025-06-17 03:31:10] local.INFO: Request Origin:   
[2025-06-17 03:31:10] local.INFO: Request Origin:   
[2025-06-17 03:31:10] local.INFO: Request Origin:   
[2025-06-17 03:31:10] local.INFO: Request Origin:   
[2025-06-17 03:31:11] local.INFO: Request Origin:   
[2025-06-17 03:31:11] local.INFO: Request Origin:   
[2025-06-17 03:31:11] local.INFO: Request Origin: http://localhost:3000  
[2025-06-17 03:31:11] local.INFO: Request Origin:   
[2025-06-17 03:31:12] local.INFO: Request Origin:   
[2025-06-17 03:31:12] local.INFO: Request Origin:   
[2025-06-17 03:31:12] local.INFO: Request Origin:   
[2025-06-17 03:31:12] local.INFO: Request Origin:   
[2025-06-17 03:31:12] local.INFO: Request Origin:   
[2025-06-17 03:31:13] local.INFO: Request Origin:   
[2025-06-17 03:31:13] local.INFO: Request Origin:   
[2025-06-17 03:31:13] local.INFO: Request Origin:   
[2025-06-17 03:31:13] local.INFO: Request Origin:   
[2025-06-17 03:31:14] local.INFO: Request Origin:   
[2025-06-17 03:31:14] local.INFO: Request Origin:   
[2025-06-17 03:31:14] local.INFO: Request Origin:   
[2025-06-17 03:31:14] local.INFO: Request Origin:   
[2025-06-17 03:31:14] local.INFO: Request Origin:   
[2025-06-17 03:31:14] local.INFO: Request Origin:   
[2025-06-17 03:31:15] local.INFO: Request Origin:   
[2025-06-17 03:31:15] local.INFO: Request Origin:   
[2025-06-17 03:31:15] local.INFO: Request Origin:   
[2025-06-17 03:31:15] local.INFO: Request Origin: http://localhost:3000  
[2025-06-17 03:31:18] local.INFO: Request Origin:   
[2025-06-17 03:31:18] local.INFO: Request Origin:   
[2025-06-17 03:31:18] local.INFO: Request Origin:   
[2025-06-17 03:31:18] local.INFO: Request Origin:   
[2025-06-17 03:31:19] local.INFO: Request Origin:   
[2025-06-17 03:31:19] local.INFO: Request Origin:   
[2025-06-17 03:31:19] local.INFO: Request Origin: http://localhost:3000  
[2025-06-17 03:31:19] local.INFO: Request Origin:   
[2025-06-17 03:31:19] local.INFO: Request Origin:   
[2025-06-17 03:31:19] local.INFO: Request Origin:   
[2025-06-17 03:31:32] local.INFO: Request Origin: http://localhost:3000  
[2025-06-17 03:31:33] local.INFO: Request Origin: http://localhost:3000  
[2025-06-17 03:31:36] local.INFO: Request Origin: http://localhost:3000  
[2025-06-17 03:31:37] local.INFO: Request Origin: http://localhost:3000  
[2025-06-17 03:31:37] local.INFO: Request Origin: http://localhost:3000  
[2025-06-17 03:31:39] local.INFO: Request Origin: http://localhost:3000  
[2025-06-17 03:31:40] local.INFO: Request Origin: http://localhost:3000  
[2025-06-17 03:31:40] local.INFO: Request Origin: http://localhost:3000  
[2025-06-17 03:31:45] local.INFO: Request Origin: http://localhost:3000  
[2025-06-17 03:31:48] local.INFO: Request Origin: http://localhost:3000  
[2025-06-17 03:31:48] local.INFO: Request Origin: http://localhost:3000  
[2025-06-17 03:32:03] local.INFO: Request Origin: http://localhost:3000  
[2025-06-17 03:32:40] local.INFO: Request Origin:   
[2025-06-17 03:32:42] local.INFO: Request Origin:   
[2025-06-17 03:32:44] local.INFO: Request Origin:   
[2025-06-17 03:32:47] local.INFO: Request Origin:   
[2025-06-17 03:32:47] local.INFO: Request Origin:   
[2025-06-17 03:32:48] local.INFO: Request Origin:   
[2025-06-17 03:32:48] local.INFO: Request Origin:   
[2025-06-17 03:32:48] local.INFO: Request Origin:   
[2025-06-17 03:32:48] local.INFO: Request Origin:   
[2025-06-17 03:32:48] local.INFO: Request Origin:   
[2025-06-17 03:32:48] local.INFO: Request Origin:   
[2025-06-17 03:32:48] local.INFO: Request Origin:   
[2025-06-17 03:32:49] local.INFO: Request Origin:   
[2025-06-17 03:32:49] local.INFO: Request Origin:   
[2025-06-17 03:32:50] local.INFO: Request Origin:   
[2025-06-17 03:32:50] local.INFO: Request Origin:   
[2025-06-17 03:32:50] local.INFO: Request Origin:   
[2025-06-17 03:32:50] local.INFO: Request Origin:   
[2025-06-17 03:32:50] local.INFO: Request Origin:   
[2025-06-17 03:32:50] local.INFO: Request Origin:   
[2025-06-17 03:32:50] local.INFO: Request Origin: http://localhost:3000  
[2025-06-17 03:32:51] local.INFO: Request Origin:   
[2025-06-17 03:33:06] local.INFO: Request Origin:   
[2025-06-17 03:33:28] local.INFO: Request Origin:   
[2025-06-17 03:34:38] local.INFO: Request Origin:   
[2025-06-17 03:34:38] local.INFO: Request Origin:   
[2025-06-17 03:34:38] local.INFO: Request Origin:   
[2025-06-17 03:34:38] local.INFO: Request Origin:   
[2025-06-17 03:34:38] local.INFO: Request Origin:   
[2025-06-17 03:34:38] local.INFO: Request Origin:   
[2025-06-17 03:34:39] local.INFO: Request Origin:   
[2025-06-17 03:34:40] local.INFO: Request Origin: http://localhost:3000  
[2025-06-17 03:34:45] local.INFO: Request Origin: http://localhost:3000  
[2025-06-17 03:34:45] local.INFO: Request Origin: http://localhost:3000  
[2025-06-17 03:34:47] local.INFO: Request Origin:   
[2025-06-17 03:34:47] local.INFO: Request Origin:   
[2025-06-17 03:34:47] local.INFO: Request Origin:   
[2025-06-17 03:34:47] local.INFO: Request Origin:   
[2025-06-17 03:34:48] local.INFO: Request Origin:   
[2025-06-17 03:34:48] local.INFO: Request Origin:   
[2025-06-17 03:34:48] local.INFO: Request Origin:   
[2025-06-17 03:34:48] local.INFO: Request Origin:   
[2025-06-17 03:34:48] local.INFO: Request Origin:   
[2025-06-17 03:34:49] local.INFO: Request Origin:   
[2025-06-17 03:34:49] local.INFO: Request Origin:   
[2025-06-17 03:34:49] local.INFO: Request Origin:   
[2025-06-17 03:34:49] local.INFO: Request Origin:   
[2025-06-17 03:34:50] local.INFO: Request Origin:   
[2025-06-17 03:34:50] local.INFO: Request Origin:   
[2025-06-17 03:34:50] local.INFO: Request Origin:   
[2025-06-17 03:34:50] local.INFO: Request Origin:   
[2025-06-17 03:34:50] local.INFO: Request Origin: http://localhost:3000  
[2025-06-17 03:34:50] local.INFO: Request Origin:   
[2025-06-17 03:34:50] local.INFO: Request Origin: http://localhost:3000  
[2025-06-17 03:35:30] local.INFO: Request Origin: http://localhost:3000  
[2025-06-17 03:37:14] local.INFO: Request Origin:   
[2025-06-17 03:37:37] local.INFO: Request Origin:   
[2025-06-17 03:37:57] local.INFO: Request Origin:   
[2025-06-17 03:38:56] local.INFO: Request Origin: http://localhost:3000  
[2025-06-17 03:38:59] local.INFO: Request Origin:   
[2025-06-17 03:39:01] local.INFO: Request Origin:   
[2025-06-17 03:39:03] local.INFO: Request Origin:   
[2025-06-17 03:39:21] local.INFO: Request Origin:   
[2025-06-17 03:40:07] local.INFO: Request Origin: http://localhost:3000  
[2025-06-17 03:40:29] local.INFO: Request Origin:   
[2025-06-17 03:40:49] local.INFO: Request Origin:   
[2025-06-17 03:41:08] local.INFO: Request Origin:   
[2025-06-17 03:41:11] local.INFO: Request Origin:   
[2025-06-17 03:41:11] local.INFO: Request Origin:   
[2025-06-17 03:41:11] local.INFO: Request Origin:   
[2025-06-17 03:41:11] local.INFO: Request Origin:   
[2025-06-17 03:41:11] local.INFO: Request Origin:   
[2025-06-17 03:41:11] local.INFO: Request Origin:   
[2025-06-17 03:41:12] local.INFO: Request Origin:   
[2025-06-17 03:41:13] local.INFO: Request Origin: http://localhost:3000  
[2025-06-17 03:41:15] local.INFO: Request Origin: http://localhost:3000  
[2025-06-17 03:41:18] local.INFO: Request Origin: http://localhost:3000  
[2025-06-17 03:41:19] local.INFO: Request Origin: http://localhost:3000  
[2025-06-17 03:41:21] local.INFO: Request Origin:   
[2025-06-17 03:41:21] local.INFO: Request Origin:   
[2025-06-17 03:41:21] local.INFO: Request Origin:   
[2025-06-17 03:41:21] local.INFO: Request Origin:   
[2025-06-17 03:41:21] local.INFO: Request Origin:   
[2025-06-17 03:41:21] local.INFO: Request Origin:   
[2025-06-17 03:41:21] local.INFO: Request Origin:   
[2025-06-17 03:41:22] local.INFO: Request Origin:   
[2025-06-17 03:41:22] local.INFO: Request Origin:   
[2025-06-17 03:41:23] local.INFO: Request Origin:   
[2025-06-17 03:41:23] local.INFO: Request Origin:   
[2025-06-17 03:41:23] local.INFO: Request Origin:   
[2025-06-17 03:41:23] local.INFO: Request Origin:   
[2025-06-17 03:41:23] local.INFO: Request Origin:   
[2025-06-17 03:41:23] local.INFO: Request Origin:   
[2025-06-17 03:41:23] local.INFO: Request Origin:   
[2025-06-17 03:41:24] local.INFO: Request Origin:   
[2025-06-17 03:41:24] local.INFO: Request Origin: http://localhost:3000  
[2025-06-17 03:41:24] local.INFO: Request Origin:   
[2025-06-17 03:41:24] local.INFO: Request Origin: http://localhost:3000  
[2025-06-17 03:41:27] local.INFO: Request Origin: http://localhost:3000  
[2025-06-17 03:41:30] local.INFO: Request Origin: http://localhost:3000  
[2025-06-17 03:41:30] local.INFO: Request Origin: http://localhost:3000  
[2025-06-17 03:41:32] local.INFO: Request Origin:   
[2025-06-17 03:41:32] local.INFO: Request Origin:   
[2025-06-17 03:41:32] local.INFO: Request Origin:   
[2025-06-17 03:41:33] local.INFO: Request Origin:   
[2025-06-17 03:41:33] local.INFO: Request Origin:   
[2025-06-17 03:41:33] local.INFO: Request Origin:   
[2025-06-17 03:41:33] local.INFO: Request Origin:   
[2025-06-17 03:41:33] local.INFO: Request Origin:   
[2025-06-17 03:41:33] local.INFO: Request Origin:   
[2025-06-17 03:41:34] local.INFO: Request Origin:   
[2025-06-17 03:41:34] local.INFO: Request Origin:   
[2025-06-17 03:41:35] local.INFO: Request Origin:   
[2025-06-17 03:41:35] local.INFO: Request Origin:   
[2025-06-17 03:41:35] local.INFO: Request Origin:   
[2025-06-17 03:41:35] local.INFO: Request Origin:   
[2025-06-17 03:41:35] local.INFO: Request Origin:   
[2025-06-17 03:41:35] local.INFO: Request Origin: http://localhost:3000  
[2025-06-17 03:41:35] local.INFO: Request Origin:   
[2025-06-17 03:41:36] local.INFO: Request Origin: http://localhost:3000  
[2025-06-17 03:41:36] local.INFO: Request Origin:   
[2025-06-17 03:41:48] local.INFO: Request Origin: http://localhost:3000  
[2025-06-17 03:41:49] local.INFO: Request Origin:   
[2025-06-17 03:41:49] local.INFO: Request Origin:   
[2025-06-17 03:41:50] local.INFO: Request Origin:   
[2025-06-17 03:41:50] local.INFO: Request Origin:   
[2025-06-17 03:41:50] local.INFO: Request Origin:   
[2025-06-17 03:41:50] local.INFO: Request Origin:   
[2025-06-17 03:41:50] local.INFO: Request Origin:   
[2025-06-17 03:41:50] local.INFO: Request Origin:   
[2025-06-17 03:41:51] local.INFO: Request Origin:   
[2025-06-17 03:41:51] local.INFO: Request Origin:   
[2025-06-17 03:41:51] local.INFO: Request Origin:   
[2025-06-17 03:41:51] local.INFO: Request Origin:   
[2025-06-17 03:41:51] local.INFO: Request Origin:   
[2025-06-17 03:41:52] local.INFO: Request Origin:   
[2025-06-17 03:41:52] local.INFO: Request Origin:   
[2025-06-17 03:41:52] local.INFO: Request Origin:   
[2025-06-17 03:41:52] local.INFO: Request Origin:   
[2025-06-17 03:41:52] local.INFO: Request Origin: http://localhost:3000  
[2025-06-17 03:41:57] local.INFO: Request Origin:   
[2025-06-17 03:46:43] local.INFO: Request Origin:   
[2025-06-17 03:47:34] local.INFO: Request Origin:   
[2025-06-17 03:47:54] local.INFO: Request Origin: http://localhost:3000  
[2025-06-17 03:48:03] local.INFO: Request Origin:   
[2025-06-17 03:48:05] local.INFO: Request Origin:   
[2025-06-17 03:48:07] local.INFO: Request Origin:   
[2025-06-17 03:48:10] local.INFO: Request Origin:   
[2025-06-17 03:48:16] local.INFO: Request Origin:   
[2025-06-17 03:48:16] local.INFO: Request Origin:   
[2025-06-17 03:48:16] local.INFO: Request Origin:   
[2025-06-17 03:48:16] local.INFO: Request Origin:   
[2025-06-17 03:48:16] local.INFO: Request Origin:   
[2025-06-17 03:48:16] local.INFO: Request Origin:   
[2025-06-17 03:48:16] local.INFO: Request Origin:   
[2025-06-17 03:48:16] local.INFO: Request Origin:   
[2025-06-17 03:48:17] local.INFO: Request Origin:   
[2025-06-17 03:48:17] local.INFO: Request Origin:   
[2025-06-17 03:48:17] local.INFO: Request Origin:   
[2025-06-17 03:48:17] local.INFO: Request Origin:   
[2025-06-17 03:48:17] local.INFO: Request Origin:   
[2025-06-17 03:48:17] local.INFO: Request Origin:   
[2025-06-17 03:48:18] local.INFO: Request Origin:   
[2025-06-17 03:48:19] local.INFO: Request Origin:   
[2025-06-17 03:48:19] local.INFO: Request Origin:   
[2025-06-17 03:48:19] local.INFO: Request Origin:   
[2025-06-17 03:48:19] local.INFO: Request Origin:   
[2025-06-17 03:48:19] local.INFO: Request Origin:   
[2025-06-17 03:48:19] local.INFO: Request Origin:   
[2025-06-17 03:48:19] local.INFO: Request Origin:   
[2025-06-17 03:48:19] local.INFO: Request Origin:   
[2025-06-17 03:48:20] local.INFO: Request Origin: http://localhost:3000  
[2025-06-17 03:48:39] local.INFO: Request Origin:   
[2025-06-17 03:49:04] local.INFO: Request Origin:   
[2025-06-17 03:49:29] local.INFO: Request Origin:   
[2025-06-17 03:49:29] local.INFO: Request Origin:   
[2025-06-17 03:49:29] local.INFO: Request Origin:   
[2025-06-17 03:49:29] local.INFO: Request Origin:   
[2025-06-17 03:49:29] local.INFO: Request Origin:   
[2025-06-17 03:49:29] local.INFO: Request Origin:   
[2025-06-17 03:49:30] local.INFO: Request Origin:   
[2025-06-17 03:49:30] local.INFO: Request Origin:   
[2025-06-17 03:49:31] local.INFO: Request Origin:   
[2025-06-17 03:49:31] local.INFO: Request Origin:   
[2025-06-17 03:49:31] local.INFO: Request Origin:   
[2025-06-17 03:49:31] local.INFO: Request Origin:   
[2025-06-17 03:49:31] local.INFO: Request Origin:   
[2025-06-17 03:49:31] local.INFO: Request Origin:   
[2025-06-17 03:49:31] local.INFO: Request Origin:   
[2025-06-17 03:49:31] local.INFO: Request Origin:   
[2025-06-17 03:49:32] local.INFO: Request Origin:   
[2025-06-17 03:49:32] local.INFO: Request Origin: http://localhost:3000  
[2025-06-17 03:49:36] local.INFO: Request Origin:   
[2025-06-17 03:49:39] local.INFO: Request Origin: http://localhost:3000  
[2025-06-17 03:49:39] local.INFO: Request Origin: http://localhost:3000  
[2025-06-17 03:49:47] local.INFO: Request Origin:   
[2025-06-17 03:49:47] local.INFO: Request Origin:   
[2025-06-17 03:49:47] local.INFO: Request Origin: http://localhost:3000  
[2025-06-17 03:49:51] local.INFO: Request Origin:   
[2025-06-17 03:49:51] local.INFO: Request Origin:   
[2025-06-17 03:49:51] local.INFO: Request Origin: http://localhost:3000  
[2025-06-17 03:49:52] local.INFO: Request Origin:   
[2025-06-17 03:49:52] local.INFO: Request Origin:   
[2025-06-17 03:49:52] local.INFO: Request Origin: http://localhost:3000  
[2025-06-17 03:49:53] local.INFO: Request Origin:   
[2025-06-17 03:49:53] local.INFO: Request Origin:   
[2025-06-17 03:49:53] local.INFO: Request Origin: http://localhost:3000  
[2025-06-17 03:49:55] local.INFO: Request Origin: http://localhost:3000  
[2025-06-17 03:49:55] local.INFO: Request Origin: http://localhost:3000  
[2025-06-17 03:50:03] local.INFO: Request Origin:   
[2025-06-17 03:50:03] local.INFO: Request Origin:   
[2025-06-17 03:50:03] local.INFO: Request Origin:   
[2025-06-17 03:50:04] local.INFO: Request Origin: http://localhost:3000  
[2025-06-17 03:50:05] local.INFO: Request Origin:   
[2025-06-17 03:50:05] local.INFO: Request Origin:   
[2025-06-17 03:50:05] local.INFO: Request Origin:   
[2025-06-17 03:50:05] local.INFO: Request Origin:   
[2025-06-17 03:50:06] local.INFO: Request Origin:   
[2025-06-17 03:50:06] local.INFO: Request Origin:   
[2025-06-17 03:50:06] local.INFO: Request Origin:   
[2025-06-17 03:50:06] local.INFO: Request Origin:   
[2025-06-17 03:50:07] local.INFO: Request Origin:   
[2025-06-17 03:50:07] local.INFO: Request Origin:   
[2025-06-17 03:50:07] local.INFO: Request Origin:   
[2025-06-17 03:50:07] local.INFO: Request Origin:   
[2025-06-17 03:50:07] local.INFO: Request Origin:   
[2025-06-17 03:50:08] local.INFO: Request Origin:   
[2025-06-17 03:50:08] local.INFO: Request Origin:   
[2025-06-17 03:50:08] local.INFO: Request Origin:   
[2025-06-17 03:50:08] local.INFO: Request Origin: http://localhost:3000  
[2025-06-17 03:50:08] local.INFO: Request Origin:   
[2025-06-17 03:50:11] local.INFO: Request Origin: http://localhost:3000  
[2025-06-17 03:50:14] local.INFO: Request Origin: http://localhost:3000  
[2025-06-17 03:50:15] local.INFO: Request Origin: http://localhost:3000  
[2025-06-17 03:50:17] local.INFO: Request Origin: http://localhost:3000  
[2025-06-17 03:50:19] local.INFO: Request Origin: http://localhost:3000  
[2025-06-17 03:50:21] local.INFO: Request Origin: http://localhost:3000  
[2025-06-17 03:50:21] local.INFO: Request Origin: http://localhost:3000  
[2025-06-17 03:50:23] local.INFO: Request Origin: http://localhost:3000  
[2025-06-17 03:50:24] local.INFO: Request Origin:   
[2025-06-17 03:50:25] local.INFO: Request Origin:   
[2025-06-17 03:50:25] local.INFO: Request Origin: http://localhost:3000  
[2025-06-17 03:50:25] local.INFO: Request Origin: http://localhost:3000  
[2025-06-17 03:50:28] local.INFO: Request Origin: http://localhost:3000  
[2025-06-17 03:50:35] local.INFO: Request Origin:   
[2025-06-17 03:50:50] local.INFO: Request Origin: http://localhost:3000  
[2025-06-17 03:50:50] local.INFO: Request Origin: http://localhost:3000  
[2025-06-17 03:50:53] local.INFO: Request Origin: http://localhost:3000  
[2025-06-17 03:50:55] local.INFO: Request Origin:   
[2025-06-17 03:50:55] local.INFO: Request Origin:   
[2025-06-17 03:51:06] local.INFO: Request Origin: http://localhost:3000  
[2025-06-17 03:51:10] local.INFO: Request Origin:   
[2025-06-17 03:51:13] local.INFO: Request Origin:   
[2025-06-17 03:51:15] local.INFO: Request Origin:   
[2025-06-17 03:52:55] local.INFO: Request Origin:   
[2025-06-17 03:53:05] local.INFO: Request Origin: http://localhost:3000  
[2025-06-17 03:53:06] local.INFO: Request Origin: http://localhost:3000  
[2025-06-17 03:53:08] local.INFO: Request Origin: http://localhost:3000  
[2025-06-17 03:53:12] local.INFO: Request Origin: http://localhost:3000  
[2025-06-17 03:53:12] local.INFO: Request Origin: http://localhost:3000  
[2025-06-17 03:53:14] local.INFO: Request Origin: http://localhost:3000  
[2025-06-17 03:53:19] local.INFO: Request Origin: http://localhost:3000  
[2025-06-17 03:53:20] local.INFO: Request Origin:   
[2025-06-17 03:53:20] local.INFO: Request Origin:   
[2025-06-17 03:53:20] local.INFO: Request Origin:   
[2025-06-17 03:53:20] local.INFO: Request Origin:   
[2025-06-17 03:53:21] local.INFO: Request Origin:   
[2025-06-17 03:53:21] local.INFO: Request Origin:   
[2025-06-17 03:53:21] local.INFO: Request Origin:   
[2025-06-17 03:53:21] local.INFO: Request Origin:   
[2025-06-17 03:53:22] local.INFO: Request Origin:   
[2025-06-17 03:53:22] local.INFO: Request Origin:   
[2025-06-17 03:53:22] local.INFO: Request Origin:   
[2025-06-17 03:53:22] local.INFO: Request Origin:   
[2025-06-17 03:53:22] local.INFO: Request Origin:   
[2025-06-17 03:53:23] local.INFO: Request Origin:   
[2025-06-17 03:53:23] local.INFO: Request Origin:   
[2025-06-17 03:53:23] local.INFO: Request Origin:   
[2025-06-17 03:53:23] local.INFO: Request Origin:   
[2025-06-17 03:53:24] local.INFO: Request Origin: http://localhost:3000  
[2025-06-17 03:53:47] local.INFO: Request Origin:   
[2025-06-17 03:53:51] local.INFO: Request Origin:   
[2025-06-17 03:53:52] local.INFO: Request Origin:   
[2025-06-17 03:53:52] local.INFO: Request Origin:   
[2025-06-17 03:53:52] local.INFO: Request Origin:   
[2025-06-17 03:53:52] local.INFO: Request Origin:   
[2025-06-17 03:53:52] local.INFO: Request Origin:   
[2025-06-17 03:53:54] local.INFO: Request Origin: http://localhost:3000  
[2025-06-17 03:53:55] local.INFO: Request Origin: http://localhost:3000  
[2025-06-17 03:53:55] local.INFO: Request Origin: http://localhost:3000  
[2025-06-17 03:53:57] local.INFO: Request Origin: http://localhost:3000  
[2025-06-17 03:53:59] local.INFO: Request Origin: http://localhost:3000  
[2025-06-17 03:53:59] local.INFO: Request Origin: http://localhost:3000  
[2025-06-17 03:54:08] local.INFO: Request Origin: http://localhost:3000  
[2025-06-17 03:54:19] local.INFO: Request Origin: http://localhost:3000  
[2025-06-17 03:54:19] local.INFO: Request Origin: http://localhost:3000  
[2025-06-17 03:54:34] local.INFO: Request Origin:   
[2025-06-17 03:54:34] local.INFO: Request Origin: http://localhost:3000  
[2025-06-17 03:54:37] local.INFO: Request Origin:   
[2025-06-17 03:54:37] local.INFO: Request Origin:   
[2025-06-17 03:54:38] local.INFO: Request Origin: http://localhost:3000  
[2025-06-17 03:54:39] local.INFO: Request Origin: http://localhost:3000  
[2025-06-17 03:55:36] local.INFO: Request Origin:   
[2025-06-17 03:56:07] local.INFO: Request Origin:   
[2025-06-17 03:56:12] local.INFO: Request Origin: http://localhost:3000  
[2025-06-17 03:56:17] local.INFO: Request Origin: http://localhost:3000  
[2025-06-17 03:56:17] local.INFO: Request Origin: http://localhost:3000  
[2025-06-17 03:56:30] local.INFO: Request Origin:   
[2025-06-17 03:57:12] local.INFO: Request Origin:   
[2025-06-17 03:57:12] local.INFO: Request Origin:   
[2025-06-17 03:57:12] local.INFO: Request Origin:   
[2025-06-17 03:57:12] local.INFO: Request Origin:   
[2025-06-17 03:57:12] local.INFO: Request Origin:   
[2025-06-17 03:57:12] local.INFO: Request Origin:   
[2025-06-17 03:57:12] local.INFO: Request Origin:   
[2025-06-17 03:57:12] local.INFO: Request Origin:   
[2025-06-17 03:57:12] local.INFO: Request Origin:   
[2025-06-17 03:57:14] local.INFO: Request Origin:   
[2025-06-17 03:57:14] local.INFO: Request Origin:   
[2025-06-17 03:57:14] local.INFO: Request Origin:   
[2025-06-17 03:57:14] local.INFO: Request Origin:   
[2025-06-17 03:57:14] local.INFO: Request Origin:   
[2025-06-17 03:57:14] local.INFO: Request Origin:   
[2025-06-17 03:57:14] local.INFO: Request Origin:   
[2025-06-17 03:57:14] local.INFO: Request Origin:   
[2025-06-17 03:57:15] local.INFO: Request Origin: http://localhost:3000  
[2025-06-17 03:57:15] local.INFO: Request Origin:   
[2025-06-17 03:57:15] local.INFO: Request Origin: http://localhost:3000  
[2025-06-17 03:57:33] local.INFO: Request Origin: http://localhost:3000  
[2025-06-17 03:57:34] local.INFO: Request Origin: http://localhost:3000  
[2025-06-17 03:57:34] local.INFO: Request Origin: http://localhost:3000  
[2025-06-17 03:57:36] local.INFO: Request Origin: http://localhost:3000  
[2025-06-17 03:57:37] local.INFO: Request Origin: http://localhost:3000  
[2025-06-17 03:57:37] local.INFO: Request Origin: http://localhost:3000  
[2025-06-17 03:57:38] local.INFO: Request Origin: http://localhost:3000  
[2025-06-17 03:57:40] local.INFO: Request Origin: http://localhost:3000  
[2025-06-17 03:57:40] local.INFO: Request Origin: http://localhost:3000  
[2025-06-17 03:57:41] local.INFO: Request Origin:   
[2025-06-17 03:57:41] local.INFO: Request Origin:   
[2025-06-17 03:57:41] local.INFO: Request Origin:   
[2025-06-17 03:57:41] local.INFO: Request Origin:   
[2025-06-17 03:57:41] local.INFO: Request Origin:   
[2025-06-17 03:57:41] local.INFO: Request Origin:   
[2025-06-17 03:57:41] local.INFO: Request Origin:   
[2025-06-17 03:57:42] local.INFO: Request Origin:   
[2025-06-17 03:57:42] local.INFO: Request Origin:   
[2025-06-17 03:57:43] local.INFO: Request Origin:   
[2025-06-17 03:57:43] local.INFO: Request Origin:   
[2025-06-17 03:57:43] local.INFO: Request Origin:   
[2025-06-17 03:57:43] local.INFO: Request Origin:   
[2025-06-17 03:57:43] local.INFO: Request Origin:   
[2025-06-17 03:57:43] local.INFO: Request Origin:   
[2025-06-17 03:57:44] local.INFO: Request Origin:   
[2025-06-17 03:57:44] local.INFO: Request Origin:   
[2025-06-17 03:57:44] local.INFO: Request Origin:   
[2025-06-17 03:57:44] local.INFO: Request Origin: http://localhost:3000  
[2025-06-17 03:57:44] local.INFO: Request Origin: http://localhost:3000  
[2025-06-17 03:57:48] local.INFO: Request Origin:   
[2025-06-17 03:58:02] local.INFO: Request Origin:   
[2025-06-17 03:58:04] local.INFO: Request Origin:   
[2025-06-17 03:58:06] local.INFO: Request Origin:   
[2025-06-17 03:58:30] local.INFO: Request Origin:   
[2025-06-17 03:58:30] local.INFO: Request Origin:   
[2025-06-17 03:58:30] local.INFO: Request Origin:   
[2025-06-17 03:58:30] local.INFO: Request Origin: http://localhost:3000  
[2025-06-17 03:58:34] local.INFO: Request Origin:   
[2025-06-17 03:58:34] local.INFO: Request Origin:   
[2025-06-17 03:58:35] local.INFO: Request Origin:   
[2025-06-17 03:58:37] local.INFO: Request Origin: http://localhost:3000  
[2025-06-17 04:00:06] local.INFO: Request Origin:   
[2025-06-17 04:00:33] local.INFO: Request Origin:   
[2025-06-17 04:00:33] local.INFO: Request Origin:   
[2025-06-17 04:00:33] local.INFO: Request Origin:   
[2025-06-17 04:00:33] local.INFO: Request Origin:   
[2025-06-17 04:00:33] local.INFO: Request Origin:   
[2025-06-17 04:00:33] local.INFO: Request Origin:   
[2025-06-17 04:00:34] local.INFO: Request Origin:   
[2025-06-17 04:00:35] local.INFO: Request Origin: http://localhost:3000  
[2025-06-17 04:00:44] local.INFO: Request Origin: http://localhost:3000  
[2025-06-17 04:00:45] local.INFO: Request Origin: http://localhost:3000  
[2025-06-17 04:00:53] local.INFO: Request Origin:   
[2025-06-17 04:00:53] local.INFO: Request Origin:   
[2025-06-17 04:00:54] local.INFO: Request Origin:   
[2025-06-17 04:00:54] local.INFO: Request Origin:   
[2025-06-17 04:00:54] local.INFO: Request Origin:   
[2025-06-17 04:00:54] local.INFO: Request Origin:   
[2025-06-17 04:00:54] local.INFO: Request Origin:   
[2025-06-17 04:00:54] local.INFO: Request Origin:   
[2025-06-17 04:00:54] local.INFO: Request Origin:   
[2025-06-17 04:00:56] local.INFO: Request Origin:   
[2025-06-17 04:00:56] local.INFO: Request Origin:   
[2025-06-17 04:00:56] local.INFO: Request Origin:   
[2025-06-17 04:00:56] local.INFO: Request Origin:   
[2025-06-17 04:00:56] local.INFO: Request Origin:   
[2025-06-17 04:00:56] local.INFO: Request Origin:   
[2025-06-17 04:00:56] local.INFO: Request Origin:   
[2025-06-17 04:00:56] local.INFO: Request Origin:   
[2025-06-17 04:00:56] local.INFO: Request Origin:   
[2025-06-17 04:00:57] local.INFO: Request Origin: http://localhost:3000  
[2025-06-17 04:00:57] local.INFO: Request Origin: http://localhost:3000  
[2025-06-17 04:01:56] local.INFO: Request Origin:   
[2025-06-17 04:02:15] local.INFO: Request Origin: http://localhost:3000  
[2025-06-17 04:02:17] local.INFO: Request Origin: http://localhost:3000  
[2025-06-17 04:02:20] local.INFO: Request Origin:   
[2025-06-17 04:02:42] local.INFO: Request Origin:   
[2025-06-17 04:02:48] local.INFO: Request Origin:   
[2025-06-17 04:02:48] local.INFO: Request Origin:   
[2025-06-17 04:02:48] local.INFO: Request Origin:   
[2025-06-17 04:02:48] local.INFO: Request Origin:   
[2025-06-17 04:02:48] local.INFO: Request Origin:   
[2025-06-17 04:02:48] local.INFO: Request Origin:   
[2025-06-17 04:02:48] local.INFO: Request Origin:   
[2025-06-17 04:02:50] local.INFO: Request Origin: http://localhost:3000  
[2025-06-17 04:02:54] local.INFO: Request Origin: http://localhost:3000  
[2025-06-17 04:02:54] local.INFO: Request Origin: http://localhost:3000  
[2025-06-17 04:02:57] local.INFO: Request Origin:   
[2025-06-17 04:02:57] local.INFO: Request Origin:   
[2025-06-17 04:02:57] local.INFO: Request Origin:   
[2025-06-17 04:02:57] local.INFO: Request Origin:   
[2025-06-17 04:02:57] local.INFO: Request Origin:   
[2025-06-17 04:02:57] local.INFO: Request Origin:   
[2025-06-17 04:02:57] local.INFO: Request Origin:   
[2025-06-17 04:02:57] local.INFO: Request Origin:   
[2025-06-17 04:02:58] local.INFO: Request Origin:   
[2025-06-17 04:02:59] local.INFO: Request Origin:   
[2025-06-17 04:02:59] local.INFO: Request Origin:   
[2025-06-17 04:02:59] local.INFO: Request Origin:   
[2025-06-17 04:02:59] local.INFO: Request Origin:   
[2025-06-17 04:02:59] local.INFO: Request Origin:   
[2025-06-17 04:02:59] local.INFO: Request Origin:   
[2025-06-17 04:02:59] local.INFO: Request Origin:   
[2025-06-17 04:03:00] local.INFO: Request Origin:   
[2025-06-17 04:03:00] local.INFO: Request Origin: http://localhost:3000  
[2025-06-17 04:03:00] local.INFO: Request Origin:   
[2025-06-17 04:03:00] local.INFO: Request Origin: http://localhost:3000  
[2025-06-17 04:05:12] local.INFO: Request Origin: http://localhost:3000  
[2025-06-17 04:05:12] local.INFO: Request Origin: http://localhost:3000  
[2025-06-17 04:05:22] local.INFO: Request Origin: http://localhost:3000  
[2025-06-17 04:05:25] local.INFO: Request Origin: http://localhost:3000  
[2025-06-17 04:05:25] local.INFO: Request Origin: http://localhost:3000  
[2025-06-17 04:05:47] local.INFO: Request Origin:   
[2025-06-17 04:05:53] local.INFO: Request Origin:   
[2025-06-17 04:05:53] local.INFO: Request Origin:   
[2025-06-17 04:05:53] local.INFO: Request Origin:   
[2025-06-17 04:05:53] local.INFO: Request Origin: http://localhost:3000  
[2025-06-17 04:05:56] local.INFO: Request Origin: http://localhost:3000  
[2025-06-17 04:05:56] local.INFO: Request Origin: http://localhost:3000  
[2025-06-17 04:05:58] local.INFO: Request Origin:   
[2025-06-17 04:05:58] local.INFO: Request Origin:   
[2025-06-17 04:05:58] local.INFO: Request Origin:   
[2025-06-17 04:05:58] local.INFO: Request Origin:   
[2025-06-17 04:05:59] local.INFO: Request Origin:   
[2025-06-17 04:05:59] local.INFO: Request Origin:   
[2025-06-17 04:05:59] local.INFO: Request Origin:   
[2025-06-17 04:05:59] local.INFO: Request Origin:   
[2025-06-17 04:05:59] local.INFO: Request Origin:   
[2025-06-17 04:06:00] local.INFO: Request Origin:   
[2025-06-17 04:06:00] local.INFO: Request Origin:   
[2025-06-17 04:06:00] local.INFO: Request Origin:   
[2025-06-17 04:06:01] local.INFO: Request Origin:   
[2025-06-17 04:06:01] local.INFO: Request Origin:   
[2025-06-17 04:06:01] local.INFO: Request Origin:   
[2025-06-17 04:06:01] local.INFO: Request Origin:   
[2025-06-17 04:06:01] local.INFO: Request Origin:   
[2025-06-17 04:06:01] local.INFO: Request Origin:   
[2025-06-17 04:06:01] local.INFO: Request Origin: http://localhost:3000  
[2025-06-17 04:06:02] local.INFO: Request Origin: http://localhost:3000  
[2025-06-17 04:07:19] local.INFO: Request Origin: http://localhost:3000  
[2025-06-17 04:07:19] local.INFO: Request Origin: http://localhost:3000  
[2025-06-17 04:07:23] local.INFO: Request Origin: http://localhost:3000  
[2025-06-17 04:07:25] local.INFO: Request Origin: http://localhost:3000  
[2025-06-17 04:07:25] local.INFO: Request Origin: http://localhost:3000  
[2025-06-17 04:07:27] local.INFO: Request Origin: http://localhost:3000  
[2025-06-17 04:07:29] local.INFO: Request Origin: http://localhost:3000  
[2025-06-17 04:07:29] local.INFO: Request Origin: http://localhost:3000  
[2025-06-17 04:07:30] local.INFO: Request Origin: http://localhost:3000  
[2025-06-17 04:10:10] local.ERROR: SQLSTATE[26000]: Invalid sql statement name: 7 ERROR:  prepared statement "pdo_stmt_00000001" does not exist (Connection: pgsql, SQL: select exists (select 1 from pg_class c, pg_namespace n where n.nspname = 'public' and c.relname = 'migrations' and c.relkind in ('r', 'p') and n.oid = c.relnamespace)) {"exception":"[object] (Illuminate\\Database\\QueryException(code: 26000): SQLSTATE[26000]: Invalid sql statement name: 7 ERROR:  prepared statement \"pdo_stmt_00000001\" does not exist (Connection: pgsql, SQL: select exists (select 1 from pg_class c, pg_namespace n where n.nspname = 'public' and c.relname = 'migrations' and c.relkind in ('r', 'p') and n.oid = c.relnamespace)) at /home/winston/Documents/projects/laravel-article-cms-Rest-API/vendor/laravel/framework/src/Illuminate/Database/Connection.php:825)
[stacktrace]
#0 /home/winston/Documents/projects/laravel-article-cms-Rest-API/vendor/laravel/framework/src/Illuminate/Database/Connection.php(779): Illuminate\\Database\\Connection->runQueryCallback()
#1 /home/winston/Documents/projects/laravel-article-cms-Rest-API/vendor/laravel/framework/src/Illuminate/Database/Connection.php(398): Illuminate\\Database\\Connection->run()
#2 /home/winston/Documents/projects/laravel-article-cms-Rest-API/vendor/laravel/framework/src/Illuminate/Database/Connection.php(344): Illuminate\\Database\\Connection->select()
#3 /home/winston/Documents/projects/laravel-article-cms-Rest-API/vendor/laravel/framework/src/Illuminate/Database/Connection.php(361): Illuminate\\Database\\Connection->selectOne()
#4 /home/winston/Documents/projects/laravel-article-cms-Rest-API/vendor/laravel/framework/src/Illuminate/Database/Schema/PostgresBuilder.php(52): Illuminate\\Database\\Connection->scalar()
#5 /home/winston/Documents/projects/laravel-article-cms-Rest-API/vendor/laravel/framework/src/Illuminate/Database/Migrations/DatabaseMigrationRepository.php(184): Illuminate\\Database\\Schema\\PostgresBuilder->hasTable()
#6 /home/winston/Documents/projects/laravel-article-cms-Rest-API/vendor/laravel/framework/src/Illuminate/Database/Migrations/Migrator.php(742): Illuminate\\Database\\Migrations\\DatabaseMigrationRepository->repositoryExists()
#7 /home/winston/Documents/projects/laravel-article-cms-Rest-API/vendor/laravel/framework/src/Illuminate/Database/Console/Migrations/FreshCommand.php(68): Illuminate\\Database\\Migrations\\Migrator->repositoryExists()
#8 /home/winston/Documents/projects/laravel-article-cms-Rest-API/vendor/laravel/framework/src/Illuminate/Database/Migrations/Migrator.php(658): Illuminate\\Database\\Console\\Migrations\\FreshCommand->{closure:Illuminate\\Database\\Console\\Migrations\\FreshCommand::handle():67}()
#9 /home/winston/Documents/projects/laravel-article-cms-Rest-API/vendor/laravel/framework/src/Illuminate/Database/Console/Migrations/FreshCommand.php(67): Illuminate\\Database\\Migrations\\Migrator->usingConnection()
#10 /home/winston/Documents/projects/laravel-article-cms-Rest-API/vendor/laravel/framework/src/Illuminate/Container/BoundMethod.php(36): Illuminate\\Database\\Console\\Migrations\\FreshCommand->handle()
#11 /home/winston/Documents/projects/laravel-article-cms-Rest-API/vendor/laravel/framework/src/Illuminate/Container/Util.php(43): Illuminate\\Container\\BoundMethod::{closure:Illuminate\\Container\\BoundMethod::call():35}()
#12 /home/winston/Documents/projects/laravel-article-cms-Rest-API/vendor/laravel/framework/src/Illuminate/Container/BoundMethod.php(95): Illuminate\\Container\\Util::unwrapIfClosure()
#13 /home/winston/Documents/projects/laravel-article-cms-Rest-API/vendor/laravel/framework/src/Illuminate/Container/BoundMethod.php(35): Illuminate\\Container\\BoundMethod::callBoundMethod()
#14 /home/winston/Documents/projects/laravel-article-cms-Rest-API/vendor/laravel/framework/src/Illuminate/Container/Container.php(696): Illuminate\\Container\\BoundMethod::call()
#15 /home/winston/Documents/projects/laravel-article-cms-Rest-API/vendor/laravel/framework/src/Illuminate/Console/Command.php(213): Illuminate\\Container\\Container->call()
#16 /home/winston/Documents/projects/laravel-article-cms-Rest-API/vendor/symfony/console/Command/Command.php(318): Illuminate\\Console\\Command->execute()
#17 /home/winston/Documents/projects/laravel-article-cms-Rest-API/vendor/laravel/framework/src/Illuminate/Console/Command.php(182): Symfony\\Component\\Console\\Command\\Command->run()
#18 /home/winston/Documents/projects/laravel-article-cms-Rest-API/vendor/symfony/console/Application.php(1092): Illuminate\\Console\\Command->run()
#19 /home/winston/Documents/projects/laravel-article-cms-Rest-API/vendor/symfony/console/Application.php(341): Symfony\\Component\\Console\\Application->doRunCommand()
#20 /home/winston/Documents/projects/laravel-article-cms-Rest-API/vendor/symfony/console/Application.php(192): Symfony\\Component\\Console\\Application->doRun()
#21 /home/winston/Documents/projects/laravel-article-cms-Rest-API/vendor/laravel/framework/src/Illuminate/Foundation/Console/Kernel.php(198): Symfony\\Component\\Console\\Application->run()
#22 /home/winston/Documents/projects/laravel-article-cms-Rest-API/vendor/laravel/framework/src/Illuminate/Foundation/Application.php(1235): Illuminate\\Foundation\\Console\\Kernel->handle()
#23 /home/winston/Documents/projects/laravel-article-cms-Rest-API/artisan(13): Illuminate\\Foundation\\Application->handleCommand()
#24 {main}

[previous exception] [object] (PDOException(code: 26000): SQLSTATE[26000]: Invalid sql statement name: 7 ERROR:  prepared statement \"pdo_stmt_00000001\" does not exist at /home/winston/Documents/projects/laravel-article-cms-Rest-API/vendor/laravel/framework/src/Illuminate/Database/Connectors/PostgresConnector.php:159)
[stacktrace]
#0 /home/winston/Documents/projects/laravel-article-cms-Rest-API/vendor/laravel/framework/src/Illuminate/Database/Connectors/PostgresConnector.php(159): PDOStatement->execute()
#1 /home/winston/Documents/projects/laravel-article-cms-Rest-API/vendor/laravel/framework/src/Illuminate/Database/Connectors/PostgresConnector.php(46): Illuminate\\Database\\Connectors\\PostgresConnector->configureSearchPath()
#2 /home/winston/Documents/projects/laravel-article-cms-Rest-API/vendor/laravel/framework/src/Illuminate/Database/Connectors/ConnectionFactory.php(185): Illuminate\\Database\\Connectors\\PostgresConnector->connect()
#3 [internal function]: Illuminate\\Database\\Connectors\\ConnectionFactory->{closure:Illuminate\\Database\\Connectors\\ConnectionFactory::createPdoResolverWithHosts():180}()
#4 /home/winston/Documents/projects/laravel-article-cms-Rest-API/vendor/laravel/framework/src/Illuminate/Database/Connection.php(1231): call_user_func()
#5 /home/winston/Documents/projects/laravel-article-cms-Rest-API/vendor/laravel/framework/src/Illuminate/Database/Connection.php(1267): Illuminate\\Database\\Connection->getPdo()
#6 /home/winston/Documents/projects/laravel-article-cms-Rest-API/vendor/laravel/framework/src/Illuminate/Database/Connection.php(512): Illuminate\\Database\\Connection->getReadPdo()
#7 /home/winston/Documents/projects/laravel-article-cms-Rest-API/vendor/laravel/framework/src/Illuminate/Database/Connection.php(407): Illuminate\\Database\\Connection->getPdoForSelect()
#8 /home/winston/Documents/projects/laravel-article-cms-Rest-API/vendor/laravel/framework/src/Illuminate/Database/Connection.php(812): Illuminate\\Database\\Connection->{closure:Illuminate\\Database\\Connection::select():398}()
#9 /home/winston/Documents/projects/laravel-article-cms-Rest-API/vendor/laravel/framework/src/Illuminate/Database/Connection.php(779): Illuminate\\Database\\Connection->runQueryCallback()
#10 /home/winston/Documents/projects/laravel-article-cms-Rest-API/vendor/laravel/framework/src/Illuminate/Database/Connection.php(398): Illuminate\\Database\\Connection->run()
#11 /home/winston/Documents/projects/laravel-article-cms-Rest-API/vendor/laravel/framework/src/Illuminate/Database/Connection.php(344): Illuminate\\Database\\Connection->select()
#12 /home/winston/Documents/projects/laravel-article-cms-Rest-API/vendor/laravel/framework/src/Illuminate/Database/Connection.php(361): Illuminate\\Database\\Connection->selectOne()
#13 /home/winston/Documents/projects/laravel-article-cms-Rest-API/vendor/laravel/framework/src/Illuminate/Database/Schema/PostgresBuilder.php(52): Illuminate\\Database\\Connection->scalar()
#14 /home/winston/Documents/projects/laravel-article-cms-Rest-API/vendor/laravel/framework/src/Illuminate/Database/Migrations/DatabaseMigrationRepository.php(184): Illuminate\\Database\\Schema\\PostgresBuilder->hasTable()
#15 /home/winston/Documents/projects/laravel-article-cms-Rest-API/vendor/laravel/framework/src/Illuminate/Database/Migrations/Migrator.php(742): Illuminate\\Database\\Migrations\\DatabaseMigrationRepository->repositoryExists()
#16 /home/winston/Documents/projects/laravel-article-cms-Rest-API/vendor/laravel/framework/src/Illuminate/Database/Console/Migrations/FreshCommand.php(68): Illuminate\\Database\\Migrations\\Migrator->repositoryExists()
#17 /home/winston/Documents/projects/laravel-article-cms-Rest-API/vendor/laravel/framework/src/Illuminate/Database/Migrations/Migrator.php(658): Illuminate\\Database\\Console\\Migrations\\FreshCommand->{closure:Illuminate\\Database\\Console\\Migrations\\FreshCommand::handle():67}()
#18 /home/winston/Documents/projects/laravel-article-cms-Rest-API/vendor/laravel/framework/src/Illuminate/Database/Console/Migrations/FreshCommand.php(67): Illuminate\\Database\\Migrations\\Migrator->usingConnection()
#19 /home/winston/Documents/projects/laravel-article-cms-Rest-API/vendor/laravel/framework/src/Illuminate/Container/BoundMethod.php(36): Illuminate\\Database\\Console\\Migrations\\FreshCommand->handle()
#20 /home/winston/Documents/projects/laravel-article-cms-Rest-API/vendor/laravel/framework/src/Illuminate/Container/Util.php(43): Illuminate\\Container\\BoundMethod::{closure:Illuminate\\Container\\BoundMethod::call():35}()
#21 /home/winston/Documents/projects/laravel-article-cms-Rest-API/vendor/laravel/framework/src/Illuminate/Container/BoundMethod.php(95): Illuminate\\Container\\Util::unwrapIfClosure()
#22 /home/winston/Documents/projects/laravel-article-cms-Rest-API/vendor/laravel/framework/src/Illuminate/Container/BoundMethod.php(35): Illuminate\\Container\\BoundMethod::callBoundMethod()
#23 /home/winston/Documents/projects/laravel-article-cms-Rest-API/vendor/laravel/framework/src/Illuminate/Container/Container.php(696): Illuminate\\Container\\BoundMethod::call()
#24 /home/winston/Documents/projects/laravel-article-cms-Rest-API/vendor/laravel/framework/src/Illuminate/Console/Command.php(213): Illuminate\\Container\\Container->call()
#25 /home/winston/Documents/projects/laravel-article-cms-Rest-API/vendor/symfony/console/Command/Command.php(318): Illuminate\\Console\\Command->execute()
#26 /home/winston/Documents/projects/laravel-article-cms-Rest-API/vendor/laravel/framework/src/Illuminate/Console/Command.php(182): Symfony\\Component\\Console\\Command\\Command->run()
#27 /home/winston/Documents/projects/laravel-article-cms-Rest-API/vendor/symfony/console/Application.php(1092): Illuminate\\Console\\Command->run()
#28 /home/winston/Documents/projects/laravel-article-cms-Rest-API/vendor/symfony/console/Application.php(341): Symfony\\Component\\Console\\Application->doRunCommand()
#29 /home/winston/Documents/projects/laravel-article-cms-Rest-API/vendor/symfony/console/Application.php(192): Symfony\\Component\\Console\\Application->doRun()
#30 /home/winston/Documents/projects/laravel-article-cms-Rest-API/vendor/laravel/framework/src/Illuminate/Foundation/Console/Kernel.php(198): Symfony\\Component\\Console\\Application->run()
#31 /home/winston/Documents/projects/laravel-article-cms-Rest-API/vendor/laravel/framework/src/Illuminate/Foundation/Application.php(1235): Illuminate\\Foundation\\Console\\Kernel->handle()
#32 /home/winston/Documents/projects/laravel-article-cms-Rest-API/artisan(13): Illuminate\\Foundation\\Application->handleCommand()
#33 {main}
"} 
[2025-06-17 04:11:01] local.ERROR: SQLSTATE[26000]: Invalid sql statement name: 7 ERROR:  prepared statement "pdo_stmt_00000003" does not exist (Connection: pgsql, SQL: select c.relname as name, n.nspname as schema, pg_total_relation_size(c.oid) as size, obj_description(c.oid, 'pg_class') as comment from pg_class c, pg_namespace n where c.relkind in ('r', 'p') and n.oid = c.relnamespace and n.nspname not in ('pg_catalog', 'information_schema') order by c.relname) {"exception":"[object] (Illuminate\\Database\\QueryException(code: 26000): SQLSTATE[26000]: Invalid sql statement name: 7 ERROR:  prepared statement \"pdo_stmt_00000003\" does not exist (Connection: pgsql, SQL: select c.relname as name, n.nspname as schema, pg_total_relation_size(c.oid) as size, obj_description(c.oid, 'pg_class') as comment from pg_class c, pg_namespace n where c.relkind in ('r', 'p') and n.oid = c.relnamespace and n.nspname not in ('pg_catalog', 'information_schema') order by c.relname) at /home/winston/Documents/projects/laravel-article-cms-Rest-API/vendor/laravel/framework/src/Illuminate/Database/Connection.php:825)
[stacktrace]
#0 /home/winston/Documents/projects/laravel-article-cms-Rest-API/vendor/laravel/framework/src/Illuminate/Database/Connection.php(779): Illuminate\\Database\\Connection->runQueryCallback()
#1 /home/winston/Documents/projects/laravel-article-cms-Rest-API/vendor/laravel/framework/src/Illuminate/Database/Connection.php(398): Illuminate\\Database\\Connection->run()
#2 /home/winston/Documents/projects/laravel-article-cms-Rest-API/vendor/laravel/framework/src/Illuminate/Database/Connection.php(385): Illuminate\\Database\\Connection->select()
#3 /home/winston/Documents/projects/laravel-article-cms-Rest-API/vendor/laravel/framework/src/Illuminate/Database/Schema/Builder.php(183): Illuminate\\Database\\Connection->selectFromWriteConnection()
#4 /home/winston/Documents/projects/laravel-article-cms-Rest-API/vendor/laravel/framework/src/Illuminate/Database/Schema/PostgresBuilder.php(104): Illuminate\\Database\\Schema\\Builder->getTables()
#5 /home/winston/Documents/projects/laravel-article-cms-Rest-API/vendor/laravel/framework/src/Illuminate/Database/Console/WipeCommand.php(73): Illuminate\\Database\\Schema\\PostgresBuilder->dropAllTables()
#6 /home/winston/Documents/projects/laravel-article-cms-Rest-API/vendor/laravel/framework/src/Illuminate/Database/Console/WipeCommand.php(50): Illuminate\\Database\\Console\\WipeCommand->dropAllTables()
#7 /home/winston/Documents/projects/laravel-article-cms-Rest-API/vendor/laravel/framework/src/Illuminate/Container/BoundMethod.php(36): Illuminate\\Database\\Console\\WipeCommand->handle()
#8 /home/winston/Documents/projects/laravel-article-cms-Rest-API/vendor/laravel/framework/src/Illuminate/Container/Util.php(43): Illuminate\\Container\\BoundMethod::{closure:Illuminate\\Container\\BoundMethod::call():35}()
#9 /home/winston/Documents/projects/laravel-article-cms-Rest-API/vendor/laravel/framework/src/Illuminate/Container/BoundMethod.php(95): Illuminate\\Container\\Util::unwrapIfClosure()
#10 /home/winston/Documents/projects/laravel-article-cms-Rest-API/vendor/laravel/framework/src/Illuminate/Container/BoundMethod.php(35): Illuminate\\Container\\BoundMethod::callBoundMethod()
#11 /home/winston/Documents/projects/laravel-article-cms-Rest-API/vendor/laravel/framework/src/Illuminate/Container/Container.php(696): Illuminate\\Container\\BoundMethod::call()
#12 /home/winston/Documents/projects/laravel-article-cms-Rest-API/vendor/laravel/framework/src/Illuminate/Console/Command.php(213): Illuminate\\Container\\Container->call()
#13 /home/winston/Documents/projects/laravel-article-cms-Rest-API/vendor/symfony/console/Command/Command.php(318): Illuminate\\Console\\Command->execute()
#14 /home/winston/Documents/projects/laravel-article-cms-Rest-API/vendor/laravel/framework/src/Illuminate/Console/Command.php(182): Symfony\\Component\\Console\\Command\\Command->run()
#15 /home/winston/Documents/projects/laravel-article-cms-Rest-API/vendor/laravel/framework/src/Illuminate/Console/Concerns/CallsCommands.php(68): Illuminate\\Console\\Command->run()
#16 /home/winston/Documents/projects/laravel-article-cms-Rest-API/vendor/laravel/framework/src/Illuminate/Console/Concerns/CallsCommands.php(41): Illuminate\\Console\\Command->runCommand()
#17 /home/winston/Documents/projects/laravel-article-cms-Rest-API/vendor/laravel/framework/src/Illuminate/Database/Console/Migrations/FreshCommand.php(71): Illuminate\\Console\\Command->callSilent()
#18 /home/winston/Documents/projects/laravel-article-cms-Rest-API/vendor/laravel/framework/src/Illuminate/Console/View/Components/Task.php(40): Illuminate\\Database\\Console\\Migrations\\FreshCommand->{closure:{closure:Illuminate\\Database\\Console\\Migrations\\FreshCommand::handle():67}:71}()
#19 /home/winston/Documents/projects/laravel-article-cms-Rest-API/vendor/laravel/framework/src/Illuminate/Console/View/Components/Factory.php(60): Illuminate\\Console\\View\\Components\\Task->render()
#20 /home/winston/Documents/projects/laravel-article-cms-Rest-API/vendor/laravel/framework/src/Illuminate/Database/Console/Migrations/FreshCommand.php(71): Illuminate\\Console\\View\\Components\\Factory->__call()
#21 /home/winston/Documents/projects/laravel-article-cms-Rest-API/vendor/laravel/framework/src/Illuminate/Database/Migrations/Migrator.php(658): Illuminate\\Database\\Console\\Migrations\\FreshCommand->{closure:Illuminate\\Database\\Console\\Migrations\\FreshCommand::handle():67}()
#22 /home/winston/Documents/projects/laravel-article-cms-Rest-API/vendor/laravel/framework/src/Illuminate/Database/Console/Migrations/FreshCommand.php(67): Illuminate\\Database\\Migrations\\Migrator->usingConnection()
#23 /home/winston/Documents/projects/laravel-article-cms-Rest-API/vendor/laravel/framework/src/Illuminate/Container/BoundMethod.php(36): Illuminate\\Database\\Console\\Migrations\\FreshCommand->handle()
#24 /home/winston/Documents/projects/laravel-article-cms-Rest-API/vendor/laravel/framework/src/Illuminate/Container/Util.php(43): Illuminate\\Container\\BoundMethod::{closure:Illuminate\\Container\\BoundMethod::call():35}()
#25 /home/winston/Documents/projects/laravel-article-cms-Rest-API/vendor/laravel/framework/src/Illuminate/Container/BoundMethod.php(95): Illuminate\\Container\\Util::unwrapIfClosure()
#26 /home/winston/Documents/projects/laravel-article-cms-Rest-API/vendor/laravel/framework/src/Illuminate/Container/BoundMethod.php(35): Illuminate\\Container\\BoundMethod::callBoundMethod()
#27 /home/winston/Documents/projects/laravel-article-cms-Rest-API/vendor/laravel/framework/src/Illuminate/Container/Container.php(696): Illuminate\\Container\\BoundMethod::call()
#28 /home/winston/Documents/projects/laravel-article-cms-Rest-API/vendor/laravel/framework/src/Illuminate/Console/Command.php(213): Illuminate\\Container\\Container->call()
#29 /home/winston/Documents/projects/laravel-article-cms-Rest-API/vendor/symfony/console/Command/Command.php(318): Illuminate\\Console\\Command->execute()
#30 /home/winston/Documents/projects/laravel-article-cms-Rest-API/vendor/laravel/framework/src/Illuminate/Console/Command.php(182): Symfony\\Component\\Console\\Command\\Command->run()
#31 /home/winston/Documents/projects/laravel-article-cms-Rest-API/vendor/symfony/console/Application.php(1092): Illuminate\\Console\\Command->run()
#32 /home/winston/Documents/projects/laravel-article-cms-Rest-API/vendor/symfony/console/Application.php(341): Symfony\\Component\\Console\\Application->doRunCommand()
#33 /home/winston/Documents/projects/laravel-article-cms-Rest-API/vendor/symfony/console/Application.php(192): Symfony\\Component\\Console\\Application->doRun()
#34 /home/winston/Documents/projects/laravel-article-cms-Rest-API/vendor/laravel/framework/src/Illuminate/Foundation/Console/Kernel.php(198): Symfony\\Component\\Console\\Application->run()
#35 /home/winston/Documents/projects/laravel-article-cms-Rest-API/vendor/laravel/framework/src/Illuminate/Foundation/Application.php(1235): Illuminate\\Foundation\\Console\\Kernel->handle()
#36 /home/winston/Documents/projects/laravel-article-cms-Rest-API/artisan(13): Illuminate\\Foundation\\Application->handleCommand()
#37 {main}

[previous exception] [object] (PDOException(code: 26000): SQLSTATE[26000]: Invalid sql statement name: 7 ERROR:  prepared statement \"pdo_stmt_00000003\" does not exist at /home/winston/Documents/projects/laravel-article-cms-Rest-API/vendor/laravel/framework/src/Illuminate/Database/Connection.php:412)
[stacktrace]
#0 /home/winston/Documents/projects/laravel-article-cms-Rest-API/vendor/laravel/framework/src/Illuminate/Database/Connection.php(412): PDOStatement->execute()
#1 /home/winston/Documents/projects/laravel-article-cms-Rest-API/vendor/laravel/framework/src/Illuminate/Database/Connection.php(812): Illuminate\\Database\\Connection->{closure:Illuminate\\Database\\Connection::select():398}()
#2 /home/winston/Documents/projects/laravel-article-cms-Rest-API/vendor/laravel/framework/src/Illuminate/Database/Connection.php(779): Illuminate\\Database\\Connection->runQueryCallback()
#3 /home/winston/Documents/projects/laravel-article-cms-Rest-API/vendor/laravel/framework/src/Illuminate/Database/Connection.php(398): Illuminate\\Database\\Connection->run()
#4 /home/winston/Documents/projects/laravel-article-cms-Rest-API/vendor/laravel/framework/src/Illuminate/Database/Connection.php(385): Illuminate\\Database\\Connection->select()
#5 /home/winston/Documents/projects/laravel-article-cms-Rest-API/vendor/laravel/framework/src/Illuminate/Database/Schema/Builder.php(183): Illuminate\\Database\\Connection->selectFromWriteConnection()
#6 /home/winston/Documents/projects/laravel-article-cms-Rest-API/vendor/laravel/framework/src/Illuminate/Database/Schema/PostgresBuilder.php(104): Illuminate\\Database\\Schema\\Builder->getTables()
#7 /home/winston/Documents/projects/laravel-article-cms-Rest-API/vendor/laravel/framework/src/Illuminate/Database/Console/WipeCommand.php(73): Illuminate\\Database\\Schema\\PostgresBuilder->dropAllTables()
#8 /home/winston/Documents/projects/laravel-article-cms-Rest-API/vendor/laravel/framework/src/Illuminate/Database/Console/WipeCommand.php(50): Illuminate\\Database\\Console\\WipeCommand->dropAllTables()
#9 /home/winston/Documents/projects/laravel-article-cms-Rest-API/vendor/laravel/framework/src/Illuminate/Container/BoundMethod.php(36): Illuminate\\Database\\Console\\WipeCommand->handle()
#10 /home/winston/Documents/projects/laravel-article-cms-Rest-API/vendor/laravel/framework/src/Illuminate/Container/Util.php(43): Illuminate\\Container\\BoundMethod::{closure:Illuminate\\Container\\BoundMethod::call():35}()
#11 /home/winston/Documents/projects/laravel-article-cms-Rest-API/vendor/laravel/framework/src/Illuminate/Container/BoundMethod.php(95): Illuminate\\Container\\Util::unwrapIfClosure()
#12 /home/winston/Documents/projects/laravel-article-cms-Rest-API/vendor/laravel/framework/src/Illuminate/Container/BoundMethod.php(35): Illuminate\\Container\\BoundMethod::callBoundMethod()
#13 /home/winston/Documents/projects/laravel-article-cms-Rest-API/vendor/laravel/framework/src/Illuminate/Container/Container.php(696): Illuminate\\Container\\BoundMethod::call()
#14 /home/winston/Documents/projects/laravel-article-cms-Rest-API/vendor/laravel/framework/src/Illuminate/Console/Command.php(213): Illuminate\\Container\\Container->call()
#15 /home/winston/Documents/projects/laravel-article-cms-Rest-API/vendor/symfony/console/Command/Command.php(318): Illuminate\\Console\\Command->execute()
#16 /home/winston/Documents/projects/laravel-article-cms-Rest-API/vendor/laravel/framework/src/Illuminate/Console/Command.php(182): Symfony\\Component\\Console\\Command\\Command->run()
#17 /home/winston/Documents/projects/laravel-article-cms-Rest-API/vendor/laravel/framework/src/Illuminate/Console/Concerns/CallsCommands.php(68): Illuminate\\Console\\Command->run()
#18 /home/winston/Documents/projects/laravel-article-cms-Rest-API/vendor/laravel/framework/src/Illuminate/Console/Concerns/CallsCommands.php(41): Illuminate\\Console\\Command->runCommand()
#19 /home/winston/Documents/projects/laravel-article-cms-Rest-API/vendor/laravel/framework/src/Illuminate/Database/Console/Migrations/FreshCommand.php(71): Illuminate\\Console\\Command->callSilent()
#20 /home/winston/Documents/projects/laravel-article-cms-Rest-API/vendor/laravel/framework/src/Illuminate/Console/View/Components/Task.php(40): Illuminate\\Database\\Console\\Migrations\\FreshCommand->{closure:{closure:Illuminate\\Database\\Console\\Migrations\\FreshCommand::handle():67}:71}()
#21 /home/winston/Documents/projects/laravel-article-cms-Rest-API/vendor/laravel/framework/src/Illuminate/Console/View/Components/Factory.php(60): Illuminate\\Console\\View\\Components\\Task->render()
#22 /home/winston/Documents/projects/laravel-article-cms-Rest-API/vendor/laravel/framework/src/Illuminate/Database/Console/Migrations/FreshCommand.php(71): Illuminate\\Console\\View\\Components\\Factory->__call()
#23 /home/winston/Documents/projects/laravel-article-cms-Rest-API/vendor/laravel/framework/src/Illuminate/Database/Migrations/Migrator.php(658): Illuminate\\Database\\Console\\Migrations\\FreshCommand->{closure:Illuminate\\Database\\Console\\Migrations\\FreshCommand::handle():67}()
#24 /home/winston/Documents/projects/laravel-article-cms-Rest-API/vendor/laravel/framework/src/Illuminate/Database/Console/Migrations/FreshCommand.php(67): Illuminate\\Database\\Migrations\\Migrator->usingConnection()
#25 /home/winston/Documents/projects/laravel-article-cms-Rest-API/vendor/laravel/framework/src/Illuminate/Container/BoundMethod.php(36): Illuminate\\Database\\Console\\Migrations\\FreshCommand->handle()
#26 /home/winston/Documents/projects/laravel-article-cms-Rest-API/vendor/laravel/framework/src/Illuminate/Container/Util.php(43): Illuminate\\Container\\BoundMethod::{closure:Illuminate\\Container\\BoundMethod::call():35}()
#27 /home/winston/Documents/projects/laravel-article-cms-Rest-API/vendor/laravel/framework/src/Illuminate/Container/BoundMethod.php(95): Illuminate\\Container\\Util::unwrapIfClosure()
#28 /home/winston/Documents/projects/laravel-article-cms-Rest-API/vendor/laravel/framework/src/Illuminate/Container/BoundMethod.php(35): Illuminate\\Container\\BoundMethod::callBoundMethod()
#29 /home/winston/Documents/projects/laravel-article-cms-Rest-API/vendor/laravel/framework/src/Illuminate/Container/Container.php(696): Illuminate\\Container\\BoundMethod::call()
#30 /home/winston/Documents/projects/laravel-article-cms-Rest-API/vendor/laravel/framework/src/Illuminate/Console/Command.php(213): Illuminate\\Container\\Container->call()
#31 /home/winston/Documents/projects/laravel-article-cms-Rest-API/vendor/symfony/console/Command/Command.php(318): Illuminate\\Console\\Command->execute()
#32 /home/winston/Documents/projects/laravel-article-cms-Rest-API/vendor/laravel/framework/src/Illuminate/Console/Command.php(182): Symfony\\Component\\Console\\Command\\Command->run()
#33 /home/winston/Documents/projects/laravel-article-cms-Rest-API/vendor/symfony/console/Application.php(1092): Illuminate\\Console\\Command->run()
#34 /home/winston/Documents/projects/laravel-article-cms-Rest-API/vendor/symfony/console/Application.php(341): Symfony\\Component\\Console\\Application->doRunCommand()
#35 /home/winston/Documents/projects/laravel-article-cms-Rest-API/vendor/symfony/console/Application.php(192): Symfony\\Component\\Console\\Application->doRun()
#36 /home/winston/Documents/projects/laravel-article-cms-Rest-API/vendor/laravel/framework/src/Illuminate/Foundation/Console/Kernel.php(198): Symfony\\Component\\Console\\Application->run()
#37 /home/winston/Documents/projects/laravel-article-cms-Rest-API/vendor/laravel/framework/src/Illuminate/Foundation/Application.php(1235): Illuminate\\Foundation\\Console\\Kernel->handle()
#38 /home/winston/Documents/projects/laravel-article-cms-Rest-API/artisan(13): Illuminate\\Foundation\\Application->handleCommand()
#39 {main}
"} 
[2025-06-17 05:04:36] local.INFO: Request Origin: http://localhost:3000  
[2025-06-17 05:06:52] local.INFO: Request Origin:   
[2025-06-17 05:06:52] local.INFO: Request Origin:   
[2025-06-17 05:06:52] local.INFO: Request Origin:   
[2025-06-17 05:06:52] local.INFO: Request Origin:   
[2025-06-17 05:06:52] local.INFO: Request Origin:   
[2025-06-17 05:06:53] local.INFO: Request Origin:   
[2025-06-17 05:06:53] local.INFO: Request Origin:   
[2025-06-17 05:06:53] local.INFO: Request Origin:   
[2025-06-17 05:06:53] local.INFO: Request Origin:   
[2025-06-17 05:06:53] local.INFO: Request Origin:   
[2025-06-17 05:06:53] local.INFO: Request Origin:   
[2025-06-17 05:06:53] local.INFO: Request Origin:   
[2025-06-17 05:06:53] local.INFO: Request Origin:   
[2025-06-17 05:06:53] local.INFO: Request Origin:   
[2025-06-17 05:06:53] local.INFO: Request Origin:   
[2025-06-17 05:06:54] local.INFO: Request Origin:   
[2025-06-17 05:06:54] local.INFO: Request Origin:   
[2025-06-17 05:06:54] local.INFO: Request Origin:   
[2025-06-17 05:14:01] local.INFO: Request Origin:   
[2025-06-17 05:14:01] local.INFO: Request Origin:   
[2025-06-17 05:17:43] local.INFO: Request Origin:   
[2025-06-17 05:17:44] local.INFO: Request Origin:   
[2025-06-17 05:17:44] local.INFO: Request Origin: http://localhost:3000  
[2025-06-17 05:21:00] local.INFO: Request Origin: http://localhost:3000  
